folder,placement,rate,split,n,mean_abs_error,max_abs_error,spearman_smoothed_confidence,spearman_psu,spearman_psu_vs_confidence
swin_cifar100_adaptive_blend_0_01,final_norm_out_gain_scale,0.25,clean,8000,0.0011224124705819397,0.04642082868291253,0.9985130848222253,0.993409281008472,0.9821061069437742
swin_cifar100_adaptive_blend_0_01,final_norm_out_gain_scale,0.25,backdoor,7915,0.002945343176396693,0.03563745246117589,0.9998186654843418,0.9842692307822348,0.7618666477032008
swin_cifar100_adaptive_blend_0_01,final_norm_out_gain_scale,0.5,clean,8000,0.0011466336092529708,0.04673511072433467,0.9851736916114543,0.996118034585031,0.987425522469033
swin_cifar100_adaptive_blend_0_01,final_norm_out_gain_scale,0.5,backdoor,7915,0.003043702859662125,0.0546295959981552,0.999798315818364,0.9927384636314361,0.8087409064609627
swin_cifar100_adaptive_blend_0_01,final_norm_out_gain_scale,1.0,clean,8000,0.00031565613414686,0.039730341295524885,0.928062017848721,0.9995000469526232,0.9943371870810919
swin_cifar100_adaptive_blend_0_01,final_norm_out_gain_scale,1.0,backdoor,7915,0.0005875934434523705,0.04265089550622281,0.9999438095030887,0.999495004785328,0.8693196577375105
swin_cifar100_adaptive_blend_0_01,final_norm_out_gain_scale,2.0,clean,8000,0.0012218085935203897,0.09266663713529344,0.8266394545145138,0.9970542020252289,0.9924177376213796
swin_cifar100_adaptive_blend_0_01,final_norm_out_gain_scale,2.0,backdoor,7915,0.0033082189395219792,0.10891463729749151,0.9976818561518166,0.9963006784572869,0.9106122904497171
swin_cifar100_adaptive_blend_0_01,final_norm_out_gain_scale,3.0,clean,8000,0.0003236066461048699,0.0623813572586569,0.7904847016077041,0.9994960020757875,0.9967462184353414
swin_cifar100_adaptive_blend_0_01,final_norm_out_gain_scale,3.0,backdoor,7915,0.0006388755765505826,0.06571295654967435,0.9870716555425875,0.9996061438803098,0.9390949586962122
swin_cifar100_adaptive_blend_0_01,final_norm_out_gain_scale,4.0,clean,8000,0.001274758688283249,0.15169436857440954,0.7787753691441571,0.9976030449590266,0.9947489932173887
swin_cifar100_adaptive_blend_0_01,final_norm_out_gain_scale,4.0,backdoor,7915,0.003410649341784772,0.12245915532493101,0.9685559512892539,0.9964032975754861,0.9477772368180168
swin_cifar100_adaptive_blend_0_01,final_norm_out_gain_scale,6.0,clean,8000,0.0012149664421108252,0.20578510649690163,0.7768644604256209,0.9982638014362829,0.9959734637107803
swin_cifar100_adaptive_blend_0_01,final_norm_out_gain_scale,6.0,backdoor,7915,0.0035382296038931455,0.12339968927581135,0.9223027575177382,0.9953483002040725,0.9576113900424775
swin_cifar100_adaptive_blend_0_01,final_norm_out_gain_scale,9.0,clean,8000,0.0012236716214304474,0.2628788767609168,0.7545852732967246,0.9973395867481304,0.9954570220065694
swin_cifar100_adaptive_blend_0_01,final_norm_out_gain_scale,9.0,backdoor,7915,0.003439416654018606,0.23105853796037346,0.8636168728793063,0.9948631307790968,0.9689868618548371
swin_cifar100_adaptive_blend_0_05,final_norm_out_gain_scale,0.25,clean,8000,0.0010502826313341948,0.038980782638189604,0.9966507775268073,0.9945983788329482,0.9852346251509061
swin_cifar100_adaptive_blend_0_05,final_norm_out_gain_scale,0.25,backdoor,7915,0.0010910520856985857,0.03898223120823807,0.999887755970135,0.9882720120514203,0.9611695068771502
swin_cifar100_adaptive_blend_0_05,final_norm_out_gain_scale,0.5,clean,8000,0.0011473943207895051,0.0546296508055939,0.976294643170163,0.9956208107054937,0.988341675060583
swin_cifar100_adaptive_blend_0_05,final_norm_out_gain_scale,0.5,backdoor,7915,0.0012242619293729336,0.05671935983570586,0.9998694495414179,0.9922019917936143,0.9731503722921986
swin_cifar100_adaptive_blend_0_05,final_norm_out_gain_scale,1.0,clean,8000,0.0005191880292762244,0.06150626267540871,0.909810212262155,0.99783624240082,0.9927306614492117
swin_cifar100_adaptive_blend_0_05,final_norm_out_gain_scale,1.0,backdoor,7915,0.00032312248595258174,0.03120941830672963,0.9941994774840027,0.9982105835847334,0.9883284161562659
swin_cifar100_adaptive_blend_0_05,final_norm_out_gain_scale,2.0,clean,8000,0.001253157029709259,0.10891468774878532,0.8184127338945192,0.9955753509672096,0.9915597222517307
swin_cifar100_adaptive_blend_0_05,final_norm_out_gain_scale,2.0,backdoor,7915,0.001251735719412253,0.08651595721432226,0.9079074680196815,0.9951129246996891,0.9859899736160109
swin_cifar100_adaptive_blend_0_05,final_norm_out_gain_scale,3.0,clean,8000,0.0005375478628286472,0.12430324197717546,0.7878520306807064,0.9976809621034983,0.9946198620652806
swin_cifar100_adaptive_blend_0_05,final_norm_out_gain_scale,3.0,backdoor,7915,0.0003011134757637382,0.06217652729510259,0.8101475735698886,0.9978673671477982,0.9928455527556151
swin_cifar100_adaptive_blend_0_05,final_norm_out_gain_scale,4.0,clean,8000,0.0013170961424065891,0.19994493342781128,0.7761905119806664,0.995958384128228,0.992825654409763
swin_cifar100_adaptive_blend_0_05,final_norm_out_gain_scale,4.0,backdoor,7915,0.0011567985113155042,0.1513548315185057,0.7474991745754561,0.9949552053371972,0.9885749172403948
swin_cifar100_adaptive_blend_0_05,final_norm_out_gain_scale,6.0,clean,8000,0.001242142593004295,0.23012256334555659,0.7669163234343495,0.9965209292005774,0.9945140088042236
swin_cifar100_adaptive_blend_0_05,final_norm_out_gain_scale,6.0,backdoor,7915,0.0012076056370634463,0.2310585405769051,0.7153240293381448,0.9925809337449576,0.9873590356195198
swin_cifar100_adaptive_blend_0_05,final_norm_out_gain_scale,9.0,clean,8000,0.0013754761815059713,0.3824132752615984,0.7431476189571803,0.9955378757923476,0.9933365443808102
swin_cifar100_adaptive_blend_0_05,final_norm_out_gain_scale,9.0,backdoor,7915,0.0011618699203473227,0.2772998106400434,0.7007619451486048,0.9941396643732944,0.9895969740390423
swin_cifar100_adaptive_blend_0_1,final_norm_out_gain_scale,0.25,clean,8000,0.0010364118442504867,0.05291067256542692,0.9990252400346333,0.9953668027675002,0.9859121781103825
swin_cifar100_adaptive_blend_0_1,final_norm_out_gain_scale,0.25,backdoor,7915,0.0006736093641097993,0.037934104253716905,0.9998674362509485,0.993895642594075,0.9818306622129495
swin_cifar100_adaptive_blend_0_1,final_norm_out_gain_scale,0.5,clean,8000,0.0011658191941459892,0.06875262003881033,0.9857814849466504,0.9972204073322786,0.9901122665107419
swin_cifar100_adaptive_blend_0_1,final_norm_out_gain_scale,0.5,backdoor,7915,0.0011509638080783016,0.06984868350764217,0.9997214590394501,0.9891738784311904,0.9756718333806944
swin_cifar100_adaptive_blend_0_1,final_norm_out_gain_scale,1.0,clean,8000,0.0006572336742416232,0.05856695103847187,0.9304256017596183,0.9989784027168228,0.9944255793475474
swin_cifar100_adaptive_blend_0_1,final_norm_out_gain_scale,1.0,backdoor,7915,0.0011684498161187958,0.06241861380508473,0.9792494381658127,0.9908992259611391,0.9791513564662736
swin_cifar100_adaptive_blend_0_1,final_norm_out_gain_scale,2.0,clean,8000,0.0013411326515684148,0.09703790668143064,0.8288245706129965,0.9988487648153596,0.9959949094493882
swin_cifar100_adaptive_blend_0_1,final_norm_out_gain_scale,2.0,backdoor,7915,0.001231845360143893,0.13703072929172266,0.8398080353165913,0.9900210153605062,0.9801523969815181
swin_cifar100_adaptive_blend_0_1,final_norm_out_gain_scale,3.0,clean,8000,0.00072542739863409,0.09812094045686248,0.7883350053401815,0.9988647489984496,0.9966846399613415
swin_cifar100_adaptive_blend_0_1,final_norm_out_gain_scale,3.0,backdoor,7915,0.0010943939518075888,0.1243529851340871,0.7206322584348387,0.9909655075727503,0.9815909504146602
swin_cifar100_adaptive_blend_0_1,final_norm_out_gain_scale,4.0,clean,8000,0.0013654079628890382,0.15356319253100348,0.7710453278714727,0.997838567251661,0.995549852893423
swin_cifar100_adaptive_blend_0_1,final_norm_out_gain_scale,4.0,backdoor,7915,0.0011742826647728084,0.17917868493331013,0.6535241560271396,0.9914540807038449,0.9829348189674878
swin_cifar100_adaptive_blend_0_1,final_norm_out_gain_scale,6.0,clean,8000,0.001408181819421646,0.28793114058251723,0.75509179695736,0.9973906342224965,0.9963207550811375
swin_cifar100_adaptive_blend_0_1,final_norm_out_gain_scale,6.0,backdoor,7915,0.0012500538782445857,0.32824426113153626,0.6302518362445394,0.9902154191196516,0.9824657701068522
swin_cifar100_adaptive_blend_0_1,final_norm_out_gain_scale,9.0,clean,8000,0.0012806516993141247,0.22944220057488673,0.7451064655649996,0.9976027341796073,0.9961882500738852
swin_cifar100_adaptive_blend_0_1,final_norm_out_gain_scale,9.0,backdoor,7915,0.001237572894514938,0.31757448613643646,0.6391012891200395,0.9908816988644137,0.9831398993109025
swin_cifar100_badnet_a2o_0_01,final_norm_out_gain_scale,0.25,clean,8000,0.001035165411325116,0.044962521435869096,0.9981950969476575,0.9955084636448158,0.9866767093995743
swin_cifar100_badnet_a2o_0_01,final_norm_out_gain_scale,0.25,backdoor,7915,3.3779754460718415e-08,1.1122195642587762e-05,0.41103668110250524,0.9990218430726262,0.9999950064980634
swin_cifar100_badnet_a2o_0_01,final_norm_out_gain_scale,0.5,clean,8000,0.0011217071578751374,0.05693021682086474,0.9821887693380122,0.9954762440150915,0.9884701502430258
swin_cifar100_badnet_a2o_0_01,final_norm_out_gain_scale,0.5,backdoor,7915,1.2977546281932514e-09,5.817759667348099e-07,0.12128204340828275,0.9990222730802872,0.9999999999696897
swin_cifar100_badnet_a2o_0_01,final_norm_out_gain_scale,1.0,clean,8000,0.0005488037523939754,0.06134536675206692,0.9208394686144502,0.9989981852872266,0.9950932912535175
swin_cifar100_badnet_a2o_0_01,final_norm_out_gain_scale,1.0,backdoor,7915,2.471293556542163e-11,5.8579529893521e-08,0.027529315254085602,0.9990223084694396,1.0
swin_cifar100_badnet_a2o_0_01,final_norm_out_gain_scale,2.0,clean,8000,0.0012520432489388554,0.13243502726408307,0.8211765741903343,0.9974866835620922,0.9944202410888507
swin_cifar100_badnet_a2o_0_01,final_norm_out_gain_scale,2.0,backdoor,7915,5.6794240820070985e-14,3.933853243154317e-10,,0.9999999985451126,1.0
swin_cifar100_badnet_a2o_0_01,final_norm_out_gain_scale,3.0,clean,8000,0.0005686569628635293,0.11700173663726454,0.7829807400468437,0.9989890102767366,0.9970684147168422
swin_cifar100_badnet_a2o_0_01,final_norm_out_gain_scale,3.0,backdoor,7915,3.857376270017916e-17,2.8821389719269064e-13,,1.0,1.0
swin_cifar100_badnet_a2o_0_01,final_norm_out_gain_scale,4.0,clean,8000,0.0012503923277053391,0.15356315864984138,0.7680275685619223,0.9962570549450791,0.9938216016692876
swin_cifar100_badnet_a2o_0_01,final_norm_out_gain_scale,4.0,backdoor,7915,2.80536456001303e-20,2.220446049250313e-16,,1.0,1.0
swin_cifar100_badnet_a2o_0_01,final_norm_out_gain_scale,6.0,clean,8000,0.0012274187967817461,0.23105754725601457,0.7598951083972055,0.9957484066467289,0.9935318168781039
swin_cifar100_badnet_a2o_0_01,final_norm_out_gain_scale,6.0,backdoor,7915,0.0,0.0,,1.0,1.0
swin_cifar100_badnet_a2o_0_01,final_norm_out_gain_scale,9.0,clean,8000,0.0011679744855418613,0.2772999163776151,0.7429781123451423,0.9954478580417575,0.9936759961171654
swin_cifar100_badnet_a2o_0_01,final_norm_out_gain_scale,9.0,backdoor,7915,0.0,0.0,,1.0,1.0
swin_cifar100_badnet_a2o_0_05,final_norm_out_gain_scale,0.25,clean,8000,0.0010559151499716529,0.03892293290766691,0.997594181865773,0.9944561591824405,0.9837403959775565
swin_cifar100_badnet_a2o_0_05,final_norm_out_gain_scale,0.25,backdoor,7915,9.874543923353905e-09,1.2719398623239897e-07,0.1654741673633076,0.9887311998348776,0.9999999875355966
swin_cifar100_badnet_a2o_0_05,final_norm_out_gain_scale,0.5,clean,8000,0.0011255299352555554,0.045548618831924736,0.9819710534549013,0.9943090657568444,0.9856400089638211
swin_cifar100_badnet_a2o_0_05,final_norm_out_gain_scale,0.5,backdoor,7915,2.4402504822051903e-10,6.473699054598825e-08,0.04351940705253779,0.9887312005845147,0.999999999993811
swin_cifar100_badnet_a2o_0_05,final_norm_out_gain_scale,1.0,clean,8000,0.00024047849374396867,0.03159599838232474,0.9242902679510941,0.9994722429935644,0.9946794473175494
swin_cifar100_badnet_a2o_0_05,final_norm_out_gain_scale,1.0,backdoor,7915,5.059965081172134e-13,1.250399339625119e-09,,0.9887366204327923,0.9999999999999998
swin_cifar100_badnet_a2o_0_05,final_norm_out_gain_scale,2.0,clean,8000,0.0011401351147523949,0.08650267212085982,0.8289440471414531,0.9961033110381939,0.9917540812604575
swin_cifar100_badnet_a2o_0_05,final_norm_out_gain_scale,2.0,backdoor,7915,9.201595756842737e-18,4.418687638008123e-14,,0.9999999999814332,0.9999999999999998
swin_cifar100_badnet_a2o_0_05,final_norm_out_gain_scale,3.0,clean,8000,0.00023681537169679796,0.062389579952817964,0.7958462705887364,0.9986742350034585,0.9957507870014429
swin_cifar100_badnet_a2o_0_05,final_norm_out_gain_scale,3.0,backdoor,7915,0.0,0.0,,0.9999999999999998,0.9999999999999998
swin_cifar100_badnet_a2o_0_05,final_norm_out_gain_scale,4.0,clean,8000,0.0011399062078364225,0.1513549476834627,0.783358927548818,0.99521238850946,0.9914529801614476
swin_cifar100_badnet_a2o_0_05,final_norm_out_gain_scale,4.0,backdoor,7915,0.0,0.0,,0.9999999999999998,0.9999999999999998
swin_cifar100_badnet_a2o_0_05,final_norm_out_gain_scale,6.0,clean,8000,0.001031507358899176,0.15758517249548842,0.7693790071676583,0.9963910183397826,0.9939003801880806
swin_cifar100_badnet_a2o_0_05,final_norm_out_gain_scale,6.0,backdoor,7915,0.0,0.0,,0.9999999999999998,0.9999999999999998
swin_cifar100_badnet_a2o_0_05,final_norm_out_gain_scale,9.0,clean,8000,0.0011256010315934693,0.27729998775001297,0.7427783732693879,0.9944257153896482,0.9914575838571267
swin_cifar100_badnet_a2o_0_05,final_norm_out_gain_scale,9.0,backdoor,7915,0.0,0.0,,0.9999999999999998,0.9999999999999998
swin_cifar100_badnet_a2o_0_1,final_norm_out_gain_scale,0.25,clean,8000,0.001101053074743219,0.04494712260089606,0.9987506401294132,0.9959812520495768,0.984093622255348
swin_cifar100_badnet_a2o_0_1,final_norm_out_gain_scale,0.25,backdoor,7915,2.6132381135839995e-09,1.9685629604193622e-07,0.038924942317835366,0.889035121946021,0.9999999999540715
swin_cifar100_badnet_a2o_0_1,final_norm_out_gain_scale,0.5,clean,8000,0.0012139272806933365,0.06127614335927645,0.9863080175986432,0.9957553185774616,0.9856491204335962
swin_cifar100_badnet_a2o_0_1,final_norm_out_gain_scale,0.5,backdoor,7915,3.9818532692321277e-11,2.1557308382824658e-08,0.019467390253266884,0.8890351226376908,1.0
swin_cifar100_badnet_a2o_0_1,final_norm_out_gain_scale,1.0,clean,8000,0.00048690803701014065,0.04172602920500079,0.9329745876782893,0.9983910508095597,0.9918198989855475
swin_cifar100_badnet_a2o_0_1,final_norm_out_gain_scale,1.0,backdoor,7915,9.070919070272771e-14,5.564162464111178e-10,,0.889247455630465,1.0
swin_cifar100_badnet_a2o_0_1,final_norm_out_gain_scale,2.0,clean,8000,0.0013190104963399563,0.11700010731515498,0.8378706323947348,0.9973147244102426,0.9918082497776789
swin_cifar100_badnet_a2o_0_1,final_norm_out_gain_scale,2.0,backdoor,7915,1.7112723816079482e-18,1.3100631690576847e-14,,1.0,1.0
swin_cifar100_badnet_a2o_0_1,final_norm_out_gain_scale,3.0,clean,8000,0.0005385312811034764,0.06884227197661363,0.7975281654593371,0.9983202020237238,0.9943626908354489
swin_cifar100_badnet_a2o_0_1,final_norm_out_gain_scale,3.0,backdoor,7915,0.0,0.0,,1.0,1.0
swin_cifar100_badnet_a2o_0_1,final_norm_out_gain_scale,4.0,clean,8000,0.0012819911905424487,0.15641782345582422,0.7804661551217277,0.9970195830875919,0.9928011464803876
swin_cifar100_badnet_a2o_0_1,final_norm_out_gain_scale,4.0,backdoor,7915,0.0,0.0,,1.0,1.0
swin_cifar100_badnet_a2o_0_1,final_norm_out_gain_scale,6.0,clean,8000,0.0013070355201856665,0.23012249807685248,0.7700955716202014,0.9971078883332412,0.9938867253845968
swin_cifar100_badnet_a2o_0_1,final_norm_out_gain_scale,6.0,backdoor,7915,0.0,0.0,,1.0,1.0
swin_cifar100_badnet_a2o_0_1,final_norm_out_gain_scale,9.0,clean,8000,0.001247900549490828,0.27381419508533233,0.7579740162377153,0.9962824763973555,0.9928057758704296
swin_cifar100_badnet_a2o_0_1,final_norm_out_gain_scale,9.0,backdoor,7915,0.0,0.0,,1.0,1.0
swin_cifar100_blend_0_01,final_norm_out_gain_scale,0.25,clean,8000,0.0011019722642303582,0.06407933497445395,0.9983183252405049,0.995117365764956,0.9848748701654747
swin_cifar100_blend_0_01,final_norm_out_gain_scale,0.25,backdoor,7915,9.16186557425896e-06,0.022388437960941143,0.9821156702986286,0.9999494181423391,0.9998819371082617
swin_cifar100_blend_0_01,final_norm_out_gain_scale,0.5,clean,8000,0.0012802700195889028,0.06924625149728492,0.9845683698923828,0.9934852464416989,0.9840519542540834
swin_cifar100_blend_0_01,final_norm_out_gain_scale,0.5,backdoor,7915,8.797528096038202e-06,0.014571249212586457,0.6129063649890482,0.9999746906574488,0.9999993877812978
swin_cifar100_blend_0_01,final_norm_out_gain_scale,1.0,clean,8000,0.0006493156077392457,0.061457282797780954,0.9272379968246839,0.9997875939283231,0.9951971816298282
swin_cifar100_blend_0_01,final_norm_out_gain_scale,1.0,backdoor,7915,3.7656621748291517e-06,0.029791243019043456,0.18664255950556533,0.9999747327798866,0.9999999975677037
swin_cifar100_blend_0_01,final_norm_out_gain_scale,2.0,clean,8000,0.0015015329505757146,0.13244060076829345,0.8267122373881906,0.9962471967611105,0.9917685327331368
swin_cifar100_blend_0_01,final_norm_out_gain_scale,2.0,backdoor,7915,7.723058183620223e-06,0.02385636606378938,0.11998647166990724,0.9999800420865242,0.9999999982574594
swin_cifar100_blend_0_01,final_norm_out_gain_scale,3.0,clean,8000,0.0007179352191685115,0.11700226418965354,0.7879315457904013,0.99993052338194,0.99771874575759
swin_cifar100_blend_0_01,final_norm_out_gain_scale,3.0,backdoor,7915,6.554743803442225e-06,0.05187985852237553,0.40511645703578664,0.9999999999152933,0.9999999995643648
swin_cifar100_blend_0_01,final_norm_out_gain_scale,4.0,clean,8000,0.0014902940962024179,0.19980449640034603,0.7732835903180162,0.997098815467143,0.9942625249197325
swin_cifar100_blend_0_01,final_norm_out_gain_scale,4.0,backdoor,7915,1.4795233610222597e-05,0.05870551090005893,0.44199592158672873,0.9999999995643648,0.9999999996127688
swin_cifar100_blend_0_01,final_norm_out_gain_scale,6.0,clean,8000,0.0014895343392726838,0.20991135690162976,0.7712522838936638,0.9967030969010245,0.99434343691587
swin_cifar100_blend_0_01,final_norm_out_gain_scale,6.0,backdoor,7915,1.0496929425667924e-05,0.05165624275850467,0.5696242668020239,0.9999999999515962,0.9999999998063844
swin_cifar100_blend_0_01,final_norm_out_gain_scale,9.0,clean,8000,0.0014695374661031287,0.27729986352543856,0.756870140265116,0.9962912820667202,0.9942584011548515
swin_cifar100_blend_0_01,final_norm_out_gain_scale,9.0,backdoor,7915,1.0354439199993229e-05,0.05710609008387446,0.6420946376800505,0.9999999999273943,1.0
swin_cifar100_blend_0_05,final_norm_out_gain_scale,0.25,clean,8000,0.0011404355627491873,0.046285839982893484,0.9982006713956163,0.9954735651409955,0.9855624677961657
swin_cifar100_blend_0_05,final_norm_out_gain_scale,0.25,backdoor,7915,7.411113521638938e-08,4.4539712023894396e-05,0.612030250753204,0.998815864927104,0.999872981767314
swin_cifar100_blend_0_05,final_norm_out_gain_scale,0.5,clean,8000,0.0011761998612890767,0.04436428283739691,0.9817560038528715,0.9969338466119422,0.988931514070619
swin_cifar100_blend_0_05,final_norm_out_gain_scale,0.5,backdoor,7915,7.098783211821367e-09,1.2320858323700001e-05,0.14255128813262208,0.9988395056077591,0.9999999999575503
swin_cifar100_blend_0_05,final_norm_out_gain_scale,1.0,clean,8000,0.0003707915859007985,0.03443005697449142,0.9243121234801162,0.9998981850172425,0.9954318335053332
swin_cifar100_blend_0_05,final_norm_out_gain_scale,1.0,backdoor,7915,6.489728273268558e-11,5.888646925633623e-08,0.06452524604388707,0.9988395109620427,1.0
swin_cifar100_blend_0_05,final_norm_out_gain_scale,2.0,clean,8000,0.0012835613078439779,0.07573625540589357,0.8237612358980057,0.9974138594776898,0.9930208928089006
swin_cifar100_blend_0_05,final_norm_out_gain_scale,2.0,backdoor,7915,4.7130073690852136e-12,1.8385679756427464e-08,,0.9999999978775126,1.0
swin_cifar100_blend_0_05,final_norm_out_gain_scale,3.0,clean,8000,0.00037655738603289767,0.062178924928756985,0.7927253262019024,0.9998986828173292,0.9976478879802186
swin_cifar100_blend_0_05,final_norm_out_gain_scale,3.0,backdoor,7915,1.0184735766899305e-14,4.8477222236442685e-11,,1.0,1.0
swin_cifar100_blend_0_05,final_norm_out_gain_scale,4.0,clean,8000,0.0013764021932145074,0.15484052883368182,0.7809194611213314,0.9975058380098437,0.9944518716277343
swin_cifar100_blend_0_05,final_norm_out_gain_scale,4.0,backdoor,7915,2.3312579493708277e-17,1.2789769243681803e-13,,1.0,1.0
swin_cifar100_blend_0_05,final_norm_out_gain_scale,6.0,clean,8000,0.001335663816863117,0.23105856776237488,0.7779582639530664,0.9986564384243745,0.9962352213032649
swin_cifar100_blend_0_05,final_norm_out_gain_scale,6.0,backdoor,7915,0.0,0.0,,1.0,1.0
swin_cifar100_blend_0_05,final_norm_out_gain_scale,9.0,clean,8000,0.0014464017137633778,0.27729981137055515,0.7565013826868074,0.9963696638612796,0.9940157905042203
swin_cifar100_blend_0_05,final_norm_out_gain_scale,9.0,backdoor,7915,0.0,0.0,,1.0,1.0
swin_cifar100_blend_0_1,final_norm_out_gain_scale,0.25,clean,8000,0.0010600971241584713,0.0536822575968845,0.9982570231105432,0.9941905929195516,0.9841313953226997
swin_cifar100_blend_0_1,final_norm_out_gain_scale,0.25,backdoor,7915,4.6749942633610635e-08,1.2491404264625139e-05,0.4003867909695669,0.9977416903930811,0.9999968453542518
swin_cifar100_blend_0_1,final_norm_out_gain_scale,0.5,clean,8000,0.0012056747219547908,0.054619058637282,0.9841862347531974,0.9961898393596319,0.9877097422212678
swin_cifar100_blend_0_1,final_norm_out_gain_scale,0.5,backdoor,7915,3.4345493012407226e-09,1.7618567997979007e-05,0.07779577828629353,0.9977429048894509,1.0
swin_cifar100_blend_0_1,final_norm_out_gain_scale,1.0,clean,8000,0.00041720159079346587,0.06217349008945039,0.9314804591287241,0.9990477879076721,0.9943330246947008
swin_cifar100_blend_0_1,final_norm_out_gain_scale,1.0,backdoor,7915,1.8312613978741548e-11,4.9335706187036976e-08,0.019467394824006314,0.9977429363216487,1.0
swin_cifar100_blend_0_1,final_norm_out_gain_scale,2.0,clean,8000,0.0013481436369680913,0.10891468200056531,0.8313482071532503,0.9967153916886765,0.992412294339965
swin_cifar100_blend_0_1,final_norm_out_gain_scale,2.0,backdoor,7915,4.915822841089623e-12,3.889113320276749e-08,,0.9999999999331466,1.0
swin_cifar100_blend_0_1,final_norm_out_gain_scale,3.0,clean,8000,0.0004710670569945603,0.1224593553635771,0.7922497593981002,0.9989274027941517,0.9965264861713443
swin_cifar100_blend_0_1,final_norm_out_gain_scale,3.0,backdoor,7915,1.6647931015776524e-14,1.317650433207973e-10,,1.0,1.0
swin_cifar100_blend_0_1,final_norm_out_gain_scale,4.0,clean,8000,0.001235020459184646,0.16621956200977284,0.7689762905651635,0.998367638349672,0.9961521624865292
swin_cifar100_blend_0_1,final_norm_out_gain_scale,4.0,backdoor,7915,5.641588130186202e-17,4.4653170050423796e-13,,1.0,1.0
swin_cifar100_blend_0_1,final_norm_out_gain_scale,6.0,clean,8000,0.001233539841544999,0.20578508231110182,0.755506548854398,0.996580640267803,0.9944440809550776
swin_cifar100_blend_0_1,final_norm_out_gain_scale,6.0,backdoor,7915,0.0,0.0,,1.0,1.0
swin_cifar100_blend_0_1,final_norm_out_gain_scale,9.0,clean,8000,0.0011971755112436253,0.23105801928580566,0.7503164189169675,0.9977288911499416,0.996089107331083
swin_cifar100_blend_0_1,final_norm_out_gain_scale,9.0,backdoor,7915,0.0,0.0,,1.0,1.0
swin_cifar100_lc_0_01,final_norm_out_gain_scale,0.25,clean,8000,0.0010362493813790268,0.04972458381302092,0.9986500852848796,0.9945295471845734,0.9840580863638438
swin_cifar100_lc_0_01,final_norm_out_gain_scale,0.25,backdoor,7915,0.00018273134537403384,0.05492100077297313,0.9993842764623251,0.9977044048188336,0.9976695971969788
swin_cifar100_lc_0_01,final_norm_out_gain_scale,0.5,clean,8000,0.0011421777428412866,0.05868703400121311,0.9836114471812306,0.9965244520312653,0.9886700663730462
swin_cifar100_lc_0_01,final_norm_out_gain_scale,0.5,backdoor,7915,0.00018485526921367622,0.06409076809659697,0.9956001072271234,0.9996778893522444,0.9998063733825758
swin_cifar100_lc_0_01,final_norm_out_gain_scale,1.0,clean,8000,0.0005329940794713279,0.056715387449208676,0.9255013992702679,0.9993853223695357,0.9948428705910164
swin_cifar100_lc_0_01,final_norm_out_gain_scale,1.0,backdoor,7915,9.515206230421395e-05,0.031209417265373185,0.8142894304721289,0.9996837794240544,0.9998024556272329
swin_cifar100_lc_0_01,final_norm_out_gain_scale,2.0,clean,8000,0.0012919991557189122,0.10889377732008632,0.8277914079598148,0.9975707048575546,0.9936464649193795
swin_cifar100_lc_0_01,final_norm_out_gain_scale,2.0,backdoor,7915,0.0001582929996026634,0.09898006669515447,0.5068612902901346,0.9998194542032913,0.9999959391639789
swin_cifar100_lc_0_01,final_norm_out_gain_scale,3.0,clean,8000,0.0005552115001054324,0.08651591126606561,0.7910100627280066,0.9994336922992227,0.9971813450444451
swin_cifar100_lc_0_01,final_norm_out_gain_scale,3.0,backdoor,7915,9.042991865359941e-05,0.06217652559280418,0.41390846437545714,0.9998292085312436,0.9999834907623687
swin_cifar100_lc_0_01,final_norm_out_gain_scale,4.0,clean,8000,0.0013096994240130928,0.19995459763264944,0.7717022121480779,0.996689527372896,0.9935226905786357
swin_cifar100_lc_0_01,final_norm_out_gain_scale,4.0,backdoor,7915,0.0001549460506129838,0.15135486085696548,0.4197205820448783,0.9990837748287615,0.9992286726844839
swin_cifar100_lc_0_01,final_norm_out_gain_scale,6.0,clean,8000,0.0012233762944740682,0.20578498891844532,0.7588168146990923,0.9972162407141238,0.9951157715403584
swin_cifar100_lc_0_01,final_norm_out_gain_scale,6.0,backdoor,7915,0.00018269423198776375,0.2310585379600525,0.47127514081805943,0.9990705335200132,0.9992419049481108
swin_cifar100_lc_0_01,final_norm_out_gain_scale,9.0,clean,8000,0.0012164589549058641,0.3824134139461043,0.7421924411639517,0.996538889140106,0.9941684770804454
swin_cifar100_lc_0_01,final_norm_out_gain_scale,9.0,backdoor,7915,0.0001364617340157338,0.2772998553675966,0.5418898182604717,0.9990671271204434,0.9992292895613845
swin_cifar100_lc_0_05,final_norm_out_gain_scale,0.25,clean,8000,0.0011047929964246768,0.04641114827261472,0.9989527468403689,0.9918659844448994,0.9801297529285975
swin_cifar100_lc_0_05,final_norm_out_gain_scale,0.25,backdoor,7915,0.0014600540338452575,0.04576859000819666,0.9998493205438436,0.9845815750562202,0.9359681789666311
swin_cifar100_lc_0_05,final_norm_out_gain_scale,0.5,clean,8000,0.0012256631554754423,0.04790210705171938,0.9868003183113233,0.9947874184642309,0.9858698917626345
swin_cifar100_lc_0_05,final_norm_out_gain_scale,0.5,backdoor,7915,0.0015634493657906959,0.06984722019768352,0.9998542087113205,0.9908501265836606,0.9543257472220845
swin_cifar100_lc_0_05,final_norm_out_gain_scale,1.0,clean,8000,0.0005893501476905158,0.054881336283998605,0.9300019237198004,0.9986431849736721,0.9933711427182119
swin_cifar100_lc_0_05,final_norm_out_gain_scale,1.0,backdoor,7915,0.0002784927540838648,0.030967120954392358,0.999518610341612,0.9996206739993099,0.9794998913809904
swin_cifar100_lc_0_05,final_norm_out_gain_scale,2.0,clean,8000,0.0013726700721221725,0.09732687077142976,0.8290169213117993,0.9963171499771794,0.9915824563160033
swin_cifar100_lc_0_05,final_norm_out_gain_scale,2.0,backdoor,7915,0.0016129969734861751,0.1370307628849462,0.9665493198536681,0.994260031905489,0.9777244899425628
swin_cifar100_lc_0_05,final_norm_out_gain_scale,3.0,clean,8000,0.000610423803915769,0.1142895568904212,0.7924359221717658,0.998627590204748,0.9954932127237073
swin_cifar100_lc_0_05,final_norm_out_gain_scale,3.0,backdoor,7915,0.0002527437637646113,0.06028275590202914,0.8850993272254404,0.999930074224478,0.9897789173781075
swin_cifar100_lc_0_05,final_norm_out_gain_scale,4.0,clean,8000,0.001392298913357311,0.15641781367266383,0.7733099675549676,0.9955987552672131,0.9913172327977758
swin_cifar100_lc_0_05,final_norm_out_gain_scale,4.0,backdoor,7915,0.0015377651920516547,0.15135480462926487,0.8137741422135273,0.9947934714471959,0.9848463975057693
swin_cifar100_lc_0_05,final_norm_out_gain_scale,6.0,clean,8000,0.0013612565253238859,0.23012250923654287,0.7604645292995035,0.9968956283120077,0.9935482379116919
swin_cifar100_lc_0_05,final_norm_out_gain_scale,6.0,backdoor,7915,0.0015522669298029597,0.2301225460354941,0.7379274636154193,0.9937524657435773,0.9852832486338491
swin_cifar100_lc_0_05,final_norm_out_gain_scale,9.0,clean,8000,0.0014253325501937337,0.27729988500973457,0.7372907767334023,0.9952733543262451,0.9918671994203274
swin_cifar100_lc_0_05,final_norm_out_gain_scale,9.0,backdoor,7915,0.0015688488634549782,0.2772997696464221,0.7118588204400481,0.9936567482860907,0.9872245903501552
swin_cifar100_lc_0_1,final_norm_out_gain_scale,0.25,clean,8000,0.0010753218263307661,0.05071599597058174,0.9969036443192097,0.9928705566801267,0.9830239929649631
swin_cifar100_lc_0_1,final_norm_out_gain_scale,0.25,backdoor,7915,0.001403157521939694,0.042651889508417584,0.9998980571945754,0.9885373290365597,0.9551216491089564
swin_cifar100_lc_0_1,final_norm_out_gain_scale,0.5,clean,8000,0.0012100036727038495,0.060724992670780575,0.9748533676136882,0.9942462230441222,0.986823489919763
swin_cifar100_lc_0_1,final_norm_out_gain_scale,0.5,backdoor,7915,0.0016407078160150359,0.06124292251688279,0.9998506136588214,0.9907255691298158,0.96377085754105
swin_cifar100_lc_0_1,final_norm_out_gain_scale,1.0,clean,8000,0.0006151132543876515,0.042333014989728024,0.908838497634405,0.9982148416358594,0.993632403040225
swin_cifar100_lc_0_1,final_norm_out_gain_scale,1.0,backdoor,7915,0.000484334476454347,0.031211346685595553,0.9931203947159043,0.9991591696317867,0.9835664126848533
swin_cifar100_lc_0_1,final_norm_out_gain_scale,2.0,clean,8000,0.0013676384676429372,0.11697156129030806,0.8085431981472161,0.9955892729622654,0.9916035593571275
swin_cifar100_lc_0_1,final_norm_out_gain_scale,2.0,backdoor,7915,0.0017536639620208511,0.11700080019347747,0.9280526771046658,0.9952290832709078,0.9829425112902814
swin_cifar100_lc_0_1,final_norm_out_gain_scale,3.0,clean,8000,0.000681972596757544,0.10944997836627823,0.7857543493747872,0.9981448613754603,0.9955789193895732
swin_cifar100_lc_0_1,final_norm_out_gain_scale,3.0,backdoor,7915,0.0005034846840676492,0.062176525651282843,0.854039777585876,0.999447116439986,0.9915946751663013
swin_cifar100_lc_0_1,final_norm_out_gain_scale,4.0,clean,8000,0.0013689481868211827,0.19995472613929166,0.7750060797606213,0.9949828611404868,0.9917424079489249
swin_cifar100_lc_0_1,final_norm_out_gain_scale,4.0,backdoor,7915,0.001717663949558223,0.1535632398286848,0.8044658749843313,0.9952850752999971,0.9881973002480355
swin_cifar100_lc_0_1,final_norm_out_gain_scale,6.0,clean,8000,0.0013708014507031767,0.22949347858475488,0.7669727817814418,0.99508489140843,0.9926334736199257
swin_cifar100_lc_0_1,final_norm_out_gain_scale,6.0,backdoor,7915,0.0017663167071733797,0.20991130105776712,0.763677075982577,0.9940478818682871,0.9865643812177806
swin_cifar100_lc_0_1,final_norm_out_gain_scale,9.0,clean,8000,0.0014278785564461227,0.3824135045397976,0.7470660078931093,0.9939474806959713,0.9915401441695204
swin_cifar100_lc_0_1,final_norm_out_gain_scale,9.0,backdoor,7915,0.0017512219666478473,0.2772999403557832,0.7418145186364996,0.994504184948513,0.9902992318507945
swin_cifar100_wanet_0_01,final_norm_out_gain_scale,0.25,clean,8000,0.0010375277403830267,0.03698800963588311,0.9990299705293747,0.9960087138860176,0.9864831648890267
swin_cifar100_wanet_0_01,final_norm_out_gain_scale,0.25,backdoor,7915,0.0014221117981093024,0.04982592134659991,0.9998429071734589,0.9940940814615836,0.9698554470709491
swin_cifar100_wanet_0_01,final_norm_out_gain_scale,0.5,clean,8000,0.0011837901822743713,0.05445415090143424,0.9879883312775679,0.9972693573211657,0.9900849262512814
swin_cifar100_wanet_0_01,final_norm_out_gain_scale,0.5,backdoor,7915,0.0015511520547707629,0.04790164643614492,0.9979619901712101,0.9952825717745396,0.9750486867749126
swin_cifar100_wanet_0_01,final_norm_out_gain_scale,1.0,clean,8000,0.0005284646900731849,0.031978014079540484,0.9342248893670575,0.9991984816895862,0.994502123645835
swin_cifar100_wanet_0_01,final_norm_out_gain_scale,1.0,backdoor,7915,0.0006533410593000744,0.031241436721695715,0.9777269307565883,0.9995825670844292,0.98670130083587
swin_cifar100_wanet_0_01,final_norm_out_gain_scale,2.0,clean,8000,0.001352766532479473,0.10890701124167146,0.8302762687372522,0.9981666471950431,0.9945063292289096
swin_cifar100_wanet_0_01,final_norm_out_gain_scale,2.0,backdoor,7915,0.0017891271927003793,0.09266660649710401,0.9073759760252913,0.9963970822027857,0.9861624733384932
swin_cifar100_wanet_0_01,final_norm_out_gain_scale,3.0,clean,8000,0.0005636904409848283,0.0621766091739151,0.7828823394109954,0.9992282283354026,0.9964924411427288
swin_cifar100_wanet_0_01,final_norm_out_gain_scale,3.0,backdoor,7915,0.0006957990086065204,0.06217649579048068,0.8563615965127703,0.9996950364137017,0.9926768862686653
swin_cifar100_wanet_0_01,final_norm_out_gain_scale,4.0,clean,8000,0.0013204618071379387,0.19658330309973882,0.7664957915433757,0.9984868990139936,0.99554895525469
swin_cifar100_wanet_0_01,final_norm_out_gain_scale,4.0,backdoor,7915,0.001845782013493608,0.19995426255545945,0.823252316475776,0.9965168632157531,0.9896766850686899
swin_cifar100_wanet_0_01,final_norm_out_gain_scale,6.0,clean,8000,0.00126448860116007,0.23012247013708365,0.753041399698103,0.9979645414561685,0.9955908467714979
swin_cifar100_wanet_0_01,final_norm_out_gain_scale,6.0,backdoor,7915,0.0018638366317316104,0.23105856776237488,0.786505133910699,0.9968220568722723,0.9922483744472209
swin_cifar100_wanet_0_01,final_norm_out_gain_scale,9.0,clean,8000,0.0012618269056602388,0.3823109310246111,0.739969636071643,0.9978490755336911,0.9954685457180517
swin_cifar100_wanet_0_01,final_norm_out_gain_scale,9.0,backdoor,7915,0.0019078835899657939,0.38241334628858215,0.7548026649391465,0.9960295927821168,0.9914312250778814
swin_cifar100_wanet_0_05,final_norm_out_gain_scale,0.25,clean,8000,0.0010924800477111214,0.03689011730380021,0.9987196155252471,0.9965026808362423,0.9881535256810084
swin_cifar100_wanet_0_05,final_norm_out_gain_scale,0.25,backdoor,7915,0.0008588960047146057,0.03185589385337051,0.9998379457032123,0.9937204016030924,0.9819878923084685
swin_cifar100_wanet_0_05,final_norm_out_gain_scale,0.5,clean,8000,0.0012801812315554567,0.06573667927263249,0.9846655020002991,0.9955717175893767,0.9881107865979191
swin_cifar100_wanet_0_05,final_norm_out_gain_scale,0.5,backdoor,7915,0.0011707021332634305,0.06216924134586865,0.9949435796241791,0.9933365900106715,0.9825942939114274
swin_cifar100_wanet_0_05,final_norm_out_gain_scale,1.0,clean,8000,0.0006249525498799358,0.054428926084781226,0.9278050624351502,0.9988128612289783,0.9939302844469398
swin_cifar100_wanet_0_05,final_norm_out_gain_scale,1.0,backdoor,7915,0.001623698660276353,0.06241865630721244,0.9374526812336583,0.9900036136639062,0.978513393561388
swin_cifar100_wanet_0_05,final_norm_out_gain_scale,2.0,clean,8000,0.0014579388569306438,0.11697388965913214,0.8304557579086849,0.9977977178278474,0.9945763282699595
swin_cifar100_wanet_0_05,final_norm_out_gain_scale,2.0,backdoor,7915,0.0017371124659207675,0.13244005491438504,0.8249322151007901,0.98829219088126,0.9791939869774879
swin_cifar100_wanet_0_05,final_norm_out_gain_scale,3.0,clean,8000,0.0006614006302776729,0.07465291238009808,0.7869796305339282,0.9989500173512964,0.9965256731886003
swin_cifar100_wanet_0_05,final_norm_out_gain_scale,3.0,backdoor,7915,0.0017101699216035488,0.12435293707551431,0.7639998281914621,0.9907491106590492,0.9821465280562909
swin_cifar100_wanet_0_05,final_norm_out_gain_scale,4.0,clean,8000,0.0013631482701595633,0.15484051710335145,0.7734272755582337,0.9984811179118874,0.9965793271161478
swin_cifar100_wanet_0_05,final_norm_out_gain_scale,4.0,backdoor,7915,0.001942043823888706,0.1791786849498429,0.7397221626137324,0.9890548883404948,0.9810500978507519
swin_cifar100_wanet_0_05,final_norm_out_gain_scale,6.0,clean,8000,0.0013405654387565536,0.20991116405019428,0.757368951995783,0.9969969271775193,0.9954661639852638
swin_cifar100_wanet_0_05,final_norm_out_gain_scale,6.0,backdoor,7915,0.0019742165575681436,0.28793115149168635,0.7135608066122435,0.9879855209314756,0.9806472277020984
swin_cifar100_wanet_0_05,final_norm_out_gain_scale,9.0,clean,8000,0.0013289785253955855,0.2771937135288979,0.754085871957187,0.9983213242461139,0.997219619358503
swin_cifar100_wanet_0_05,final_norm_out_gain_scale,9.0,backdoor,7915,0.00208433568056977,0.31757448613643646,0.7186843307475049,0.9877923754343363,0.9809175785084977
swin_cifar100_wanet_0_1,final_norm_out_gain_scale,0.25,clean,8000,0.0010312106422342056,0.04628548109416952,0.998963691934847,0.994825620959659,0.9845475791753787
swin_cifar100_wanet_0_1,final_norm_out_gain_scale,0.25,backdoor,7915,0.0005357802207944347,0.02889467074011931,0.9997650924741895,0.9967711207924702,0.9936751597062412
swin_cifar100_wanet_0_1,final_norm_out_gain_scale,0.5,clean,8000,0.001138426688050567,0.05461645767494361,0.9860038531637006,0.9971795464540576,0.9897250122090857
swin_cifar100_wanet_0_1,final_norm_out_gain_scale,0.5,backdoor,7915,0.000580545040712844,0.062175293057735614,0.9981395641511852,0.9982392531601144,0.9954090638690113
swin_cifar100_wanet_0_1,final_norm_out_gain_scale,1.0,clean,8000,0.0005164285546390379,0.061777238949226154,0.9268292976460474,0.9978048952434505,0.9912948430889266
swin_cifar100_wanet_0_1,final_norm_out_gain_scale,1.0,backdoor,7915,0.00018947715849559384,0.031218241720175954,0.9129541117458745,0.998563999109676,0.9951835817800054
swin_cifar100_wanet_0_1,final_norm_out_gain_scale,2.0,clean,8000,0.0012002709197958764,0.10891464480024315,0.8237932379727908,0.9978466563357735,0.993679408756154
swin_cifar100_wanet_0_1,final_norm_out_gain_scale,2.0,backdoor,7915,0.0006251102380410883,0.12245932218042688,0.7423847563970991,0.9981038420123132,0.9964514522456545
swin_cifar100_wanet_0_1,final_norm_out_gain_scale,3.0,clean,8000,0.0005768093306963981,0.12244096545891842,0.7888992661587219,0.9978635523250465,0.9934921601511859
swin_cifar100_wanet_0_1,final_norm_out_gain_scale,3.0,backdoor,7915,0.00020230628539192003,0.06222822447333809,0.6744817365984097,0.9985715832927022,0.9959432564364793
swin_cifar100_wanet_0_1,final_norm_out_gain_scale,4.0,clean,8000,0.0011988817534994043,0.17917586746957576,0.7733626727466428,0.9944508496472991,0.9899139133245104
swin_cifar100_wanet_0_1,final_norm_out_gain_scale,4.0,backdoor,7915,0.0006416803064494409,0.12245932221412659,0.6717546002070145,0.9975844233740393,0.9973195697738971
swin_cifar100_wanet_0_1,final_norm_out_gain_scale,6.0,clean,8000,0.001229328744008102,0.23105839479979579,0.7581766353345104,0.9960947319217922,0.9931480354305859
swin_cifar100_wanet_0_1,final_norm_out_gain_scale,6.0,backdoor,7915,0.0007656192052796675,0.23105856776237488,0.6719847969192391,0.9968605630733984,0.9965184592828215
swin_cifar100_wanet_0_1,final_norm_out_gain_scale,9.0,clean,8000,0.001276030126595202,0.3175744851737503,0.7394275279886121,0.994005235717752,0.9904578626513002
swin_cifar100_wanet_0_1,final_norm_out_gain_scale,9.0,backdoor,7915,0.0006956649428982387,0.23105856776237488,0.6760180530712362,0.9967300417878246,0.9967490594496331
vit_cifar100_adaptive_blend_0_01,final_norm_out_gain_scale,0.25,clean,8000,0.000979704934611704,0.030572864873237793,0.9998698101567963,0.9979063757264947,0.9858281920335551
vit_cifar100_adaptive_blend_0_01,final_norm_out_gain_scale,0.25,backdoor,7915,0.0024118265454599833,0.0404848959509676,0.9998639158373609,0.9837161731031717,0.8337353718575594
vit_cifar100_adaptive_blend_0_01,final_norm_out_gain_scale,0.5,clean,8000,0.001004594627589723,0.04136292417019466,0.9996782529866148,0.9984647242672929,0.9892002109877187
vit_cifar100_adaptive_blend_0_01,final_norm_out_gain_scale,0.5,backdoor,7915,0.0023849711405019725,0.0502828974745424,0.9998555343178089,0.9930123266427896,0.872550785904647
vit_cifar100_adaptive_blend_0_01,final_norm_out_gain_scale,1.0,clean,8000,0.0006455732643410267,0.05868814074779527,0.9719197525773964,0.9991008139642662,0.9931467970649559
vit_cifar100_adaptive_blend_0_01,final_norm_out_gain_scale,1.0,backdoor,7915,0.0014057780152652477,0.039417020492923505,0.9998972154203732,0.9980445246608327,0.9147085363273136
vit_cifar100_adaptive_blend_0_01,final_norm_out_gain_scale,2.0,clean,8000,0.0011770037847864709,0.09613504622965352,0.8640843672591232,0.9983116191400854,0.9937562094485193
vit_cifar100_adaptive_blend_0_01,final_norm_out_gain_scale,2.0,backdoor,7915,0.002600133176545507,0.07959240048582827,0.9922975013614453,0.9955962174548287,0.9399511971280445
vit_cifar100_adaptive_blend_0_01,final_norm_out_gain_scale,3.0,clean,8000,0.000724092526613393,0.09812117900989059,0.7967885728041533,0.9988297866812559,0.9958573198431332
vit_cifar100_adaptive_blend_0_01,final_norm_out_gain_scale,3.0,backdoor,7915,0.0013961919257044373,0.06241862155417155,0.9667457416463935,0.9975639419763628,0.9563136680161164
vit_cifar100_adaptive_blend_0_01,final_norm_out_gain_scale,4.0,clean,8000,0.0011819864976378251,0.12245934024041877,0.7773190909011498,0.9984601917956103,0.995191007970384
vit_cifar100_adaptive_blend_0_01,final_norm_out_gain_scale,4.0,backdoor,7915,0.0026254603485532644,0.13966673579564293,0.9297254393126836,0.9948357419410762,0.9601153744706651
vit_cifar100_adaptive_blend_0_01,final_norm_out_gain_scale,6.0,clean,8000,0.001284169067431558,0.23012242598557098,0.7583117742030675,0.9977911729908732,0.9952550725327546
vit_cifar100_adaptive_blend_0_01,final_norm_out_gain_scale,6.0,backdoor,7915,0.002541452798908819,0.16983954511914656,0.86652127004035,0.9937887562819656,0.9671946632201855
vit_cifar100_adaptive_blend_0_01,final_norm_out_gain_scale,9.0,clean,8000,0.0011733140359644772,0.23105853796016418,0.7383475593919248,0.9983602793998644,0.9960788853417258
vit_cifar100_adaptive_blend_0_01,final_norm_out_gain_scale,9.0,backdoor,7915,0.002571566150517587,0.2738141705351641,0.8065792285626494,0.9931672295588353,0.9717003889460624
vit_cifar100_adaptive_blend_0_01_sam_rho_0_1,final_norm_out_gain_scale,0.25,clean,8000,0.0014368075155058065,0.02883028508159846,0.9999269807598874,0.9962029604889608,0.9629277590122738
vit_cifar100_adaptive_blend_0_01_sam_rho_0_1,final_norm_out_gain_scale,0.25,backdoor,7915,0.003652281296969607,0.03637768234767802,0.9996805626426543,0.9770001289718396,0.5436261557798233
vit_cifar100_adaptive_blend_0_01_sam_rho_0_1,final_norm_out_gain_scale,0.5,clean,8000,0.0015511319259741527,0.03819548366574721,0.999893344157721,0.9977803253116732,0.9721105849252358
vit_cifar100_adaptive_blend_0_01_sam_rho_0_1,final_norm_out_gain_scale,0.5,backdoor,7915,0.0037706884906852324,0.040252462566018776,0.9996597084607158,0.9893667833992594,0.6472538866710414
vit_cifar100_adaptive_blend_0_01_sam_rho_0_1,final_norm_out_gain_scale,1.0,clean,8000,0.0011471729670762892,0.031235713206653526,0.9990510019720537,0.9989341343124934,0.982080467763777
vit_cifar100_adaptive_blend_0_01_sam_rho_0_1,final_norm_out_gain_scale,1.0,backdoor,7915,0.0028320047592694264,0.04334744010887581,0.9997892098594312,0.9958385614039732,0.7567862810681862
vit_cifar100_adaptive_blend_0_01_sam_rho_0_1,final_norm_out_gain_scale,2.0,clean,8000,0.00189093587970364,0.10861901158453569,0.9507400600341643,0.9979109300495679,0.9862166347263809
vit_cifar100_adaptive_blend_0_01_sam_rho_0_1,final_norm_out_gain_scale,2.0,backdoor,7915,0.004031721248574209,0.09266658005674722,0.9995137803764779,0.9943819341789398,0.8477744829598343
vit_cifar100_adaptive_blend_0_01_sam_rho_0_1,final_norm_out_gain_scale,3.0,clean,8000,0.001317219210454098,0.062410292910945464,0.8883666946497408,0.9989364486542601,0.990750392234506
vit_cifar100_adaptive_blend_0_01_sam_rho_0_1,final_norm_out_gain_scale,3.0,backdoor,7915,0.0028130473740143064,0.07150989300924848,0.9962582620749828,0.9965553646042512,0.8894193371490281
vit_cifar100_adaptive_blend_0_01_sam_rho_0_1,final_norm_out_gain_scale,4.0,clean,8000,0.0020446429300355782,0.1396690745983501,0.8364640757187183,0.9963251626229385,0.9884934279885623
vit_cifar100_adaptive_blend_0_01_sam_rho_0_1,final_norm_out_gain_scale,4.0,backdoor,7915,0.004043900704609841,0.15135491658304157,0.9830994902946322,0.9939026551457775,0.9111674800557763
vit_cifar100_adaptive_blend_0_01_sam_rho_0_1,final_norm_out_gain_scale,6.0,clean,8000,0.0020724303100553235,0.16983931673322794,0.7971983740934562,0.9965245953598967,0.9902463737923066
vit_cifar100_adaptive_blend_0_01_sam_rho_0_1,final_norm_out_gain_scale,6.0,backdoor,7915,0.0038570129376804914,0.23012245006586385,0.9399844011377264,0.9930746066638255,0.9335735663914272
vit_cifar100_adaptive_blend_0_01_sam_rho_0_1,final_norm_out_gain_scale,9.0,clean,8000,0.002184975823651763,0.2738140225806921,0.7708563149480576,0.9943872435884747,0.989071138695752
vit_cifar100_adaptive_blend_0_01_sam_rho_0_1,final_norm_out_gain_scale,9.0,backdoor,7915,0.003986647776873773,0.27729994054542184,0.8749037893948625,0.9917959200852298,0.950924975540003
vit_cifar100_adaptive_blend_0_05,final_norm_out_gain_scale,0.25,clean,8000,0.001114016209746132,0.028534011668606585,0.9998903704250446,0.9982059630214082,0.9828884196305717
vit_cifar100_adaptive_blend_0_05,final_norm_out_gain_scale,0.25,backdoor,7915,0.0009968593862576406,0.036019505325954326,0.9999253601165752,0.9941764599032601,0.9717724387483757
vit_cifar100_adaptive_blend_0_05,final_norm_out_gain_scale,0.5,clean,8000,0.0011869141663570612,0.039205859095483464,0.9997913496232833,0.9982755378972288,0.9861332424090935
vit_cifar100_adaptive_blend_0_05,final_norm_out_gain_scale,0.5,backdoor,7915,0.0009504517277455541,0.030637326710221124,0.9998784789219485,0.9968452241216582,0.9791348867193707
vit_cifar100_adaptive_blend_0_05,final_norm_out_gain_scale,1.0,clean,8000,0.0007524637091993505,0.04027512607698014,0.9813162111226477,0.9991195222829998,0.9901401861876983
vit_cifar100_adaptive_blend_0_05,final_norm_out_gain_scale,1.0,backdoor,7915,0.00045910182759100257,0.031209233764637134,0.9899839138145647,0.9991881251430805,0.988494918264502
vit_cifar100_adaptive_blend_0_05,final_norm_out_gain_scale,2.0,clean,8000,0.001413629181931202,0.0926666010303705,0.8887151006654653,0.9974824671567197,0.9910181657893714
vit_cifar100_adaptive_blend_0_05,final_norm_out_gain_scale,2.0,backdoor,7915,0.0010831453372483757,0.07794747708656535,0.897312001404674,0.9969165699346645,0.9882537773381235
vit_cifar100_adaptive_blend_0_05,final_norm_out_gain_scale,3.0,clean,8000,0.0008692752276959577,0.07205458311963231,0.8220073754209236,0.9990620383481813,0.9941583934183745
vit_cifar100_adaptive_blend_0_05,final_norm_out_gain_scale,3.0,backdoor,7915,0.00044849602726312996,0.06217652567803267,0.8103825880473431,0.9988329096755465,0.9930220186934403
vit_cifar100_adaptive_blend_0_05,final_norm_out_gain_scale,4.0,clean,8000,0.001359197401150854,0.12594498413565824,0.794190857709918,0.9981767586923176,0.994006634377607
vit_cifar100_adaptive_blend_0_05,final_norm_out_gain_scale,4.0,backdoor,7915,0.001114068872500197,0.1396718209349419,0.7616251515050786,0.9949288631836883,0.98885510018659
vit_cifar100_adaptive_blend_0_05,final_norm_out_gain_scale,6.0,clean,8000,0.0014801580722319865,0.17501195950937365,0.7762288479315406,0.9967750463396126,0.992461064826284
vit_cifar100_adaptive_blend_0_05,final_norm_out_gain_scale,6.0,backdoor,7915,0.001181642966185711,0.2310585379600525,0.7345695688554096,0.996583187995974,0.9915873920365168
vit_cifar100_adaptive_blend_0_05,final_norm_out_gain_scale,9.0,clean,8000,0.0012931630732344512,0.19995465011119884,0.7593804780170462,0.9979380418248286,0.995240074376369
vit_cifar100_adaptive_blend_0_05,final_norm_out_gain_scale,9.0,backdoor,7915,0.0011076403435461607,0.27381411234522,0.7126805782947192,0.9941752912852437,0.990029302363749
vit_cifar100_adaptive_blend_0_05_sam_rho_0_1,final_norm_out_gain_scale,0.25,clean,8000,0.0014636196369885903,0.027182813823143248,0.9999262330160076,0.9978315169024738,0.9633913192763797
vit_cifar100_adaptive_blend_0_05_sam_rho_0_1,final_norm_out_gain_scale,0.25,backdoor,7915,0.001648993852100311,0.03314874981013344,0.999849806568856,0.9889082301798143,0.8986763681394256
vit_cifar100_adaptive_blend_0_05_sam_rho_0_1,final_norm_out_gain_scale,0.5,clean,8000,0.0015385571188360001,0.037884748537642565,0.9998974572496907,0.9991769452934379,0.9738413141075303
vit_cifar100_adaptive_blend_0_05_sam_rho_0_1,final_norm_out_gain_scale,0.5,backdoor,7915,0.001574916156786568,0.04261090525231115,0.9998561474080967,0.9946829827974392,0.9304808576409351
vit_cifar100_adaptive_blend_0_05_sam_rho_0_1,final_norm_out_gain_scale,1.0,clean,8000,0.0010994222160492211,0.0521021141496395,0.999553894104009,0.9995445938812867,0.9816316138576077
vit_cifar100_adaptive_blend_0_05_sam_rho_0_1,final_norm_out_gain_scale,1.0,backdoor,7915,0.0008558319537667442,0.0449626516128927,0.9999559151644584,0.998460817484549,0.9575414045699695
vit_cifar100_adaptive_blend_0_05_sam_rho_0_1,final_norm_out_gain_scale,2.0,clean,8000,0.0017720286058402412,0.07572118006577677,0.9612189520767358,0.9991918426489373,0.9879587939459488
vit_cifar100_adaptive_blend_0_05_sam_rho_0_1,final_norm_out_gain_scale,2.0,backdoor,7915,0.0015429466762990431,0.09402887369777857,0.9924569832241119,0.9968603724320081,0.9696796390958048
vit_cifar100_adaptive_blend_0_05_sam_rho_0_1,final_norm_out_gain_scale,3.0,clean,8000,0.0012479745006425261,0.0632439150320796,0.8962830467755618,0.9995336790783234,0.9908321487719707
vit_cifar100_adaptive_blend_0_05_sam_rho_0_1,final_norm_out_gain_scale,3.0,backdoor,7915,0.0007882817890113547,0.07970371947947386,0.9415183647681581,0.9987572376226657,0.9788101403720821
vit_cifar100_adaptive_blend_0_05_sam_rho_0_1,final_norm_out_gain_scale,4.0,clean,8000,0.0019135567381757235,0.1513548978737641,0.8444702317786738,0.9987351372718415,0.9914274521473694
vit_cifar100_adaptive_blend_0_05_sam_rho_0_1,final_norm_out_gain_scale,4.0,backdoor,7915,0.001460171185125758,0.12377289157929316,0.8743475796923018,0.9971415749262285,0.9804303798014988
vit_cifar100_adaptive_blend_0_05_sam_rho_0_1,final_norm_out_gain_scale,6.0,clean,8000,0.0018737476386590918,0.16963671474703934,0.7965720559324988,0.9985463136062291,0.9925571716411229
vit_cifar100_adaptive_blend_0_05_sam_rho_0_1,final_norm_out_gain_scale,6.0,backdoor,7915,0.0012592324235493068,0.1266278150040866,0.7628828134221809,0.996899465779096,0.983998777420131
vit_cifar100_adaptive_blend_0_05_sam_rho_0_1,final_norm_out_gain_scale,9.0,clean,8000,0.0019802221850036454,0.277299934001237,0.7721266264668024,0.9980293619235614,0.9937141875670309
vit_cifar100_adaptive_blend_0_05_sam_rho_0_1,final_norm_out_gain_scale,9.0,backdoor,7915,0.0013295746445583366,0.23105856776237488,0.7115440747936497,0.9964971150509905,0.9850378064647773
vit_cifar100_adaptive_blend_0_1,final_norm_out_gain_scale,0.25,clean,8000,0.0011545498267343858,0.027100298133023837,0.9998815713345418,0.9973035715734399,0.9801483129866627
vit_cifar100_adaptive_blend_0_1,final_norm_out_gain_scale,0.25,backdoor,7915,0.000591659814101343,0.03432090129722609,0.9998849448747699,0.9964955267185673,0.9891505498222244
vit_cifar100_adaptive_blend_0_1,final_norm_out_gain_scale,0.5,clean,8000,0.0012079311653157355,0.05462936504275884,0.9997495232146224,0.9980763478882434,0.9846203230178224
vit_cifar100_adaptive_blend_0_1,final_norm_out_gain_scale,0.5,backdoor,7915,0.0005610612710220514,0.045925783441252754,0.9997767355782841,0.9973204578582006,0.9922778751501177
vit_cifar100_adaptive_blend_0_1,final_norm_out_gain_scale,1.0,clean,8000,0.000855551334710796,0.054430210043665106,0.9796243357021128,0.9991527432699244,0.9900728748193914
vit_cifar100_adaptive_blend_0_1,final_norm_out_gain_scale,1.0,backdoor,7915,0.000312066110172322,0.031209334352307105,0.9724668045482353,0.9986996958571501,0.9956649816651622
vit_cifar100_adaptive_blend_0_1,final_norm_out_gain_scale,2.0,clean,8000,0.0014103963189410638,0.1089146240317681,0.8890565233768346,0.9973674998470258,0.9900280308420636
vit_cifar100_adaptive_blend_0_1,final_norm_out_gain_scale,2.0,backdoor,7915,0.0006633872708015132,0.08651207837738306,0.8179235166579123,0.99726024009612,0.9944559266832871
vit_cifar100_adaptive_blend_0_1,final_norm_out_gain_scale,3.0,clean,8000,0.0009551274342645851,0.07465297718968711,0.8239432412400752,0.9982728277841566,0.9931125602489063
vit_cifar100_adaptive_blend_0_1,final_norm_out_gain_scale,3.0,backdoor,7915,0.0002977542469830907,0.062176526350806394,0.7018680340034286,0.9986731698482217,0.9968807271931942
vit_cifar100_adaptive_blend_0_1,final_norm_out_gain_scale,4.0,clean,8000,0.001447533638691548,0.10115974517494697,0.8024426263698654,0.9973873797344158,0.9921998322223368
vit_cifar100_adaptive_blend_0_1,final_norm_out_gain_scale,4.0,backdoor,7915,0.0006786826534112893,0.12245932221412514,0.6503808964806918,0.9964869442173645,0.9942667032360885
vit_cifar100_adaptive_blend_0_1,final_norm_out_gain_scale,6.0,clean,8000,0.0013878915479051087,0.1431226443806991,0.7876071757551986,0.995503346054416,0.9904512945773581
vit_cifar100_adaptive_blend_0_1,final_norm_out_gain_scale,6.0,backdoor,7915,0.000703011750878142,0.16963674750898905,0.6382825482244948,0.9954448632126477,0.993518193300423
vit_cifar100_adaptive_blend_0_1,final_norm_out_gain_scale,9.0,clean,8000,0.0014090006850792339,0.19995474388834966,0.7733559984112308,0.9966969945449393,0.9929260226758737
vit_cifar100_adaptive_blend_0_1,final_norm_out_gain_scale,9.0,backdoor,7915,0.000683985442509829,0.23105856776237488,0.6494396341692598,0.9962518669040963,0.9945091524783626
vit_cifar100_adaptive_blend_0_1_sam_rho_0_1,final_norm_out_gain_scale,0.25,clean,8000,0.0014335024010132052,0.031168926859063306,0.9999267192853154,0.9972559302307943,0.9669295738018253
vit_cifar100_adaptive_blend_0_1_sam_rho_0_1,final_norm_out_gain_scale,0.25,backdoor,7915,0.001245491725400501,0.04081055224446117,0.9998601591940469,0.9917876747493723,0.9463106293760324
vit_cifar100_adaptive_blend_0_1_sam_rho_0_1,final_norm_out_gain_scale,0.5,clean,8000,0.0014712630200991574,0.03889578023874363,0.9998906675727703,0.9983818894227982,0.9749788914863562
vit_cifar100_adaptive_blend_0_1_sam_rho_0_1,final_norm_out_gain_scale,0.5,backdoor,7915,0.001152268922260127,0.04288573457441003,0.9998669082806481,0.9957489977268512,0.9634891012284945
vit_cifar100_adaptive_blend_0_1_sam_rho_0_1,final_norm_out_gain_scale,1.0,clean,8000,0.0011388227804571174,0.032694086111956455,0.9991187301269177,0.9995258403711199,0.9832938657213238
vit_cifar100_adaptive_blend_0_1_sam_rho_0_1,final_norm_out_gain_scale,1.0,backdoor,7915,0.0005695282941978431,0.03841707619433021,0.9999460883803125,0.9987088206044117,0.9792267813465492
vit_cifar100_adaptive_blend_0_1_sam_rho_0_1,final_norm_out_gain_scale,2.0,clean,8000,0.0018082195783401206,0.10461683669205879,0.9564148458035975,0.9981741217471882,0.9868522459905131
vit_cifar100_adaptive_blend_0_1_sam_rho_0_1,final_norm_out_gain_scale,2.0,backdoor,7915,0.0011074827105002959,0.08559686956703105,0.9799087144698547,0.9976296113816022,0.9839906208896648
vit_cifar100_adaptive_blend_0_1_sam_rho_0_1,final_norm_out_gain_scale,3.0,clean,8000,0.001317977695898958,0.062417908946114986,0.891160223009122,0.9991548630133562,0.9907325923491609
vit_cifar100_adaptive_blend_0_1_sam_rho_0_1,final_norm_out_gain_scale,3.0,backdoor,7915,0.0005696487028826341,0.062418767106124706,0.900165751940286,0.99819551853083,0.9874761892344979
vit_cifar100_adaptive_blend_0_1_sam_rho_0_1,final_norm_out_gain_scale,4.0,clean,8000,0.0020245404673749656,0.1535632671104088,0.8418157083275748,0.9978735176161768,0.9906419742598641
vit_cifar100_adaptive_blend_0_1_sam_rho_0_1,final_norm_out_gain_scale,4.0,backdoor,7915,0.0011387785103880936,0.1791787160682754,0.8069291638930265,0.9971027912026691,0.9874793377193561
vit_cifar100_adaptive_blend_0_1_sam_rho_0_1,final_norm_out_gain_scale,6.0,clean,8000,0.0020146206884281595,0.23012242404284144,0.7920198384419662,0.9973774114273142,0.9912714338839405
vit_cifar100_adaptive_blend_0_1_sam_rho_0_1,final_norm_out_gain_scale,6.0,backdoor,7915,0.001087167638966665,0.17917868494987488,0.6920675874624741,0.9969119873946071,0.9888535261087987
vit_cifar100_adaptive_blend_0_1_sam_rho_0_1,final_norm_out_gain_scale,9.0,clean,8000,0.0021595936512980984,0.2738142419750976,0.7675272588436512,0.9963953863711889,0.991368395866089
vit_cifar100_adaptive_blend_0_1_sam_rho_0_1,final_norm_out_gain_scale,9.0,backdoor,7915,0.0011755271671036048,0.3175744414329529,0.6497299127699052,0.9959242074098583,0.988273108950783
vit_cifar100_badnet_a2a_0_01_sam_rho_0_1,final_norm_out_gain_scale,0.25,clean,8000,0.0014448993757350031,0.03467728941888426,0.9999283021661881,0.9974182609891253,0.9637181726372038
vit_cifar100_badnet_a2a_0_01_sam_rho_0_1,final_norm_out_gain_scale,0.25,backdoor,8000,0.0028195902435069033,0.031679832660371776,0.9998880076837937,0.99737085936114,-0.520173195426858
vit_cifar100_badnet_a2a_0_01_sam_rho_0_1,final_norm_out_gain_scale,0.5,clean,8000,0.0015232762172482758,0.03304704909001582,0.9998877071475378,0.9989334282814694,0.9745659661003594
vit_cifar100_badnet_a2a_0_01_sam_rho_0_1,final_norm_out_gain_scale,0.5,backdoor,8000,0.00362858150976292,0.033771268069064275,0.9998258378332122,0.9982297272652462,-0.30457176111874523
vit_cifar100_badnet_a2a_0_01_sam_rho_0_1,final_norm_out_gain_scale,1.0,clean,8000,0.0009854643774774789,0.04017160215244686,0.9991228193589898,0.9994249462327172,0.9818288980067202
vit_cifar100_badnet_a2a_0_01_sam_rho_0_1,final_norm_out_gain_scale,1.0,backdoor,8000,0.0037847827767918886,0.03116881582829567,0.9997655594474855,0.9987129283548443,0.010024575227475126
vit_cifar100_badnet_a2a_0_01_sam_rho_0_1,final_norm_out_gain_scale,2.0,clean,8000,0.0018296342018150505,0.0757208946448944,0.9551548996558027,0.9990883999810382,0.9876932920611051
vit_cifar100_badnet_a2a_0_01_sam_rho_0_1,final_norm_out_gain_scale,2.0,backdoor,8000,0.006294133610714678,0.07789570676596125,0.9994416074132605,0.9977481683007262,0.34488087330121137
vit_cifar100_badnet_a2a_0_01_sam_rho_0_1,final_norm_out_gain_scale,3.0,clean,8000,0.0012151590067559107,0.06217651517203149,0.8884824257799169,0.9991022632858598,0.9898379822253421
vit_cifar100_badnet_a2a_0_01_sam_rho_0_1,final_norm_out_gain_scale,3.0,backdoor,8000,0.005934302618748817,0.06217641657683104,0.9994840481539012,0.9979727219077175,0.5096557949833558
vit_cifar100_badnet_a2a_0_01_sam_rho_0_1,final_norm_out_gain_scale,4.0,clean,8000,0.0019825466987614497,0.15356314376978386,0.8389943051170043,0.9985666126082658,0.9905598438784301
vit_cifar100_badnet_a2a_0_01_sam_rho_0_1,final_norm_out_gain_scale,4.0,backdoor,8000,0.007469618222652274,0.11231372067278189,0.9989955476841252,0.9968742079178649,0.6051495398705468
vit_cifar100_badnet_a2a_0_01_sam_rho_0_1,final_norm_out_gain_scale,6.0,clean,8000,0.002051808313195712,0.16983965765022857,0.8003836851367963,0.9969803750021979,0.9898151464006064
vit_cifar100_badnet_a2a_0_01_sam_rho_0_1,final_norm_out_gain_scale,6.0,backdoor,8000,0.00783559459753401,0.16983948752279832,0.99596516888599,0.9961028890328122,0.7143814241987639
vit_cifar100_badnet_a2a_0_01_sam_rho_0_1,final_norm_out_gain_scale,9.0,clean,8000,0.0021132727630265562,0.2294421094878908,0.7795462788531242,0.9982104205801468,0.9932632772732062
vit_cifar100_badnet_a2a_0_01_sam_rho_0_1,final_norm_out_gain_scale,9.0,backdoor,8000,0.00820124357547185,0.21353136563490416,0.9832014480316422,0.9948214580205872,0.7931889116902523
vit_cifar100_badnet_a2a_0_05,final_norm_out_gain_scale,0.25,clean,8000,0.0010821855253422994,0.037366943561931265,0.9998810419010432,0.9962851902495294,0.9804489791522509
vit_cifar100_badnet_a2a_0_05,final_norm_out_gain_scale,0.25,backdoor,8000,0.0015797993783066725,0.030311893381699262,0.9998740602967711,0.9973845078434236,0.9451940848441034
vit_cifar100_badnet_a2a_0_05,final_norm_out_gain_scale,0.5,clean,8000,0.0011346821194971484,0.03367093499183915,0.9998040740996631,0.998129373916202,0.9859936869138592
vit_cifar100_badnet_a2a_0_05,final_norm_out_gain_scale,0.5,backdoor,8000,0.001678051859999993,0.03678483701327673,0.9998562384151684,0.9985754093779895,0.9621357662054719
vit_cifar100_badnet_a2a_0_05,final_norm_out_gain_scale,1.0,clean,8000,0.0007626155348476291,0.03184434371742251,0.9815250174852274,0.9996740282727388,0.9918480531946492
vit_cifar100_badnet_a2a_0_05,final_norm_out_gain_scale,1.0,backdoor,8000,0.0013220953848893588,0.044929180597113705,0.9999074499518522,0.9993116810145751,0.9759518922454242
vit_cifar100_badnet_a2a_0_05,final_norm_out_gain_scale,2.0,clean,8000,0.0013138231526708371,0.07485407837832847,0.8855041757702752,0.9981314969606077,0.9917589192907962
vit_cifar100_badnet_a2a_0_05,final_norm_out_gain_scale,2.0,backdoor,8000,0.0019677158668960893,0.09263290406207614,0.9958418413062642,0.9987728072189339,0.9840111470931463
vit_cifar100_badnet_a2a_0_05,final_norm_out_gain_scale,3.0,clean,8000,0.00085864100126785,0.06241874343204468,0.8129381312261252,0.9993828272713688,0.9949708591739754
vit_cifar100_badnet_a2a_0_05,final_norm_out_gain_scale,3.0,backdoor,8000,0.001644925222197564,0.07970381445372698,0.9554683842856345,0.9989572543643894,0.9879870484510043
vit_cifar100_badnet_a2a_0_05,final_norm_out_gain_scale,4.0,clean,8000,0.001340879541154354,0.13597735550208534,0.7913907655817026,0.998760996671235,0.9948118993185282
vit_cifar100_badnet_a2a_0_05,final_norm_out_gain_scale,4.0,backdoor,8000,0.00216092682050444,0.1548406372353588,0.8930590229152715,0.9980424252269043,0.9890035307856385
vit_cifar100_badnet_a2a_0_05,final_norm_out_gain_scale,6.0,clean,8000,0.0014748274752583602,0.20578509167837,0.7703330697798132,0.9959990469901407,0.9913054786781526
vit_cifar100_badnet_a2a_0_05,final_norm_out_gain_scale,6.0,backdoor,8000,0.0021679007582489974,0.1791787147521977,0.7950643733516494,0.9982559964840192,0.9917778611970527
vit_cifar100_badnet_a2a_0_05,final_norm_out_gain_scale,9.0,clean,8000,0.0014234921369652043,0.2185943902298918,0.7708419326384892,0.9986270634664489,0.9959881833628987
vit_cifar100_badnet_a2a_0_05,final_norm_out_gain_scale,9.0,backdoor,8000,0.0023563238997387666,0.2772998993684347,0.7434896489771382,0.996218018504185,0.9904826400161371
vit_cifar100_badnet_a2a_0_05_sam_rho_0_1,final_norm_out_gain_scale,0.25,clean,8000,0.0014061315169628435,0.03337106986852567,0.9999244544668754,0.9981404684797623,0.9695101696188319
vit_cifar100_badnet_a2a_0_05_sam_rho_0_1,final_norm_out_gain_scale,0.25,backdoor,8000,0.0016546137850821725,0.040863530795838265,0.999899242976884,0.9982913756547529,0.8972738459943286
vit_cifar100_badnet_a2a_0_05_sam_rho_0_1,final_norm_out_gain_scale,0.5,clean,8000,0.001540134537925981,0.03201638608769619,0.9998859867844242,0.9983559365629799,0.9761387832883499
vit_cifar100_badnet_a2a_0_05_sam_rho_0_1,final_norm_out_gain_scale,0.5,backdoor,8000,0.0018562111600406066,0.04478672936110162,0.9998914817948551,0.999118459361102,0.9309983023466782
vit_cifar100_badnet_a2a_0_05_sam_rho_0_1,final_norm_out_gain_scale,1.0,clean,8000,0.0011647484342431067,0.05868795512244551,0.9991193367590147,0.9991914368693828,0.9845938711128113
vit_cifar100_badnet_a2a_0_05_sam_rho_0_1,final_norm_out_gain_scale,1.0,backdoor,8000,0.0015144426098416197,0.03189403086599907,0.9999260531296548,0.9996529096156459,0.9583680395123482
vit_cifar100_badnet_a2a_0_05_sam_rho_0_1,final_norm_out_gain_scale,2.0,clean,8000,0.001871341680085499,0.09266644339643221,0.9488300493657951,0.9981980555715065,0.9885623929222951
vit_cifar100_badnet_a2a_0_05_sam_rho_0_1,final_norm_out_gain_scale,2.0,backdoor,8000,0.0023909538201933845,0.0814798998298577,0.9939536545169577,0.9992807685394758,0.9748256535920172
vit_cifar100_badnet_a2a_0_05_sam_rho_0_1,final_norm_out_gain_scale,3.0,clean,8000,0.0013154086264378442,0.09812120268141977,0.8810852588098897,0.9986908898257131,0.9915277675314403
vit_cifar100_badnet_a2a_0_05_sam_rho_0_1,final_norm_out_gain_scale,3.0,backdoor,8000,0.0020325499963149384,0.06241010188697116,0.9552095302418223,0.999500867234336,0.9822782965065732
vit_cifar100_badnet_a2a_0_05_sam_rho_0_1,final_norm_out_gain_scale,4.0,clean,8000,0.001860776658033479,0.13967179028349697,0.8327621088201399,0.9984278794980904,0.9928457370763323
vit_cifar100_badnet_a2a_0_05_sam_rho_0_1,final_norm_out_gain_scale,4.0,backdoor,8000,0.002630111282064804,0.11599270104755033,0.9108023971474444,0.9990345633285632,0.9853011983317698
vit_cifar100_badnet_a2a_0_05_sam_rho_0_1,final_norm_out_gain_scale,6.0,clean,8000,0.0018333053077294052,0.2310585379600606,0.7939476680269353,0.9975898827503396,0.9924909810934825
vit_cifar100_badnet_a2a_0_05_sam_rho_0_1,final_norm_out_gain_scale,6.0,backdoor,8000,0.002661086507523315,0.14360857156210904,0.8430785194950746,0.998383447671732,0.9880847680749129
vit_cifar100_badnet_a2a_0_05_sam_rho_0_1,final_norm_out_gain_scale,9.0,clean,8000,0.0018385104720464657,0.2738140556603067,0.7655049401168873,0.9976097909029515,0.9940542937774387
vit_cifar100_badnet_a2a_0_05_sam_rho_0_1,final_norm_out_gain_scale,9.0,backdoor,8000,0.0026853738777314214,0.19995471197348058,0.8105285050142663,0.9983389593584711,0.9911463988285448
vit_cifar100_badnet_a2a_0_1,final_norm_out_gain_scale,0.25,clean,8000,0.0010552381472353648,0.02854466468409167,0.9998733899944297,0.9979213782346666,0.9839868873866897
vit_cifar100_badnet_a2a_0_1,final_norm_out_gain_scale,0.25,backdoor,8000,0.0015058673343516277,0.034184856700063326,0.9999147906292838,0.9975463338399638,0.9547415672602191
vit_cifar100_badnet_a2a_0_1,final_norm_out_gain_scale,0.5,clean,8000,0.0011209885321804174,0.03530990055569272,0.999847093827024,0.9990979438689879,0.9887707715401878
vit_cifar100_badnet_a2a_0_1,final_norm_out_gain_scale,0.5,backdoor,8000,0.001663382079306205,0.038692867574912526,0.9998849271607799,0.9986614104260758,0.9669545672209701
vit_cifar100_badnet_a2a_0_1,final_norm_out_gain_scale,1.0,clean,8000,0.0005552539610754056,0.0365534398693097,0.9884699859555603,0.9999515250205273,0.9930029559153867
vit_cifar100_badnet_a2a_0_1,final_norm_out_gain_scale,1.0,backdoor,8000,0.0011429655028343114,0.03122872889977779,0.9998973113577426,0.9995860335031496,0.9786323693592897
vit_cifar100_badnet_a2a_0_1,final_norm_out_gain_scale,2.0,clean,8000,0.0012489477325098744,0.07037769658671023,0.8791525570810813,0.9992408565651074,0.9946001141644895
vit_cifar100_badnet_a2a_0_1,final_norm_out_gain_scale,2.0,backdoor,8000,0.0019950824895459533,0.09266659013112244,0.976388586758894,0.9986286302982581,0.9842225906782321
vit_cifar100_badnet_a2a_0_1,final_norm_out_gain_scale,3.0,clean,8000,0.0006504042320450329,0.062176452367877055,0.8053531725480078,0.9999378516295611,0.9966088104017949
vit_cifar100_badnet_a2a_0_1,final_norm_out_gain_scale,3.0,backdoor,8000,0.0013963020058428922,0.062418755507129275,0.9132498163665811,0.999429839842373,0.9891980212622452
vit_cifar100_badnet_a2a_0_1,final_norm_out_gain_scale,4.0,clean,8000,0.0013822466376608347,0.10115272167544254,0.7813840821084532,0.9983840641827001,0.9954574500716601
vit_cifar100_badnet_a2a_0_1,final_norm_out_gain_scale,4.0,backdoor,8000,0.0022271124228519386,0.1259450599695171,0.8590330845244417,0.9980748323457331,0.9889792729011307
vit_cifar100_badnet_a2a_0_1,final_norm_out_gain_scale,6.0,clean,8000,0.0014073209139696305,0.16983962163788036,0.7747062167649921,0.9982721830820078,0.9958924770996077
vit_cifar100_badnet_a2a_0_1,final_norm_out_gain_scale,6.0,backdoor,8000,0.0022783600970704664,0.20578500893442175,0.8027334014502896,0.9972915811641736,0.990093612976318
vit_cifar100_badnet_a2a_0_1,final_norm_out_gain_scale,9.0,clean,8000,0.0014684077698859305,0.19995470099151302,0.7613409284673784,0.9976004177808396,0.995867273706406
vit_cifar100_badnet_a2a_0_1,final_norm_out_gain_scale,9.0,backdoor,8000,0.002441627594331589,0.2042523626089724,0.7856015705828862,0.9972893189179155,0.9916883950320174
vit_cifar100_badnet_a2a_0_1_sam_rho_0_1,final_norm_out_gain_scale,0.25,clean,8000,0.0015208499025057027,0.03163946180496413,0.999927920252276,0.9973067783862803,0.9615469320859292
vit_cifar100_badnet_a2a_0_1_sam_rho_0_1,final_norm_out_gain_scale,0.25,backdoor,8000,0.0016548002642065658,0.03248529124204369,0.9999149525591359,0.9982143508409992,0.9206909545144398
vit_cifar100_badnet_a2a_0_1_sam_rho_0_1,final_norm_out_gain_scale,0.5,clean,8000,0.0016237185346059313,0.03711485819607635,0.999892576748551,0.9982228383852113,0.9710380737201386
vit_cifar100_badnet_a2a_0_1_sam_rho_0_1,final_norm_out_gain_scale,0.5,backdoor,8000,0.0017607857257147437,0.033994500148930795,0.9999070589726011,0.9992675307052533,0.945316554111652
vit_cifar100_badnet_a2a_0_1_sam_rho_0_1,final_norm_out_gain_scale,1.0,clean,8000,0.0011916186415422071,0.06140118877551759,0.9993813147022422,0.9992598539449982,0.9803809141293288
vit_cifar100_badnet_a2a_0_1_sam_rho_0_1,final_norm_out_gain_scale,1.0,backdoor,8000,0.0013987418755263882,0.0447170440921949,0.9999293886401412,0.9997050655422253,0.9658235178852669
vit_cifar100_badnet_a2a_0_1_sam_rho_0_1,final_norm_out_gain_scale,2.0,clean,8000,0.0018829149651725917,0.1058206347448627,0.9594752391956017,0.9977883308527539,0.9839680335789132
vit_cifar100_badnet_a2a_0_1_sam_rho_0_1,final_norm_out_gain_scale,2.0,backdoor,8000,0.002220974172272422,0.0906622868819591,0.9893185652059259,0.9994215578443725,0.9794831510258472
vit_cifar100_badnet_a2a_0_1_sam_rho_0_1,final_norm_out_gain_scale,3.0,clean,8000,0.0013208607115549787,0.1170021062171206,0.8974203309442571,0.9989815051689585,0.9887392996123361
vit_cifar100_badnet_a2a_0_1_sam_rho_0_1,final_norm_out_gain_scale,3.0,backdoor,8000,0.0018724143417212576,0.07970056484849664,0.9451887320400798,0.9994722299603984,0.9850985888203457
vit_cifar100_badnet_a2a_0_1_sam_rho_0_1,final_norm_out_gain_scale,4.0,clean,8000,0.0019523024163567188,0.15641787431210263,0.8470195526976821,0.9983504322656287,0.9891016159347408
vit_cifar100_badnet_a2a_0_1_sam_rho_0_1,final_norm_out_gain_scale,4.0,backdoor,8000,0.002528500405152331,0.15135477217749693,0.8993234702654229,0.9988996205607252,0.9874460479420828
vit_cifar100_badnet_a2a_0_1_sam_rho_0_1,final_norm_out_gain_scale,6.0,clean,8000,0.00188563663344459,0.1791786849498742,0.8057430166884829,0.9985058054611514,0.9908291747119642
vit_cifar100_badnet_a2a_0_1_sam_rho_0_1,final_norm_out_gain_scale,6.0,backdoor,8000,0.002559086933281141,0.14360841359946475,0.8378264864547061,0.9987305385832712,0.9900576699994171
vit_cifar100_badnet_a2a_0_1_sam_rho_0_1,final_norm_out_gain_scale,9.0,clean,8000,0.001990356627965655,0.2445764201920373,0.7821463128764269,0.9981956934753518,0.9917087674846643
vit_cifar100_badnet_a2a_0_1_sam_rho_0_1,final_norm_out_gain_scale,9.0,backdoor,8000,0.002614986818786958,0.2772997556485661,0.8019899611483462,0.9982604743413593,0.99245645970179
vit_cifar100_badnet_a2o_0_01,final_norm_out_gain_scale,0.25,clean,8000,0.0011022450070540906,0.03115331268983884,0.9998964142104859,0.9972011994512228,0.9817815423156667
vit_cifar100_badnet_a2o_0_01,final_norm_out_gain_scale,0.25,backdoor,7915,1.568092272807362e-06,0.001136167135772359,0.9964725456346649,0.9999777029271154,0.9999675249444844
vit_cifar100_badnet_a2o_0_01,final_norm_out_gain_scale,0.5,clean,8000,0.0012541983808033459,0.03595516946965638,0.9997990294196145,0.9987416772919969,0.9877078063270627
vit_cifar100_badnet_a2o_0_01,final_norm_out_gain_scale,0.5,backdoor,7915,3.821870442842931e-07,0.001074925906026758,0.9927239424883307,0.9999996975452943,0.9999994196422038
vit_cifar100_badnet_a2o_0_01,final_norm_out_gain_scale,1.0,clean,8000,0.0008801781522586261,0.031209336068109716,0.9820008893999136,0.9995022875920068,0.9912355785328771
vit_cifar100_badnet_a2o_0_01,final_norm_out_gain_scale,1.0,backdoor,7915,1.3268745401596612e-08,2.788641552120552e-07,0.2837189388942924,0.9999999554283014,0.9999999997277416
vit_cifar100_badnet_a2o_0_01,final_norm_out_gain_scale,2.0,clean,8000,0.001558214467723069,0.07610656047437014,0.8855282936773697,0.9990762893943805,0.9937017029191401
vit_cifar100_badnet_a2o_0_01,final_norm_out_gain_scale,2.0,backdoor,7915,1.2797270614610728e-08,8.528767957305394e-05,0.03892740998727605,0.9999999554525023,0.9999999999999998
vit_cifar100_badnet_a2o_0_01,final_norm_out_gain_scale,3.0,clean,8000,0.0010849776554521977,0.06217652559568765,0.8181938318362433,0.9995076272865389,0.9949083193763517
vit_cifar100_badnet_a2o_0_01,final_norm_out_gain_scale,3.0,backdoor,7915,7.409158329328505e-12,5.0508936810800265e-08,0.057580422930361516,0.9999999989351677,0.9999999999999998
vit_cifar100_badnet_a2o_0_01,final_norm_out_gain_scale,4.0,clean,8000,0.0016253760519067365,0.156417798057794,0.7940093133113629,0.998280911566702,0.9938825396770904
vit_cifar100_badnet_a2o_0_01,final_norm_out_gain_scale,4.0,backdoor,7915,1.4355592104959828e-10,1.0892511042026598e-06,0.21877051491032803,0.9999999999939498,0.9999999999999998
vit_cifar100_badnet_a2o_0_01,final_norm_out_gain_scale,6.0,clean,8000,0.0017391335675653475,0.16963668905859675,0.7743490772488275,0.9977484832437394,0.9944738120225871
vit_cifar100_badnet_a2o_0_01,final_norm_out_gain_scale,6.0,backdoor,7915,1.3264302367924888e-11,1.045935750232374e-07,0.707151454199271,0.9999999999999998,0.9999999999999998
vit_cifar100_badnet_a2o_0_01,final_norm_out_gain_scale,9.0,clean,8000,0.001716054082763222,0.2445763292020624,0.7632139125094802,0.9977160574265158,0.9945568487901032
vit_cifar100_badnet_a2o_0_01,final_norm_out_gain_scale,9.0,backdoor,7915,3.9939947187259904e-14,3.160880446273495e-10,,0.9999999999999998,0.9999999999999998
vit_cifar100_badnet_a2o_0_01_sam_rho_0_1,final_norm_out_gain_scale,0.25,clean,8000,0.0014629723496059515,0.03298621922479528,0.9999277611875166,0.9969186596490868,0.9657816636843891
vit_cifar100_badnet_a2o_0_01_sam_rho_0_1,final_norm_out_gain_scale,0.25,backdoor,7915,1.4391983642403932e-05,0.020491945741568096,0.9978199514977272,0.9999806293588512,0.999937746059179
vit_cifar100_badnet_a2o_0_01_sam_rho_0_1,final_norm_out_gain_scale,0.5,clean,8000,0.0015659299288821255,0.03831675619892705,0.999895385349582,0.9985292060949789,0.9751717207781881
vit_cifar100_badnet_a2o_0_01_sam_rho_0_1,final_norm_out_gain_scale,0.5,backdoor,7915,1.5804176441555193e-05,0.025949890524225028,0.9963507675990156,0.9999996814941636,0.9999979372807897
vit_cifar100_badnet_a2o_0_01_sam_rho_0_1,final_norm_out_gain_scale,1.0,clean,8000,0.0011605931341382913,0.031245638576490653,0.9988877844140656,0.9987899244097307,0.9825603571675645
vit_cifar100_badnet_a2o_0_01_sam_rho_0_1,final_norm_out_gain_scale,1.0,backdoor,7915,1.1881253131053177e-06,0.003072774876722195,0.6657127397712007,0.9999999750490454,0.9999999861995321
vit_cifar100_badnet_a2o_0_01_sam_rho_0_1,final_norm_out_gain_scale,2.0,clean,8000,0.0019554499899908937,0.07930740582008183,0.9510476076606506,0.9976108538606104,0.9863956249082881
vit_cifar100_badnet_a2o_0_01_sam_rho_0_1,final_norm_out_gain_scale,2.0,backdoor,7915,1.734940216202588e-05,0.04014170818772156,0.20093879954341606,0.9999999743895754,0.9999999967813025
vit_cifar100_badnet_a2o_0_01_sam_rho_0_1,final_norm_out_gain_scale,3.0,clean,8000,0.001371537445603149,0.06237177022433027,0.8818002896111821,0.9984665718121964,0.9902523792090763
vit_cifar100_badnet_a2o_0_01_sam_rho_0_1,final_norm_out_gain_scale,3.0,backdoor,7915,8.0854658983607e-08,0.00037174211106183463,0.13351340162866235,0.9999999925764252,0.9999999975315251
vit_cifar100_badnet_a2o_0_01_sam_rho_0_1,final_norm_out_gain_scale,4.0,clean,8000,0.0020512032340387343,0.14654725704477012,0.8330645727082093,0.9975266713087719,0.9903806334416928
vit_cifar100_badnet_a2o_0_01_sam_rho_0_1,final_norm_out_gain_scale,4.0,backdoor,7915,1.0689094217060237e-05,0.03282920332070516,0.21405388206719816,0.9999999994433832,0.9999999987657626
vit_cifar100_badnet_a2o_0_01_sam_rho_0_1,final_norm_out_gain_scale,6.0,clean,8000,0.0021248988243621043,0.23012249630319115,0.7972356311643657,0.9968140152251963,0.9911187506011414
vit_cifar100_badnet_a2o_0_01_sam_rho_0_1,final_norm_out_gain_scale,6.0,backdoor,7915,1.4064262164570688e-05,0.028844219580581254,0.4053164911312485,0.9999999998547956,0.9999999992497773
vit_cifar100_badnet_a2o_0_01_sam_rho_0_1,final_norm_out_gain_scale,9.0,clean,8000,0.00215541818420286,0.27680571888129,0.7729056810216173,0.9962104886500137,0.9916371772352868
vit_cifar100_badnet_a2o_0_01_sam_rho_0_1,final_norm_out_gain_scale,9.0,backdoor,7915,3.7271600363443544e-06,0.01315756124201961,0.6510607416409829,0.9999999998789962,0.9999999995159853
vit_cifar100_badnet_a2o_0_05,final_norm_out_gain_scale,0.25,clean,8000,0.0010988533709328703,0.03458213535056187,0.999860048589592,0.9972253011061264,0.9833372963334425
vit_cifar100_badnet_a2o_0_05,final_norm_out_gain_scale,0.25,backdoor,7915,5.070383054874912e-07,0.0001686681135725232,0.9916771050792104,0.9999822907755923,0.9999810681772371
vit_cifar100_badnet_a2o_0_05,final_norm_out_gain_scale,0.5,clean,8000,0.0010966481868775507,0.031607331193129196,0.9997186536920405,0.9993039940322318,0.9890010412964129
vit_cifar100_badnet_a2o_0_05,final_norm_out_gain_scale,0.5,backdoor,7915,1.497558720995228e-07,0.00024138025491904358,0.8808795167887313,0.9999990423403307,0.999999458550257
vit_cifar100_badnet_a2o_0_05,final_norm_out_gain_scale,1.0,clean,8000,0.0007469365796883581,0.06188057289920279,0.9752695295275903,0.9984923264537336,0.990109503885094
vit_cifar100_badnet_a2o_0_05,final_norm_out_gain_scale,1.0,backdoor,7915,9.534098413569631e-09,3.075430258503431e-05,0.10464969818729215,0.9999993358107001,0.9999999999939498
vit_cifar100_badnet_a2o_0_05,final_norm_out_gain_scale,2.0,clean,8000,0.0013515415259942691,0.09264121846959728,0.8749639353222014,0.9979174503631801,0.9918673680371499
vit_cifar100_badnet_a2o_0_05,final_norm_out_gain_scale,2.0,backdoor,7915,1.1404988968394234e-10,5.273484651180382e-07,0.039151977429735633,0.9999994645040803,1.0
vit_cifar100_badnet_a2o_0_05,final_norm_out_gain_scale,3.0,clean,8000,0.0009006357330984539,0.12245559947372459,0.8077097924458333,0.9983271832350723,0.9934896013123374
vit_cifar100_badnet_a2o_0_05,final_norm_out_gain_scale,3.0,backdoor,7915,1.1821674656243398e-11,5.095324340231855e-08,0.11678583761301295,0.99999999999395,1.0
vit_cifar100_badnet_a2o_0_05,final_norm_out_gain_scale,4.0,clean,8000,0.0015451767568239773,0.1503593757483861,0.7865271350062354,0.9967459819360894,0.9923040772814956
vit_cifar100_badnet_a2o_0_05,final_norm_out_gain_scale,4.0,backdoor,7915,2.095779856250174e-13,1.1032563751456337e-09,,1.0,1.0
vit_cifar100_badnet_a2o_0_05,final_norm_out_gain_scale,6.0,clean,8000,0.0014440577316367305,0.17917871979630967,0.7676489034682996,0.9973297168247333,0.993472969499378
vit_cifar100_badnet_a2o_0_05,final_norm_out_gain_scale,6.0,backdoor,7915,4.906582615462789e-17,2.8821389719269064e-13,,1.0,1.0
vit_cifar100_badnet_a2o_0_05,final_norm_out_gain_scale,9.0,clean,8000,0.0015823575280999745,0.2772807868642262,0.7598272641867883,0.9957942532666285,0.992587134537407
vit_cifar100_badnet_a2o_0_05,final_norm_out_gain_scale,9.0,backdoor,7915,0.0,0.0,,1.0,1.0
vit_cifar100_badnet_a2o_0_05_sam_rho_0_1,final_norm_out_gain_scale,0.25,clean,8000,0.001999893317261036,0.028889453365111506,0.9999225143638678,0.996937231355885,0.9143040815084438
vit_cifar100_badnet_a2o_0_05_sam_rho_0_1,final_norm_out_gain_scale,0.25,backdoor,7915,1.0460020677331315e-05,0.0051854495089455055,0.9990179668446428,0.9999933927705713,0.9999827508068589
vit_cifar100_badnet_a2o_0_05_sam_rho_0_1,final_norm_out_gain_scale,0.5,clean,8000,0.0021943607219217344,0.03799797911342018,0.9998910809412113,0.998502603091513,0.9377773026914941
vit_cifar100_badnet_a2o_0_05_sam_rho_0_1,final_norm_out_gain_scale,0.5,backdoor,7915,8.166177441120304e-06,0.014962204230562492,0.9976834091981047,0.9999998613600561,0.9999993958347618
vit_cifar100_badnet_a2o_0_05_sam_rho_0_1,final_norm_out_gain_scale,1.0,clean,8000,0.0017073395104616597,0.06214940224260945,0.9998595622032155,0.9992970696196907,0.9591153552512841
vit_cifar100_badnet_a2o_0_05_sam_rho_0_1,final_norm_out_gain_scale,1.0,backdoor,7915,1.2872681428930112e-06,0.005537865854282176,0.648914977311236,0.9999999810084756,0.9999999954986637
vit_cifar100_badnet_a2o_0_05_sam_rho_0_1,final_norm_out_gain_scale,2.0,clean,8000,0.0028697432041373066,0.12387433363551514,0.9874906211191312,0.9987990214594197,0.9735470485513317
vit_cifar100_badnet_a2o_0_05_sam_rho_0_1,final_norm_out_gain_scale,2.0,backdoor,7915,1.710858402608794e-06,0.004241040048155176,0.18663796952377465,0.999999981117379,0.9999999998487452
vit_cifar100_badnet_a2o_0_05_sam_rho_0_1,final_norm_out_gain_scale,3.0,clean,8000,0.0023073175602676193,0.12245939832833541,0.9537690677391786,0.9991422685038996,0.9811801108266219
vit_cifar100_badnet_a2o_0_05_sam_rho_0_1,final_norm_out_gain_scale,3.0,backdoor,7915,1.4089234922006003e-06,0.008309121400212782,0.14808001341869031,0.9999999981970453,0.9999999999757991
vit_cifar100_badnet_a2o_0_05_sam_rho_0_1,final_norm_out_gain_scale,4.0,clean,8000,0.003052666632064754,0.21353146075461238,0.9114962112641701,0.9985073552904745,0.9836080080359484
vit_cifar100_badnet_a2o_0_05_sam_rho_0_1,final_norm_out_gain_scale,4.0,backdoor,7915,3.664875984682399e-07,0.001106443006834934,0.261101879294862,0.9999999999939496,0.9999999999999998
vit_cifar100_badnet_a2o_0_05_sam_rho_0_1,final_norm_out_gain_scale,6.0,clean,8000,0.003138387624486776,0.26796165937756966,0.8583994907552005,0.9981879655292403,0.9877172538782907
vit_cifar100_badnet_a2o_0_05_sam_rho_0_1,final_norm_out_gain_scale,6.0,backdoor,7915,1.7201691400334467e-07,0.0009733360420323134,0.4179700495827049,0.9999999999939496,0.9999999999999998
vit_cifar100_badnet_a2o_0_05_sam_rho_0_1,final_norm_out_gain_scale,9.0,clean,8000,0.003155683452209426,0.3997593450586864,0.8210539191893422,0.9979446631404008,0.990344520508869
vit_cifar100_badnet_a2o_0_05_sam_rho_0_1,final_norm_out_gain_scale,9.0,backdoor,7915,1.3581148341065478e-08,9.084378246737579e-05,0.3899391355317557,0.9999999999999998,0.9999999999999998
swin_cifar100_adaptive_blend_0_01,mlp_norm_out_gain_scale,0.25,clean,8000,0.1204807610673012,0.999885199884753,0.8675138774421499,-0.17821797585942664,-0.16771534475319166
swin_cifar100_adaptive_blend_0_01,mlp_norm_out_gain_scale,0.25,backdoor,7915,0.363794657949853,0.9997826168511376,0.32070904106465337,0.2078945287749459,0.2410092904111482
swin_cifar100_adaptive_blend_0_01,mlp_norm_out_gain_scale,0.5,clean,8000,0.4627412757907533,0.9999997702201132,0.5017635442752206,-0.26664118537432774,-0.2559007544041292
swin_cifar100_adaptive_blend_0_01,mlp_norm_out_gain_scale,0.5,backdoor,7915,0.6085325293958682,0.999998875949496,0.08601105262744091,0.3750731096463744,0.46242321017988725
swin_cifar100_adaptive_blend_0_01,mlp_norm_out_gain_scale,1.0,clean,8000,0.9582180606728197,0.9999990150762255,0.02540922302716981,0.7502195977056536,0.7555745325870975
swin_cifar100_adaptive_blend_0_01,mlp_norm_out_gain_scale,1.0,backdoor,7915,0.8980606742928595,0.9999981380087077,-0.02331806255418948,0.8259964770833568,0.9562475741214226
swin_cifar100_adaptive_blend_0_01,mlp_norm_out_gain_scale,2.0,clean,8000,0.9726220316555393,0.9999963985062945,0.015960982955435393,0.7643030721284317,0.7680626946286858
swin_cifar100_adaptive_blend_0_01,mlp_norm_out_gain_scale,2.0,backdoor,7915,0.9408083080102287,0.9999962141702811,0.04886223011673426,0.8995322904254713,0.9817991585156213
swin_cifar100_adaptive_blend_0_01,mlp_norm_out_gain_scale,3.0,clean,8000,0.9775951995971451,0.9999902053750653,0.04492092922241601,0.7170948692791743,0.7199879991277517
swin_cifar100_adaptive_blend_0_01,mlp_norm_out_gain_scale,3.0,backdoor,7915,0.9541790872917458,0.9999899793734843,0.06787024318973645,0.9203481467043685,0.9809314431952053
swin_cifar100_adaptive_blend_0_01,mlp_norm_out_gain_scale,4.0,clean,8000,0.9804327260428647,0.9998899315396557,0.0541645039165678,0.6792564914412875,0.6817455451321377
swin_cifar100_adaptive_blend_0_01,mlp_norm_out_gain_scale,4.0,backdoor,7915,0.9607860723810185,0.9998958633877546,0.08040985736738233,0.9347391125748516,0.9830925970253293
swin_cifar100_adaptive_blend_0_01,mlp_norm_out_gain_scale,6.0,clean,8000,0.98332505303209,0.9980548260500655,0.06209050773818469,0.6719623024192024,0.6739981291907506
swin_cifar100_adaptive_blend_0_01,mlp_norm_out_gain_scale,6.0,backdoor,7915,0.9665357913527234,0.998234721507897,0.03802339546417452,0.9568188690449138,0.9917752793222413
swin_cifar100_adaptive_blend_0_01,mlp_norm_out_gain_scale,9.0,clean,8000,0.9854067853974895,0.9969000429846346,0.051518685638304536,0.6876257809863534,0.689354357261827
swin_cifar100_adaptive_blend_0_01,mlp_norm_out_gain_scale,9.0,backdoor,7915,0.9723673676711766,0.9968539252877235,0.030947271782904615,0.9682739062220483,0.9942802442826439
swin_cifar100_adaptive_blend_0_05,mlp_norm_out_gain_scale,0.25,clean,8000,0.1307074097435908,0.9999610093786938,0.8519906310691013,-0.304172851117875,-0.297017574320757
swin_cifar100_adaptive_blend_0_05,mlp_norm_out_gain_scale,0.25,backdoor,7915,0.08597605131564708,0.9997137748024294,0.7611177394322787,0.619139725678832,0.6050217907254305
swin_cifar100_adaptive_blend_0_05,mlp_norm_out_gain_scale,0.5,clean,8000,0.47528539987850643,0.9999978249845838,0.46078089106475295,-0.2398303410126758,-0.23098253557106796
swin_cifar100_adaptive_blend_0_05,mlp_norm_out_gain_scale,0.5,backdoor,7915,0.09490378803207634,0.9999860436052628,0.4315403294753325,0.542496313390168,0.534684281731685
swin_cifar100_adaptive_blend_0_05,mlp_norm_out_gain_scale,1.0,clean,8000,0.9601603224417347,0.9999952792344156,0.05806968900446251,0.6348925282463864,0.6396681845801815
swin_cifar100_adaptive_blend_0_05,mlp_norm_out_gain_scale,1.0,backdoor,7915,0.5093686670142068,0.9999593068754986,0.22108470802496216,0.0909840286312931,0.10056021750795874
swin_cifar100_adaptive_blend_0_05,mlp_norm_out_gain_scale,2.0,clean,8000,0.9738824405320299,0.9999989780488152,0.032306422149299116,0.7465514403169633,0.749463589181917
swin_cifar100_adaptive_blend_0_05,mlp_norm_out_gain_scale,2.0,backdoor,7915,0.9850598555752426,0.9999991373893362,-0.09399310944561115,0.9907138265595135,0.9975902260157186
swin_cifar100_adaptive_blend_0_05,mlp_norm_out_gain_scale,3.0,clean,8000,0.9770695515153824,0.9999839629460059,0.015477570918762503,0.6745631067522232,0.6769004701899364
swin_cifar100_adaptive_blend_0_05,mlp_norm_out_gain_scale,3.0,backdoor,7915,0.987740759123938,0.9999842547246405,-0.07544026126881127,0.9515843781683777,0.9572772838565498
swin_cifar100_adaptive_blend_0_05,mlp_norm_out_gain_scale,4.0,clean,8000,0.9810296229431028,0.9998749208752997,-0.02011627081653802,0.6695711855539063,0.6715306035208977
swin_cifar100_adaptive_blend_0_05,mlp_norm_out_gain_scale,4.0,backdoor,7915,0.9835696199529023,0.999684789998949,0.005219182282142789,0.8798366995564253,0.8850200212719466
swin_cifar100_adaptive_blend_0_05,mlp_norm_out_gain_scale,6.0,clean,8000,0.9835544125925528,0.9985801670700312,-0.011632825074008597,0.6981121350154876,0.6996974022851934
swin_cifar100_adaptive_blend_0_05,mlp_norm_out_gain_scale,6.0,backdoor,7915,0.9685687124330038,0.9983892960077079,0.1456163743246118,0.8644613855170302,0.8690062469272644
swin_cifar100_adaptive_blend_0_05,mlp_norm_out_gain_scale,9.0,clean,8000,0.9854658462290365,0.9972780402749777,-0.0036773229886602897,0.715779798367302,0.7171116075581203
swin_cifar100_adaptive_blend_0_05,mlp_norm_out_gain_scale,9.0,backdoor,7915,0.965584356057542,0.996754887388362,0.19219453561944083,0.926933307613596,0.9309118679646562
swin_cifar100_adaptive_blend_0_1,mlp_norm_out_gain_scale,0.25,clean,8000,0.12690607509384785,0.9998513822149513,0.8546111312236645,-0.24271516636198148,-0.23590573390585903
swin_cifar100_adaptive_blend_0_1,mlp_norm_out_gain_scale,0.25,backdoor,7915,0.037052041601853,0.9967646647874346,0.7216974137453993,0.8353660307369517,0.8308905060668768
swin_cifar100_adaptive_blend_0_1,mlp_norm_out_gain_scale,0.5,clean,8000,0.4344226404008793,0.9999996657998663,0.5218768623951453,-0.29545881880262187,-0.28603851497099914
swin_cifar100_adaptive_blend_0_1,mlp_norm_out_gain_scale,0.5,backdoor,7915,0.03603462297553346,0.99993192158185,0.3106243325491681,0.8468098209357664,0.8441758772489617
swin_cifar100_adaptive_blend_0_1,mlp_norm_out_gain_scale,1.0,clean,8000,0.9529633381656899,0.999998521550668,-0.01374780305489722,0.6668721686425965,0.6724431974594126
swin_cifar100_adaptive_blend_0_1,mlp_norm_out_gain_scale,1.0,backdoor,7915,0.13628690390764356,0.9999728649612071,0.09951175026495253,0.19693339199685544,0.19978380971002524
swin_cifar100_adaptive_blend_0_1,mlp_norm_out_gain_scale,2.0,clean,8000,0.9733187190708116,0.9999981764486305,-0.03237568456545516,0.7519528947905276,0.7550233454696232
swin_cifar100_adaptive_blend_0_1,mlp_norm_out_gain_scale,2.0,backdoor,7915,0.988295445727529,0.9999914095025063,0.216100692719115,0.8617064917581995,0.8656760811682388
swin_cifar100_adaptive_blend_0_1,mlp_norm_out_gain_scale,3.0,clean,8000,0.9778132363897235,0.999997732784424,0.002533713899468328,0.7555898796954319,0.7578127161958398
swin_cifar100_adaptive_blend_0_1,mlp_norm_out_gain_scale,3.0,backdoor,7915,0.9920881062552985,0.9999831574038485,0.20572327101356766,0.9097057966909562,0.9133244747553074
swin_cifar100_adaptive_blend_0_1,mlp_norm_out_gain_scale,4.0,clean,8000,0.9797581332275783,0.9999775688393129,0.029503389377769786,0.6911096310770493,0.693040219912842
swin_cifar100_adaptive_blend_0_1,mlp_norm_out_gain_scale,4.0,backdoor,7915,0.9922853609331831,0.9999080343951027,0.06789411886024797,0.9247163028821752,0.9281941918796979
swin_cifar100_adaptive_blend_0_1,mlp_norm_out_gain_scale,6.0,clean,8000,0.9824651961185534,0.9993994485637374,0.06097256869348591,0.6597089958878365,0.6612084054564339
swin_cifar100_adaptive_blend_0_1,mlp_norm_out_gain_scale,6.0,backdoor,7915,0.9885303996170623,0.9989449148354481,-0.04370386683974798,0.9040132135388952,0.9074479239916761
swin_cifar100_adaptive_blend_0_1,mlp_norm_out_gain_scale,9.0,clean,8000,0.9848225032942305,0.9983279253993824,0.06097658792824073,0.673282975544935,0.674481407589276
swin_cifar100_adaptive_blend_0_1,mlp_norm_out_gain_scale,9.0,backdoor,7915,0.9865478966719968,0.9973883025812913,0.017980401981023034,0.9205720563540467,0.9239055504669992
swin_cifar100_badnet_a2o_0_01,mlp_norm_out_gain_scale,0.25,clean,8000,0.1227495321357649,0.9994545271579474,0.8624084834177359,-0.23085616222871497,-0.22212895549229372
swin_cifar100_badnet_a2o_0_01,mlp_norm_out_gain_scale,0.25,backdoor,7915,6.633829184677868e-07,0.00010617974527538099,0.7730295638878831,0.9626570016092505,0.9622523119765436
swin_cifar100_badnet_a2o_0_01,mlp_norm_out_gain_scale,0.5,clean,8000,0.4834261633019802,0.9999995545237429,0.48937831347060395,-0.25272378278381,-0.2437780698605226
swin_cifar100_badnet_a2o_0_01,mlp_norm_out_gain_scale,0.5,backdoor,7915,1.755787515243898e-07,1.920920748821331e-05,0.4634472198811935,0.995986956451141,0.9964646812401108
swin_cifar100_badnet_a2o_0_01,mlp_norm_out_gain_scale,1.0,clean,8000,0.9552666089161157,0.9999997577008022,0.0055794370720944585,0.7096272294901115,0.7137496275236117
swin_cifar100_badnet_a2o_0_01,mlp_norm_out_gain_scale,1.0,backdoor,7915,0.35184244991987007,0.9999901260504986,0.08581521452485369,-0.07078314886310019,-0.0730845300657412
swin_cifar100_badnet_a2o_0_01,mlp_norm_out_gain_scale,2.0,clean,8000,0.9736946859347395,0.9999990011749285,-0.04040927915327515,0.74789551910402,0.7503055292265661
swin_cifar100_badnet_a2o_0_01,mlp_norm_out_gain_scale,2.0,backdoor,7915,0.9999205886842909,0.9999959681072141,-0.04503241838654649,0.11031517363432096,0.11031675579455977
swin_cifar100_badnet_a2o_0_01,mlp_norm_out_gain_scale,3.0,clean,8000,0.9806472765951437,0.9999995379373843,-0.0875877883660788,0.8602386381351791,0.8617953086655424
swin_cifar100_badnet_a2o_0_01,mlp_norm_out_gain_scale,3.0,backdoor,7915,0.9999590559490044,0.9999953595533952,-0.006879864121927172,0.156845205611742,0.156845205611742
swin_cifar100_badnet_a2o_0_01,mlp_norm_out_gain_scale,4.0,clean,8000,0.982512387367871,0.9999910461065156,-0.06810161951911467,0.7729088948844733,0.7741506669708985
swin_cifar100_badnet_a2o_0_01,mlp_norm_out_gain_scale,4.0,backdoor,7915,0.9994106862333256,0.9999779482131999,-0.010031339066116763,0.08550389872369872,0.08550389872369872
swin_cifar100_badnet_a2o_0_01,mlp_norm_out_gain_scale,6.0,clean,8000,0.983835672044787,0.9986855142051354,-0.02466796999603357,0.700311570544792,0.7012516348047314
swin_cifar100_badnet_a2o_0_01,mlp_norm_out_gain_scale,6.0,backdoor,7915,0.9923810957818318,0.9971097579691559,,0.18140826126050522,0.18140826126050522
swin_cifar100_badnet_a2o_0_01,mlp_norm_out_gain_scale,9.0,clean,8000,0.9857269277963963,0.9975559033919126,-0.024414584485296025,0.7220374086631479,0.7227351838320365
swin_cifar100_badnet_a2o_0_01,mlp_norm_out_gain_scale,9.0,backdoor,7915,0.9884975523277835,0.9908670904114842,,0.1676572296103439,0.1676572296103439
swin_cifar100_badnet_a2o_0_05,mlp_norm_out_gain_scale,0.25,clean,8000,0.12542161365996052,0.9999352566600312,0.8569171740693586,-0.24892299100719548,-0.23988485338849877
swin_cifar100_badnet_a2o_0_05,mlp_norm_out_gain_scale,0.25,backdoor,7915,3.910947579973004e-07,3.384079611312707e-06,0.7184515571730651,0.8741963593876492,0.8717015200167739
swin_cifar100_badnet_a2o_0_05,mlp_norm_out_gain_scale,0.5,clean,8000,0.4517147538762174,0.9999999307907463,0.48396133706864036,-0.25444385064159813,-0.24405862808822043
swin_cifar100_badnet_a2o_0_05,mlp_norm_out_gain_scale,0.5,backdoor,7915,1.716745773368689e-07,1.0632829209322736e-06,0.425184026538727,0.9324219495248587,0.9389202827859785
swin_cifar100_badnet_a2o_0_05,mlp_norm_out_gain_scale,1.0,clean,8000,0.9579477427121629,0.9999982406513341,-0.05125237986202455,0.7103693423619286,0.7153117864923241
swin_cifar100_badnet_a2o_0_05,mlp_norm_out_gain_scale,1.0,backdoor,7915,0.3568571258425672,0.9998560545936606,0.07305632962869475,-0.028176734709017767,-0.039592038649955905
swin_cifar100_badnet_a2o_0_05,mlp_norm_out_gain_scale,2.0,clean,8000,0.9731906749605127,0.9999968615952541,-0.052443298978981576,0.7234748341780068,0.7266886333974315
swin_cifar100_badnet_a2o_0_05,mlp_norm_out_gain_scale,2.0,backdoor,7915,0.9998881009512679,0.999992078140167,0.036437417582662494,-0.013871803148999839,-0.013871714544135586
swin_cifar100_badnet_a2o_0_05,mlp_norm_out_gain_scale,3.0,clean,8000,0.9783470656886206,0.9999942228246255,-0.0012884017746102722,0.7191271790746498,0.7215597384369844
swin_cifar100_badnet_a2o_0_05,mlp_norm_out_gain_scale,3.0,backdoor,7915,0.9998286463801603,0.9999799943980179,,0.04858341265220568,0.04858341265220568
swin_cifar100_badnet_a2o_0_05,mlp_norm_out_gain_scale,4.0,clean,8000,0.9810323752693421,0.9999599551738356,0.020348855819465897,0.6880205501925122,0.69002084079353
swin_cifar100_badnet_a2o_0_05,mlp_norm_out_gain_scale,4.0,backdoor,7915,0.9991513548765257,0.9998219728877302,,0.0431759949367147,0.0431759949367147
swin_cifar100_badnet_a2o_0_05,mlp_norm_out_gain_scale,6.0,clean,8000,0.9834821151329366,0.9994992072256939,0.020600866152959273,0.6846954621373239,0.6862375506009002
swin_cifar100_badnet_a2o_0_05,mlp_norm_out_gain_scale,6.0,backdoor,7915,0.9925545480406466,0.9959265040233731,,0.024210694553823787,0.024210694553823787
swin_cifar100_badnet_a2o_0_05,mlp_norm_out_gain_scale,9.0,clean,8000,0.9854834172607965,0.9988756612874568,0.011479054936151383,0.7086691476211767,0.7098979293736563
swin_cifar100_badnet_a2o_0_05,mlp_norm_out_gain_scale,9.0,backdoor,7915,0.9835599521239743,0.9874816760420799,,-0.006619792100536343,-0.006619792100536343
swin_cifar100_badnet_a2o_0_1,mlp_norm_out_gain_scale,0.25,clean,8000,0.11574961618768032,0.9988565895628244,0.8744406946760557,-0.2148321315123871,-0.2056711131426264
swin_cifar100_badnet_a2o_0_1,mlp_norm_out_gain_scale,0.25,backdoor,7915,3.424211105580052e-09,1.3889491915497487e-06,0.12620335522851994,0.8886210209598164,0.9990387058571729
swin_cifar100_badnet_a2o_0_1,mlp_norm_out_gain_scale,0.5,clean,8000,0.4441180205075834,0.9999979160511703,0.5003573981952403,-0.2697206309362733,-0.25867130545516775
swin_cifar100_badnet_a2o_0_1,mlp_norm_out_gain_scale,0.5,backdoor,7915,5.427533890842406e-11,1.1681745537561739e-07,,0.8890351226376908,1.0
swin_cifar100_badnet_a2o_0_1,mlp_norm_out_gain_scale,1.0,clean,8000,0.9544903566199844,0.9999978959290465,0.009367560244042472,0.7179200180359956,0.7243844921057533
swin_cifar100_badnet_a2o_0_1,mlp_norm_out_gain_scale,1.0,backdoor,7915,0.01458837396855662,0.9951771479099962,0.12501590298186965,-0.017279551271905145,-0.054103206663794375
swin_cifar100_badnet_a2o_0_1,mlp_norm_out_gain_scale,2.0,clean,8000,0.9704220252476616,0.999999253734984,0.04102487948090115,0.7796485280105693,0.783549604258789
swin_cifar100_badnet_a2o_0_1,mlp_norm_out_gain_scale,2.0,backdoor,7915,0.9999069132658549,0.9999956078718242,-0.004396623923903968,0.011416935319269905,0.011416935319269905
swin_cifar100_badnet_a2o_0_1,mlp_norm_out_gain_scale,3.0,clean,8000,0.9775038272558009,0.9999959299907348,0.032395963228145176,0.7039342618967832,0.7073432559787838
swin_cifar100_badnet_a2o_0_1,mlp_norm_out_gain_scale,3.0,backdoor,7915,0.9973409669359411,0.9994183382950723,,-0.0001679056511226138,-0.0001679056511226138
swin_cifar100_badnet_a2o_0_1,mlp_norm_out_gain_scale,4.0,clean,8000,0.9799504539644461,0.9999085745364864,0.007648519992300284,0.6755830293942026,0.6785955978671409
swin_cifar100_badnet_a2o_0_1,mlp_norm_out_gain_scale,4.0,backdoor,7915,0.9838107738192637,0.993989931885153,,0.04691019668138462,0.04691019668138462
swin_cifar100_badnet_a2o_0_1,mlp_norm_out_gain_scale,6.0,clean,8000,0.9827030194396493,0.9992008446715772,-0.008810688221599897,0.6822389801861344,0.6848005086132503
swin_cifar100_badnet_a2o_0_1,mlp_norm_out_gain_scale,6.0,backdoor,7915,0.970724922758883,0.9818154834210873,,0.1290346690125309,0.1290346690125309
swin_cifar100_badnet_a2o_0_1,mlp_norm_out_gain_scale,9.0,clean,8000,0.9848156766766647,0.9980432079531136,-0.009019939580348482,0.7014990360413766,0.7037122160475121
swin_cifar100_badnet_a2o_0_1,mlp_norm_out_gain_scale,9.0,backdoor,7915,0.9720987913867698,0.9822640884667635,,0.28811059758304197,0.28811059758304197
swin_cifar100_blend_0_01,mlp_norm_out_gain_scale,0.25,clean,8000,0.12826460744205628,0.999974352333356,0.8576534684816043,-0.2705026108740809,-0.2637323683363911
swin_cifar100_blend_0_01,mlp_norm_out_gain_scale,0.25,backdoor,7915,0.0014405557413618326,0.9973257756459982,0.49375414997911726,0.49236636757656244,0.4932617363365802
swin_cifar100_blend_0_01,mlp_norm_out_gain_scale,0.5,clean,8000,0.46905671859787706,0.9999956750097819,0.5006848132709202,-0.2745629952169073,-0.26548794076424986
swin_cifar100_blend_0_01,mlp_norm_out_gain_scale,0.5,backdoor,7915,0.003365971987619899,0.9992238075523436,0.28117622074365956,-0.15655149306557997,-0.15766370364312274
swin_cifar100_blend_0_01,mlp_norm_out_gain_scale,1.0,clean,8000,0.9575803755196357,0.9999991375232791,-0.008279969253903787,0.6874201877879409,0.6928655889708835
swin_cifar100_blend_0_01,mlp_norm_out_gain_scale,1.0,backdoor,7915,0.9002238807416837,0.9993004237779662,0.3488585794192928,-0.2918274512418402,-0.2930789862963751
swin_cifar100_blend_0_01,mlp_norm_out_gain_scale,2.0,clean,8000,0.9733443593901873,0.9999991398430146,-0.04589768405923657,0.7602655623551974,0.7635347347915101
swin_cifar100_blend_0_01,mlp_norm_out_gain_scale,2.0,backdoor,7915,0.9968474221697727,0.9991990160779094,-0.002589919849483492,0.01908319172033634,0.019368794346628113
swin_cifar100_blend_0_01,mlp_norm_out_gain_scale,3.0,clean,8000,0.976923993256097,0.9999861448086445,-0.013605090581332347,0.6937954989984019,0.696303930833174
swin_cifar100_blend_0_01,mlp_norm_out_gain_scale,3.0,backdoor,7915,0.9876066310031842,0.99638359181485,-0.12546851255517807,0.25739575910451784,0.2573958149885338
swin_cifar100_blend_0_01,mlp_norm_out_gain_scale,4.0,clean,8000,0.9798397095952426,0.9999175290974819,0.002213637613425678,0.671755179556162,0.6738571069376738
swin_cifar100_blend_0_01,mlp_norm_out_gain_scale,4.0,backdoor,7915,0.9837030318516992,0.9949012751367861,-0.0837069849214753,0.2524560666640877,0.2524560671965173
swin_cifar100_blend_0_01,mlp_norm_out_gain_scale,6.0,clean,8000,0.9830915414298773,0.9990695194576598,0.0225522398003625,0.6828130113602814,0.6844722053622351
swin_cifar100_blend_0_01,mlp_norm_out_gain_scale,6.0,backdoor,7915,0.9847832744992178,0.9917259458435876,-0.04149128284249693,0.16804979036148068,0.16804979050668872
swin_cifar100_blend_0_01,mlp_norm_out_gain_scale,9.0,clean,8000,0.9853177159640072,0.9978698824997838,0.028002473301069093,0.700514732438967,0.7018715554749342
swin_cifar100_blend_0_01,mlp_norm_out_gain_scale,9.0,backdoor,7915,0.986151036535207,0.9915993064641953,-0.03882715995565755,0.11923188065440421,0.11923188072700826
swin_cifar100_blend_0_05,mlp_norm_out_gain_scale,0.25,clean,8000,0.123157351743002,0.9993225752101075,0.863300818104614,-0.23048933785961226,-0.22235747312854692
swin_cifar100_blend_0_05,mlp_norm_out_gain_scale,0.25,backdoor,7915,2.3445926780031098e-06,0.0006136448603393241,0.7996568080686468,0.9173993321165796,0.9125739968667834
swin_cifar100_blend_0_05,mlp_norm_out_gain_scale,0.5,clean,8000,0.4615736201230199,0.9999993374882861,0.5308558009628059,-0.29841888996821475,-0.28772972122021834
swin_cifar100_blend_0_05,mlp_norm_out_gain_scale,0.5,backdoor,7915,8.485984884749245e-05,0.17720096618555647,0.598613520964314,0.6081733472712381,0.5969683427137046
swin_cifar100_blend_0_05,mlp_norm_out_gain_scale,1.0,clean,8000,0.9523662278199353,0.9999931968361642,0.06099526738471382,0.6508308498852168,0.6565871100684902
swin_cifar100_blend_0_05,mlp_norm_out_gain_scale,1.0,backdoor,7915,0.9904267320864197,0.9997240417573918,0.356442705154452,-0.23289951515762264,-0.24915591852752575
swin_cifar100_blend_0_05,mlp_norm_out_gain_scale,2.0,clean,8000,0.9724040531543404,0.9999967249302415,0.0043895526277658355,0.7180004040866186,0.7215806972650036
swin_cifar100_blend_0_05,mlp_norm_out_gain_scale,2.0,backdoor,7915,0.999969235267183,0.9999810591107234,-0.05177597227451764,0.16799701741553522,0.16799756891785073
swin_cifar100_blend_0_05,mlp_norm_out_gain_scale,3.0,clean,8000,0.9775220781090005,0.9999954660501988,-0.0021383182168661823,0.7221332647428825,0.7249944044505452
swin_cifar100_blend_0_05,mlp_norm_out_gain_scale,3.0,backdoor,7915,0.999828018796739,0.99990712942963,-0.053316616974912384,0.14634763270369686,0.14634763270369686
swin_cifar100_blend_0_05,mlp_norm_out_gain_scale,4.0,clean,8000,0.9795338737370242,0.9999703810675138,-0.011370047519630617,0.6894961239577797,0.6919917119558863
swin_cifar100_blend_0_05,mlp_norm_out_gain_scale,4.0,backdoor,7915,0.9989620705318909,0.9995758965669665,-0.026965735052635137,0.0866581182526082,0.0866581182526082
swin_cifar100_blend_0_05,mlp_norm_out_gain_scale,6.0,clean,8000,0.9821238224616775,0.9991032370598971,-0.021382918235811423,0.6716613811250187,0.6736586118887341
swin_cifar100_blend_0_05,mlp_norm_out_gain_scale,6.0,backdoor,7915,0.9969974106869267,0.9980581856798381,,0.04329175258385793,0.04329175258385793
swin_cifar100_blend_0_05,mlp_norm_out_gain_scale,9.0,clean,8000,0.9844586996118992,0.9983698078431189,-0.011245755117311315,0.6881090111124029,0.6897601155481666
swin_cifar100_blend_0_05,mlp_norm_out_gain_scale,9.0,backdoor,7915,0.9972168554920192,0.9977876669727266,,0.02951076739539113,0.02951076739539113
swin_cifar100_blend_0_1,mlp_norm_out_gain_scale,0.25,clean,8000,0.11907213148241882,0.9994877599350349,0.8684940884927839,-0.22192444311301185,-0.21257091094900912
swin_cifar100_blend_0_1,mlp_norm_out_gain_scale,0.25,backdoor,7915,1.6252070326187627e-06,0.0008176905505353771,0.6436678732633838,0.8909247457403375,0.8857673162951383
swin_cifar100_blend_0_1,mlp_norm_out_gain_scale,0.5,clean,8000,0.42572743819165465,0.9999991953901051,0.530756882642159,-0.30774463079453596,-0.29755884202327426
swin_cifar100_blend_0_1,mlp_norm_out_gain_scale,0.5,backdoor,7915,0.0005412475301046179,0.8769405346322232,0.44342629225597646,0.12003062252225229,0.1040074788355494
swin_cifar100_blend_0_1,mlp_norm_out_gain_scale,1.0,clean,8000,0.9519699449145115,0.9999998019329147,0.017145100253112784,0.6379274925039473,0.643374945699313
swin_cifar100_blend_0_1,mlp_norm_out_gain_scale,1.0,backdoor,7915,0.9828620280686908,0.9996829422589817,0.17681357649232987,-0.11033935593280227,-0.12274302160022343
swin_cifar100_blend_0_1,mlp_norm_out_gain_scale,2.0,clean,8000,0.9726625454818703,0.9999983730114805,-0.05161969005454594,0.7254187845290218,0.7285601722968867
swin_cifar100_blend_0_1,mlp_norm_out_gain_scale,2.0,backdoor,7915,0.9997536195287666,0.9999083131697262,0.0350648467420649,-0.21287942538772123,-0.21287944438186487
swin_cifar100_blend_0_1,mlp_norm_out_gain_scale,3.0,clean,8000,0.9770240435076442,0.9999720091504573,-0.022126821076901095,0.7055181630736637,0.7078651449864021
swin_cifar100_blend_0_1,mlp_norm_out_gain_scale,3.0,backdoor,7915,0.9993152696685023,0.9995070709846914,-0.025731896595624183,0.19393746932292696,0.19393746932292696
swin_cifar100_blend_0_1,mlp_norm_out_gain_scale,4.0,clean,8000,0.979750346480404,0.9997489667093944,-0.00991354865457981,0.6910779528996691,0.6929836632001227
swin_cifar100_blend_0_1,mlp_norm_out_gain_scale,4.0,backdoor,7915,0.9980365562552894,0.9985239200759679,-0.011817202764855993,0.2773637048434912,0.2773637048434912
swin_cifar100_blend_0_1,mlp_norm_out_gain_scale,6.0,clean,8000,0.9827869581127219,0.9989055884070694,-0.016381180677166873,0.7062221329820753,0.7076709004845503
swin_cifar100_blend_0_1,mlp_norm_out_gain_scale,6.0,backdoor,7915,0.9956919257201969,0.9963011981453747,,0.27643374497342,0.27643374497342
swin_cifar100_blend_0_1,mlp_norm_out_gain_scale,9.0,clean,8000,0.9849807517250608,0.9978752078022808,-0.02977629570547172,0.7199498854652079,0.7210940832807647
swin_cifar100_blend_0_1,mlp_norm_out_gain_scale,9.0,backdoor,7915,0.9942636436902208,0.9946524961851537,,0.2579675714594678,0.2579675714594678
swin_cifar100_lc_0_01,mlp_norm_out_gain_scale,0.25,clean,8000,0.11763815802279866,0.9994635910426634,0.8702380717370055,-0.24330724287297287,-0.2338037756061536
swin_cifar100_lc_0_01,mlp_norm_out_gain_scale,0.25,backdoor,7915,0.006192767486963546,0.9865267335574456,0.813850547450328,0.9361180386687064,0.935230326192676
swin_cifar100_lc_0_01,mlp_norm_out_gain_scale,0.5,clean,8000,0.47260955218394357,0.9999986178377344,0.49706149493279933,-0.26436061534040217,-0.254590030431262
swin_cifar100_lc_0_01,mlp_norm_out_gain_scale,0.5,backdoor,7915,0.005551391951225443,0.9994439402861728,0.34132540489202323,0.9611090473676771,0.9608260914167771
swin_cifar100_lc_0_01,mlp_norm_out_gain_scale,1.0,clean,8000,0.9596567098270197,0.9999984081378919,0.027832923154081916,0.7400821488064494,0.7449331885649677
swin_cifar100_lc_0_01,mlp_norm_out_gain_scale,1.0,backdoor,7915,0.6005445914365528,0.9993640236111043,0.1656924379560881,-0.15289474941094947,-0.15243817049492628
swin_cifar100_lc_0_01,mlp_norm_out_gain_scale,2.0,clean,8000,0.9748253016153134,0.9999985217721308,0.008580225091225274,0.7537785768414679,0.7567512792164708
swin_cifar100_lc_0_01,mlp_norm_out_gain_scale,2.0,backdoor,7915,0.9868732203646133,0.9999259011658089,-0.04979006775933038,0.40537998727936664,0.40565396020272454
swin_cifar100_lc_0_01,mlp_norm_out_gain_scale,3.0,clean,8000,0.9773204657632452,0.9999931395318258,0.026067077044007504,0.7229882980007005,0.725291997936552
swin_cifar100_lc_0_01,mlp_norm_out_gain_scale,3.0,backdoor,7915,0.9940386850133514,0.9999007353488665,-0.13043163478336364,0.523997310516869,0.5243004159912179
swin_cifar100_lc_0_01,mlp_norm_out_gain_scale,4.0,clean,8000,0.9802771205271329,0.9998774576088181,0.04876590329168435,0.6708348830611948,0.6726697847956904
swin_cifar100_lc_0_01,mlp_norm_out_gain_scale,4.0,backdoor,7915,0.9929637329193658,0.9995134965172735,-0.12183550164533913,0.4816530941171778,0.4819637459655742
swin_cifar100_lc_0_01,mlp_norm_out_gain_scale,6.0,clean,8000,0.9833233900313971,0.998632934410125,0.06828995395788123,0.6808579858020293,0.6822524525320356
swin_cifar100_lc_0_01,mlp_norm_out_gain_scale,6.0,backdoor,7915,0.9917495007996092,0.9971509129265888,-0.062495621215026734,0.6559368936906039,0.6562087731506209
swin_cifar100_lc_0_01,mlp_norm_out_gain_scale,9.0,clean,8000,0.9854476989653651,0.9973980409558862,0.05847555208885413,0.6938966265880969,0.6950167793409374
swin_cifar100_lc_0_01,mlp_norm_out_gain_scale,9.0,backdoor,7915,0.9923885778462351,0.9965205020628787,-0.06618841669698862,0.6961687481175665,0.6964275881360217
swin_cifar100_lc_0_05,mlp_norm_out_gain_scale,0.25,clean,8000,0.11269397466460533,0.9994905056242821,0.8665906039336171,-0.16117625374497718,-0.15404322543684545
swin_cifar100_lc_0_05,mlp_norm_out_gain_scale,0.25,backdoor,7915,0.13530788207474825,0.9997208462375191,0.7335127328918807,0.5034248495636955,0.49144495219720424
swin_cifar100_lc_0_05,mlp_norm_out_gain_scale,0.5,clean,8000,0.43164165492567924,0.9999996156850767,0.5050919406055255,-0.2688938752643571,-0.2588193337770739
swin_cifar100_lc_0_05,mlp_norm_out_gain_scale,0.5,backdoor,7915,0.1503346689214789,0.9999990689687562,0.5433885280643664,0.4834740063048278,0.47837080319383135
swin_cifar100_lc_0_05,mlp_norm_out_gain_scale,1.0,clean,8000,0.9574262416522576,0.9999999516683615,0.014757197009746599,0.7905209951887976,0.7952105787986425
swin_cifar100_lc_0_05,mlp_norm_out_gain_scale,1.0,backdoor,7915,0.9485846605470876,0.9999980232163201,0.1193828146456237,0.8030280942762799,0.8253393703943163
swin_cifar100_lc_0_05,mlp_norm_out_gain_scale,2.0,clean,8000,0.9711390715899625,0.9999999050260175,0.0015314461422222716,0.8670851808499173,0.870220699276469
swin_cifar100_lc_0_05,mlp_norm_out_gain_scale,2.0,backdoor,7915,0.9800316146751241,0.9999997052683685,-0.12160568586205957,0.9871277861316514,0.9999178162393059
swin_cifar100_lc_0_05,mlp_norm_out_gain_scale,3.0,clean,8000,0.9770404207371407,0.9999979264056468,-0.018502873495710535,0.7709504776770776,0.7738189490690699
swin_cifar100_lc_0_05,mlp_norm_out_gain_scale,3.0,backdoor,7915,0.9836693469688363,0.999996219334962,0.23135067295968956,0.9862771991310187,0.9963263979453059
swin_cifar100_lc_0_05,mlp_norm_out_gain_scale,4.0,clean,8000,0.9802281567062364,0.9999140815328746,-0.014956226541367053,0.7125092792101646,0.7150806601573272
swin_cifar100_lc_0_05,mlp_norm_out_gain_scale,4.0,backdoor,7915,0.9831999349136028,0.9998790704038188,0.23040902508982186,0.9711238957244333,0.9797692689289484
swin_cifar100_lc_0_05,mlp_norm_out_gain_scale,6.0,clean,8000,0.9829864237523791,0.9986021762015291,-0.005104940720969124,0.703966062865622,0.706170901159846
swin_cifar100_lc_0_05,mlp_norm_out_gain_scale,6.0,backdoor,7915,0.982553849344662,0.9985063371712344,0.12626722892619185,0.9793086304915684,0.9865029743452071
swin_cifar100_lc_0_05,mlp_norm_out_gain_scale,9.0,clean,8000,0.9849808813427545,0.9968024124391377,-0.0188543106666512,0.7293352961536874,0.7312556139793452
swin_cifar100_lc_0_05,mlp_norm_out_gain_scale,9.0,backdoor,7915,0.9847616264792439,0.9967867150328693,0.058935956125291525,0.9843455489446814,0.9905855963231578
swin_cifar100_lc_0_1,mlp_norm_out_gain_scale,0.25,clean,8000,0.1334234140760115,0.9999758074143663,0.8402085868657769,-0.2427398424794132,-0.2336742354609029
swin_cifar100_lc_0_1,mlp_norm_out_gain_scale,0.25,backdoor,7915,0.16971280788025728,0.9997704127799585,0.6699723902634648,0.35506942500871785,0.3444405887367255
swin_cifar100_lc_0_1,mlp_norm_out_gain_scale,0.5,clean,8000,0.49818696355681574,0.9999995966241634,0.44762724598564496,-0.21887933998354667,-0.21026625967193782
swin_cifar100_lc_0_1,mlp_norm_out_gain_scale,0.5,backdoor,7915,0.1883301613749679,0.9999996004173607,0.499221052575041,0.28228177566899837,0.27863606794298684
swin_cifar100_lc_0_1,mlp_norm_out_gain_scale,1.0,clean,8000,0.9575964029277868,0.9999996461450931,-0.015699080563059666,0.6955615176273576,0.6998905363291219
swin_cifar100_lc_0_1,mlp_norm_out_gain_scale,1.0,backdoor,7915,0.9529457489173175,0.9999995122171748,0.2914355235323619,0.7095616649638692,0.7264185763663595
swin_cifar100_lc_0_1,mlp_norm_out_gain_scale,2.0,clean,8000,0.9735530478588661,0.9999992952171501,-0.037097643741810606,0.7260014321565168,0.7284696117161589
swin_cifar100_lc_0_1,mlp_norm_out_gain_scale,2.0,backdoor,7915,0.9738580245748814,0.9999991477420442,0.22532885407472517,0.8990579125767594,0.9087558303201985
swin_cifar100_lc_0_1,mlp_norm_out_gain_scale,3.0,clean,8000,0.9786078810002443,0.999994833231116,-0.006857319086981775,0.6913899635592669,0.6931342559775434
swin_cifar100_lc_0_1,mlp_norm_out_gain_scale,3.0,backdoor,7915,0.9642605356478928,0.9999951164160557,0.21089171005581014,0.797267017223987,0.8050017565224753
swin_cifar100_lc_0_1,mlp_norm_out_gain_scale,4.0,clean,8000,0.9811658607479501,0.999958213979059,0.01869519920136289,0.6583966115018358,0.6598051798876874
swin_cifar100_lc_0_1,mlp_norm_out_gain_scale,4.0,backdoor,7915,0.9624096351929023,0.9999605908360238,0.1703690558901315,0.806295931060229,0.8128075415446404
swin_cifar100_lc_0_1,mlp_norm_out_gain_scale,6.0,clean,8000,0.9838075216113921,0.999023602635134,0.01886462003260633,0.6423055092999119,0.6433584508367547
swin_cifar100_lc_0_1,mlp_norm_out_gain_scale,6.0,backdoor,7915,0.9687750725007553,0.9989268814679235,0.16436538431777806,0.8671479140172297,0.8722703221603841
swin_cifar100_lc_0_1,mlp_norm_out_gain_scale,9.0,clean,8000,0.9857387339261462,0.9979167277924685,0.016476854130813054,0.6595683956779331,0.6603792527340144
swin_cifar100_lc_0_1,mlp_norm_out_gain_scale,9.0,backdoor,7915,0.9763014796457589,0.9977306620022257,0.13349989264057122,0.9208065718002996,0.9249758856111929
swin_cifar100_wanet_0_01,mlp_norm_out_gain_scale,0.25,clean,8000,0.1304218716843863,0.9998049779565507,0.8352568792385852,-0.19200793269865543,-0.18437942708446375
swin_cifar100_wanet_0_01,mlp_norm_out_gain_scale,0.25,backdoor,7915,0.15730139040518465,0.9998025028280678,0.8147603334890412,-0.15800680358549365,-0.14696881070321152
swin_cifar100_wanet_0_01,mlp_norm_out_gain_scale,0.5,clean,8000,0.4952444504305906,0.999999791359413,0.4287225410385656,-0.1806565135041365,-0.17214239170386578
swin_cifar100_wanet_0_01,mlp_norm_out_gain_scale,0.5,backdoor,7915,0.5166244805503771,0.9999977292559811,0.43695270754587445,-0.11768654627760984,-0.09744295115429213
swin_cifar100_wanet_0_01,mlp_norm_out_gain_scale,1.0,clean,8000,0.9561667865213695,0.9999996956974868,-0.056093980984072735,0.7163836700558358,0.7213256473622583
swin_cifar100_wanet_0_01,mlp_norm_out_gain_scale,1.0,backdoor,7915,0.9450141658533006,0.9999996725226934,-0.06151706657823535,0.8135641351869717,0.8266305318598888
swin_cifar100_wanet_0_01,mlp_norm_out_gain_scale,2.0,clean,8000,0.9745191839028305,0.9999967168821777,-0.07070307175625318,0.757155776218856,0.7602193182353794
swin_cifar100_wanet_0_01,mlp_norm_out_gain_scale,2.0,backdoor,7915,0.966900760491574,0.9999975134501138,0.022239218681713024,0.8491931997954406,0.8575706057521667
swin_cifar100_wanet_0_01,mlp_norm_out_gain_scale,3.0,clean,8000,0.9782875204100012,0.9999923703462628,-0.047802629736260746,0.7462230434190701,0.7486927409111704
swin_cifar100_wanet_0_01,mlp_norm_out_gain_scale,3.0,backdoor,7915,0.9726137818851697,0.9999935296741569,0.013744808380954052,0.848014109961405,0.8546709466780472
swin_cifar100_wanet_0_01,mlp_norm_out_gain_scale,4.0,clean,8000,0.9802432076571406,0.9997278498485684,-0.022246730082129466,0.704078201442518,0.706187522334997
swin_cifar100_wanet_0_01,mlp_norm_out_gain_scale,4.0,backdoor,7915,0.9753426151203645,0.9997296915389597,-0.004815949926176829,0.8208307794626132,0.8264724272610842
swin_cifar100_wanet_0_01,mlp_norm_out_gain_scale,6.0,clean,8000,0.9832362835410826,0.9979699000250548,-0.03637772131503126,0.73490962210409,0.7366115823214223
swin_cifar100_wanet_0_01,mlp_norm_out_gain_scale,6.0,backdoor,7915,0.9790154714349304,0.9979846884962171,-0.08054281962487794,0.8477001550855986,0.852191965444766
swin_cifar100_wanet_0_01,mlp_norm_out_gain_scale,9.0,clean,8000,0.9854423229399564,0.9966668311972171,-0.04625537165925091,0.7624351440534137,0.7638686333144366
swin_cifar100_wanet_0_01,mlp_norm_out_gain_scale,9.0,backdoor,7915,0.9818620409284993,0.9966811384074312,-0.11657073618391699,0.8682693556312605,0.8719879883979188
swin_cifar100_wanet_0_05,mlp_norm_out_gain_scale,0.25,clean,8000,0.14129736488501862,0.9999375200739203,0.8317489246585265,-0.27533494721109614,-0.2678186840551841
swin_cifar100_wanet_0_05,mlp_norm_out_gain_scale,0.25,backdoor,7915,0.11865486111950009,0.9999740727931422,0.7255565368936703,0.17828102129292303,0.1758751219238135
swin_cifar100_wanet_0_05,mlp_norm_out_gain_scale,0.5,clean,8000,0.5953939154362474,0.9999988872128057,0.36816245687130345,-0.08748525329093994,-0.07721682907192265
swin_cifar100_wanet_0_05,mlp_norm_out_gain_scale,0.5,backdoor,7915,0.26928414493681835,0.9999998025898473,0.45047220081515243,-0.001882776595726202,-0.0004183014563992073
swin_cifar100_wanet_0_05,mlp_norm_out_gain_scale,1.0,clean,8000,0.9563864473167746,0.9999999937534194,0.011352268299695059,0.7853688537731999,0.7898163295757584
swin_cifar100_wanet_0_05,mlp_norm_out_gain_scale,1.0,backdoor,7915,0.3082545152897282,0.999999992897594,0.2699451692766019,0.07745800658048832,0.0805581973106782
swin_cifar100_wanet_0_05,mlp_norm_out_gain_scale,2.0,clean,8000,0.9718309347801687,0.9999999925777494,-0.017188057610344996,0.7445570755543142,0.7476816092092085
swin_cifar100_wanet_0_05,mlp_norm_out_gain_scale,2.0,backdoor,7915,0.9541888184733909,0.9999985974296841,0.13603921317449677,0.5989070293145737,0.6028869037291005
swin_cifar100_wanet_0_05,mlp_norm_out_gain_scale,3.0,clean,8000,0.9776788613554842,0.9999965185897963,0.0032324126267821553,0.7218356493346035,0.7241770953660208
swin_cifar100_wanet_0_05,mlp_norm_out_gain_scale,3.0,backdoor,7915,0.9784608663631662,0.999996060802911,0.1424650539066167,0.6555134075697309,0.6587003417060778
swin_cifar100_wanet_0_05,mlp_norm_out_gain_scale,4.0,clean,8000,0.9801273241324857,0.9999417635443908,0.016424945597175288,0.6942930695487678,0.6962305460443797
swin_cifar100_wanet_0_05,mlp_norm_out_gain_scale,4.0,backdoor,7915,0.9720473315896965,0.999933031918772,0.16172479684219893,0.6655962057435791,0.6684864048359558
swin_cifar100_wanet_0_05,mlp_norm_out_gain_scale,6.0,clean,8000,0.9829948589473404,0.9983279492007568,0.015603372991958592,0.7135326983708852,0.7150272339856703
swin_cifar100_wanet_0_05,mlp_norm_out_gain_scale,6.0,backdoor,7915,0.9685009590336038,0.9980757534503937,0.1697770482112441,0.6948325097675441,0.6973537942066403
swin_cifar100_wanet_0_05,mlp_norm_out_gain_scale,9.0,clean,8000,0.9852722842267401,0.9966956917196512,0.008630621267030316,0.7359566888781117,0.7371491147540408
swin_cifar100_wanet_0_05,mlp_norm_out_gain_scale,9.0,backdoor,7915,0.9730866611624209,0.9965706879738718,0.17611739703566967,0.7288701393151078,0.7310899057053853
swin_cifar100_wanet_0_1,mlp_norm_out_gain_scale,0.25,clean,8000,0.11550215311265734,0.9996966280167454,0.8566774363363419,-0.2273707945856973,-0.22014673010847766
swin_cifar100_wanet_0_1,mlp_norm_out_gain_scale,0.25,backdoor,7915,0.1285533528631703,0.9998840915979109,0.7074258981028863,-0.3744281750301187,-0.37021566244259996
swin_cifar100_wanet_0_1,mlp_norm_out_gain_scale,0.5,clean,8000,0.434316508951122,0.9999935755499524,0.5297898805354274,-0.31366957022399766,-0.3031166599833089
swin_cifar100_wanet_0_1,mlp_norm_out_gain_scale,0.5,backdoor,7915,0.33044368405374575,0.9999994124354129,0.43796193069529293,-0.3030580414718024,-0.2992231746052588
swin_cifar100_wanet_0_1,mlp_norm_out_gain_scale,1.0,clean,8000,0.9609319972805757,0.9999834043468281,0.014600681832608601,0.6811708414136786,0.6868867179511337
swin_cifar100_wanet_0_1,mlp_norm_out_gain_scale,1.0,backdoor,7915,0.21494894756167893,0.9999571812042896,0.2633335203874836,-0.08409121787883785,-0.08132369255140849
swin_cifar100_wanet_0_1,mlp_norm_out_gain_scale,2.0,clean,8000,0.9728036949403247,0.9999365612252223,-0.03718105132756384,0.693071456281602,0.6973028391042047
swin_cifar100_wanet_0_1,mlp_norm_out_gain_scale,2.0,backdoor,7915,0.768995663296932,0.9999047472361487,0.16889876251304187,0.09434783962996214,0.09892579283196468
swin_cifar100_wanet_0_1,mlp_norm_out_gain_scale,3.0,clean,8000,0.9780799040239847,0.9999662759716981,-0.025221886947923988,0.7007975116261231,0.7043686772710529
swin_cifar100_wanet_0_1,mlp_norm_out_gain_scale,3.0,backdoor,7915,0.9609388859268725,0.999891134641075,0.14836729894428868,0.4330359873083267,0.4358270413967169
swin_cifar100_wanet_0_1,mlp_norm_out_gain_scale,4.0,clean,8000,0.9804202666108162,0.9999448149351187,-0.021170801559565532,0.697834541743716,0.7010516528877935
swin_cifar100_wanet_0_1,mlp_norm_out_gain_scale,4.0,backdoor,7915,0.9712492462905665,0.9999002955842566,0.12550359998993138,0.516336219817515,0.5188675663933102
swin_cifar100_wanet_0_1,mlp_norm_out_gain_scale,6.0,clean,8000,0.9830977663410316,0.9995218698459212,0.008296819499831012,0.6802263196252134,0.6831037610205364
swin_cifar100_wanet_0_1,mlp_norm_out_gain_scale,6.0,backdoor,7915,0.9686815327920574,0.9992953205364756,0.12141404812715581,0.5648345396405107,0.567212356175761
swin_cifar100_wanet_0_1,mlp_norm_out_gain_scale,9.0,clean,8000,0.9847932010959902,0.9981504327151924,0.024873511094305273,0.6856789727049636,0.6882733977129398
swin_cifar100_wanet_0_1,mlp_norm_out_gain_scale,9.0,backdoor,7915,0.97313891088057,0.9981454425724223,0.13365477154088382,0.6354696289683004,0.6376856389381999
vit_cifar100_adaptive_blend_0_01,mlp_norm_out_gain_scale,0.25,clean,8000,0.06806215309602556,0.9843613313340397,0.9408417387940745,0.047404234455946166,0.05052688714353656
vit_cifar100_adaptive_blend_0_01,mlp_norm_out_gain_scale,0.25,backdoor,7915,0.15688481034010035,0.9885993048506923,0.6763433640654554,-0.11607310694904868,-0.03351302104828647
vit_cifar100_adaptive_blend_0_01,mlp_norm_out_gain_scale,0.5,clean,8000,0.14230324068288064,0.9997049985058585,0.8423750637761993,-0.26332754200660946,-0.25273526890898407
vit_cifar100_adaptive_blend_0_01,mlp_norm_out_gain_scale,0.5,backdoor,7915,0.2402735618184903,0.9986282394439189,0.4369827563519483,-0.06300008408032959,-0.0021693857816001147
vit_cifar100_adaptive_blend_0_01,mlp_norm_out_gain_scale,1.0,clean,8000,0.5657631606914663,0.9999934894881581,0.5517392716830236,-0.2827579820623822,-0.27281121144807546
vit_cifar100_adaptive_blend_0_01,mlp_norm_out_gain_scale,1.0,backdoor,7915,0.4928598763470978,0.9998084589644017,0.34678204551293923,0.0039865157077314155,0.062352427829597656
vit_cifar100_adaptive_blend_0_01,mlp_norm_out_gain_scale,2.0,clean,8000,0.9668971661551335,0.9980197532494137,0.10423741684702198,0.7370377891996139,0.7408803150107762
vit_cifar100_adaptive_blend_0_01,mlp_norm_out_gain_scale,2.0,backdoor,7915,0.9318352048640272,0.9982272093409533,0.2965399507523389,0.8852533801448655,0.9371671823065499
vit_cifar100_adaptive_blend_0_01,mlp_norm_out_gain_scale,3.0,clean,8000,0.9747691601658218,0.9975863555446258,0.0686128511206051,0.7646942195369864,0.7675535427024326
vit_cifar100_adaptive_blend_0_01,mlp_norm_out_gain_scale,3.0,backdoor,7915,0.9550672041064883,0.9973552511441658,0.25899332213988424,0.9490678590040229,0.9871934656802294
vit_cifar100_adaptive_blend_0_01,mlp_norm_out_gain_scale,4.0,clean,8000,0.978092981735705,0.9979415696444572,0.057095828647453994,0.7728409750788614,0.7751614401687321
vit_cifar100_adaptive_blend_0_01,mlp_norm_out_gain_scale,4.0,backdoor,7915,0.9636507229445683,0.9975227483091601,0.20962090104106562,0.9622270678769546,0.9929730828388658
vit_cifar100_adaptive_blend_0_01,mlp_norm_out_gain_scale,6.0,clean,8000,0.9815177981815723,0.9981362972126182,0.049806959154822535,0.7790620944867024,0.7808069040080132
vit_cifar100_adaptive_blend_0_01,mlp_norm_out_gain_scale,6.0,backdoor,7915,0.9725610608299411,0.9978291294536981,0.11594865234112156,0.9729466464853894,0.996031424057842
vit_cifar100_adaptive_blend_0_01,mlp_norm_out_gain_scale,9.0,clean,8000,0.9840702183841344,0.9979817187413573,0.03630009563489628,0.7839054749644407,0.785261560400906
vit_cifar100_adaptive_blend_0_01,mlp_norm_out_gain_scale,9.0,backdoor,7915,0.9783380575875432,0.9978930382134128,0.044473630630081036,0.9790251670304418,0.9967505577824557
vit_cifar100_adaptive_blend_0_01_sam_rho_0_1,mlp_norm_out_gain_scale,0.25,clean,8000,0.05285865821816462,0.8121277298100978,0.9604389063393989,0.23609040302019496,0.22177871298996576
vit_cifar100_adaptive_blend_0_01_sam_rho_0_1,mlp_norm_out_gain_scale,0.25,backdoor,7915,0.1267450525807765,0.8919194948270497,0.7921519720689757,-0.13910961006031317,-0.019854794230489893
vit_cifar100_adaptive_blend_0_01_sam_rho_0_1,mlp_norm_out_gain_scale,0.5,clean,8000,0.0950221993252303,0.9947459494667421,0.9013738713969209,0.029833410201503516,0.02982256987245105
vit_cifar100_adaptive_blend_0_01_sam_rho_0_1,mlp_norm_out_gain_scale,0.5,backdoor,7915,0.21667764262944147,0.9862664859810136,0.5540637378368386,-0.10881483886329021,0.011736373930252304
vit_cifar100_adaptive_blend_0_01_sam_rho_0_1,mlp_norm_out_gain_scale,1.0,clean,8000,0.3210065366991846,0.9997820424968165,0.698215131033084,-0.40802920727507,-0.38705518295155267
vit_cifar100_adaptive_blend_0_01_sam_rho_0_1,mlp_norm_out_gain_scale,1.0,backdoor,7915,0.3020780284182749,0.9969211534928372,0.40434068139681917,0.07381202390604896,0.12160909365570256
vit_cifar100_adaptive_blend_0_01_sam_rho_0_1,mlp_norm_out_gain_scale,2.0,clean,8000,0.9541662644144672,0.9984401708269018,0.10282608668120752,0.874445990122431,0.8847147022289508
vit_cifar100_adaptive_blend_0_01_sam_rho_0_1,mlp_norm_out_gain_scale,2.0,backdoor,7915,0.8435346005943896,0.9972582635983857,0.29080480938585984,0.7384272441526336,0.8784082570777162
vit_cifar100_adaptive_blend_0_01_sam_rho_0_1,mlp_norm_out_gain_scale,3.0,clean,8000,0.9665188916828413,0.9990410649503207,0.018957223541895118,0.9158427519481446,0.923378861181954
vit_cifar100_adaptive_blend_0_01_sam_rho_0_1,mlp_norm_out_gain_scale,3.0,backdoor,7915,0.918860964261999,0.9985079560054406,0.2941707902671352,0.8810129347758268,0.9826932777086035
vit_cifar100_adaptive_blend_0_01_sam_rho_0_1,mlp_norm_out_gain_scale,4.0,clean,8000,0.9716047968267099,0.9991045662636344,0.0037007635453929137,0.9233200733936652,0.9294482568482801
vit_cifar100_adaptive_blend_0_01_sam_rho_0_1,mlp_norm_out_gain_scale,4.0,backdoor,7915,0.9383758243031541,0.9987173877370965,0.2846568246990889,0.9137058124297337,0.9926402111242436
vit_cifar100_adaptive_blend_0_01_sam_rho_0_1,mlp_norm_out_gain_scale,6.0,clean,8000,0.9770403538182211,0.999005590831471,-0.006182220137227007,0.9303877208747356,0.9350518298858437
vit_cifar100_adaptive_blend_0_01_sam_rho_0_1,mlp_norm_out_gain_scale,6.0,backdoor,7915,0.9561140717587895,0.9985145866690683,0.26711775050779807,0.9428860274598939,0.9973264288877388
vit_cifar100_adaptive_blend_0_01_sam_rho_0_1,mlp_norm_out_gain_scale,9.0,clean,8000,0.9809309916626965,0.998631211114116,-0.020397180321475184,0.9353536325626872,0.9390235115059166
vit_cifar100_adaptive_blend_0_01_sam_rho_0_1,mlp_norm_out_gain_scale,9.0,backdoor,7915,0.96753232593655,0.9982897996665114,0.24879297543105708,0.9612954730867137,0.9989140954029719
vit_cifar100_adaptive_blend_0_05,mlp_norm_out_gain_scale,0.25,clean,8000,0.07239247529138035,0.9947372496116809,0.9307586984355168,0.10747205035708589,0.10560749537941962
vit_cifar100_adaptive_blend_0_05,mlp_norm_out_gain_scale,0.25,backdoor,7915,0.08219716526552459,0.9402113630244805,0.8698966845626231,-0.30744105867967575,-0.2937505774176607
vit_cifar100_adaptive_blend_0_05,mlp_norm_out_gain_scale,0.5,clean,8000,0.14298119124420366,0.9996171222540512,0.8232706064010301,-0.17051549921149947,-0.1619356864180966
vit_cifar100_adaptive_blend_0_05,mlp_norm_out_gain_scale,0.5,backdoor,7915,0.09666356007094258,0.9988825814245699,0.7242964623981495,-0.06690423891488857,-0.06262455613833678
vit_cifar100_adaptive_blend_0_05,mlp_norm_out_gain_scale,1.0,clean,8000,0.661601830742643,0.9998734153386781,0.4542049343876027,-0.07272845225697872,-0.060448848383985725
vit_cifar100_adaptive_blend_0_05,mlp_norm_out_gain_scale,1.0,backdoor,7915,0.08189894341315124,0.9997477086873698,0.3635248418699493,0.37258317814712294,0.3653924287579206
vit_cifar100_adaptive_blend_0_05,mlp_norm_out_gain_scale,2.0,clean,8000,0.9666839896475923,0.9980342322882183,0.11432397207260273,0.8001092249790541,0.8060250009415703
vit_cifar100_adaptive_blend_0_05,mlp_norm_out_gain_scale,2.0,backdoor,7915,0.5716902161325761,0.9989393574548213,0.24324597970062298,0.023858402937287738,0.03309026494506754
vit_cifar100_adaptive_blend_0_05,mlp_norm_out_gain_scale,3.0,clean,8000,0.9733004975036397,0.9981339139631007,0.09675847030515418,0.8169432305540646,0.8215801375789218
vit_cifar100_adaptive_blend_0_05,mlp_norm_out_gain_scale,3.0,backdoor,7915,0.8983608408058009,0.9970855637584282,0.2612304434552915,0.4494631291510241,0.45837525915282146
vit_cifar100_adaptive_blend_0_05,mlp_norm_out_gain_scale,4.0,clean,8000,0.9768230380981617,0.9979695898946375,0.09099026981947372,0.8218919365951106,0.8258263815084629
vit_cifar100_adaptive_blend_0_05,mlp_norm_out_gain_scale,4.0,backdoor,7915,0.9475011738007793,0.9962232072121701,0.2746338214079415,0.62682958602434,0.6330398459963676
vit_cifar100_adaptive_blend_0_05,mlp_norm_out_gain_scale,6.0,clean,8000,0.9808007141610496,0.9976230920292437,0.07323854472087167,0.8277064158050652,0.8309029891099455
vit_cifar100_adaptive_blend_0_05,mlp_norm_out_gain_scale,6.0,backdoor,7915,0.9694702681395785,0.9964755011559667,0.2881000202447852,0.7904749348139668,0.7952932026709201
vit_cifar100_adaptive_blend_0_05,mlp_norm_out_gain_scale,9.0,clean,8000,0.9837273562738827,0.9974159495905042,0.06665788715763298,0.8322659413793788,0.8349759358866773
vit_cifar100_adaptive_blend_0_05,mlp_norm_out_gain_scale,9.0,backdoor,7915,0.9767074575705996,0.9967406053916487,0.2672688760297486,0.8867899698239304,0.890775317543398
vit_cifar100_adaptive_blend_0_05_sam_rho_0_1,mlp_norm_out_gain_scale,0.25,clean,8000,0.05731643835827243,0.9282804307334899,0.9575688355790506,0.19004311764665321,0.17282041119892155
vit_cifar100_adaptive_blend_0_05_sam_rho_0_1,mlp_norm_out_gain_scale,0.25,backdoor,7915,0.07843987088281885,0.7172861615471952,0.9177808879363748,-0.27604325663280216,-0.2661867154527515
vit_cifar100_adaptive_blend_0_05_sam_rho_0_1,mlp_norm_out_gain_scale,0.5,clean,8000,0.10739330843582252,0.9981958118029131,0.8933893596041056,-0.03209101141377402,-0.031095748745098767
vit_cifar100_adaptive_blend_0_05_sam_rho_0_1,mlp_norm_out_gain_scale,0.5,backdoor,7915,0.1642620382150591,0.9506887485412752,0.740172021204311,-0.2768075507723944,-0.25889292694916877
vit_cifar100_adaptive_blend_0_05_sam_rho_0_1,mlp_norm_out_gain_scale,1.0,clean,8000,0.3859912796289838,0.9996072833719977,0.6626602504706436,-0.3782671427417085,-0.3536635487834281
vit_cifar100_adaptive_blend_0_05_sam_rho_0_1,mlp_norm_out_gain_scale,1.0,backdoor,7915,0.2352359589225453,0.9987389966886805,0.3620716189838234,0.09127180277493566,0.09277316774962915
vit_cifar100_adaptive_blend_0_05_sam_rho_0_1,mlp_norm_out_gain_scale,2.0,clean,8000,0.9519727478589116,0.9984189552317906,0.08892844080383164,0.891885153222234,0.9034354788842199
vit_cifar100_adaptive_blend_0_05_sam_rho_0_1,mlp_norm_out_gain_scale,2.0,backdoor,7915,0.8606864719690138,0.997708294696441,0.23849358752834726,0.6681133235896345,0.6957714745677706
vit_cifar100_adaptive_blend_0_05_sam_rho_0_1,mlp_norm_out_gain_scale,3.0,clean,8000,0.9653221773839255,0.9990618838335301,0.013452259148953047,0.9348874312717241,0.9434356148036351
vit_cifar100_adaptive_blend_0_05_sam_rho_0_1,mlp_norm_out_gain_scale,3.0,backdoor,7915,0.9206945251948919,0.9988167402952107,0.24602234936878759,0.8282168265780437,0.8474002966305758
vit_cifar100_adaptive_blend_0_05_sam_rho_0_1,mlp_norm_out_gain_scale,4.0,clean,8000,0.9705384083929639,0.9991353029618029,0.006178245078321471,0.9411179639324255,0.9480199568605524
vit_cifar100_adaptive_blend_0_05_sam_rho_0_1,mlp_norm_out_gain_scale,4.0,backdoor,7915,0.9416550549055038,0.9990269331231818,0.24541663473147346,0.8998653894823833,0.9156931768152747
vit_cifar100_adaptive_blend_0_05_sam_rho_0_1,mlp_norm_out_gain_scale,6.0,clean,8000,0.9760659558709457,0.9991493669222109,0.0069989268476017856,0.9462987055693499,0.9514094958533773
vit_cifar100_adaptive_blend_0_05_sam_rho_0_1,mlp_norm_out_gain_scale,6.0,backdoor,7915,0.9618178002125712,0.999048238620025,0.24440114618978315,0.9595111915042358,0.9723958989261422
vit_cifar100_adaptive_blend_0_05_sam_rho_0_1,mlp_norm_out_gain_scale,9.0,clean,8000,0.9801529812213543,0.9990179763334042,0.0006366874626986088,0.9506284170303708,0.9544546341843309
vit_cifar100_adaptive_blend_0_05_sam_rho_0_1,mlp_norm_out_gain_scale,9.0,backdoor,7915,0.9728065250045802,0.99885667511262,0.2392189947751445,0.9818657134259461,0.992988329813925
vit_cifar100_adaptive_blend_0_1,mlp_norm_out_gain_scale,0.25,clean,8000,0.0732037183326581,0.9651732281607033,0.9343921229899614,0.09286078532299559,0.0966977175374035
vit_cifar100_adaptive_blend_0_1,mlp_norm_out_gain_scale,0.25,backdoor,7915,0.04881710126101149,0.9670869001392853,0.8995938217289353,-0.35041829115239886,-0.3460733167869904
vit_cifar100_adaptive_blend_0_1,mlp_norm_out_gain_scale,0.5,clean,8000,0.14289025399975563,0.9998976255551031,0.8307529003029834,-0.203692643730203,-0.19065694885964735
vit_cifar100_adaptive_blend_0_1,mlp_norm_out_gain_scale,0.5,backdoor,7915,0.07393904727013693,0.9953093786412449,0.7387231792319628,-0.21145133647485856,-0.21128492460585502
vit_cifar100_adaptive_blend_0_1,mlp_norm_out_gain_scale,1.0,clean,8000,0.6296534715175401,0.9998060908407,0.4946678473859431,-0.1391543241892665,-0.12514183579364335
vit_cifar100_adaptive_blend_0_1,mlp_norm_out_gain_scale,1.0,backdoor,7915,0.17262873205342552,0.9973413416237495,0.30866619336088624,-0.0631264022572822,-0.06136519220414951
vit_cifar100_adaptive_blend_0_1,mlp_norm_out_gain_scale,2.0,clean,8000,0.9650628435428572,0.9995129789625016,0.04546060278041251,0.810932954375118,0.8164548869634551
vit_cifar100_adaptive_blend_0_1,mlp_norm_out_gain_scale,2.0,backdoor,7915,0.9508658073066367,0.9979462393130859,0.11048216235740589,0.558728783988085,0.5604062944422767
vit_cifar100_adaptive_blend_0_1,mlp_norm_out_gain_scale,3.0,clean,8000,0.9727230052916779,0.9987117253932801,-0.0015663416372878206,0.8346102070563189,0.8387382142640607
vit_cifar100_adaptive_blend_0_1,mlp_norm_out_gain_scale,3.0,backdoor,7915,0.9770383979178608,0.9972181575399967,0.1265943635672401,0.794757703970208,0.7958137665151255
vit_cifar100_adaptive_blend_0_1,mlp_norm_out_gain_scale,4.0,clean,8000,0.9764294702417744,0.9979327968321434,-0.0259967317990395,0.8411278510062972,0.8444765548508234
vit_cifar100_adaptive_blend_0_1,mlp_norm_out_gain_scale,4.0,backdoor,7915,0.9818852823412038,0.9974723781226407,0.11740379619156213,0.8647152326627859,0.8655830788798352
vit_cifar100_adaptive_blend_0_1,mlp_norm_out_gain_scale,6.0,clean,8000,0.9804790283093487,0.9978300300426781,-0.03163440062116977,0.8477963529041626,0.8503095252462052
vit_cifar100_adaptive_blend_0_1,mlp_norm_out_gain_scale,6.0,backdoor,7915,0.9859708084464697,0.9976040020642374,0.08063284231565994,0.9117270971423276,0.9124351624531496
vit_cifar100_adaptive_blend_0_1,mlp_norm_out_gain_scale,9.0,clean,8000,0.9834316167881805,0.9979027972582019,-0.03911547246466014,0.8536541067034165,0.8555787296067408
vit_cifar100_adaptive_blend_0_1,mlp_norm_out_gain_scale,9.0,backdoor,7915,0.9884883216391875,0.9977328588019828,0.031240119393826166,0.9385902774291879,0.9392040577671266
vit_cifar100_adaptive_blend_0_1_sam_rho_0_1,mlp_norm_out_gain_scale,0.25,clean,8000,0.05536814623765948,0.9348853626677526,0.960002613722388,0.18959536560286744,0.17708656576893617
vit_cifar100_adaptive_blend_0_1_sam_rho_0_1,mlp_norm_out_gain_scale,0.25,backdoor,7915,0.09607713323302376,0.8757603209909826,0.9078592788956997,-0.5256451985990858,-0.5156955003023459
vit_cifar100_adaptive_blend_0_1_sam_rho_0_1,mlp_norm_out_gain_scale,0.5,clean,8000,0.10408093094730708,0.9872033544734117,0.9017679438622184,-0.05569718562522353,-0.0517650957011601
vit_cifar100_adaptive_blend_0_1_sam_rho_0_1,mlp_norm_out_gain_scale,0.5,backdoor,7915,0.18773585352828048,0.9889351663037658,0.7448305411274929,-0.435222656706682,-0.4241336941133205
vit_cifar100_adaptive_blend_0_1_sam_rho_0_1,mlp_norm_out_gain_scale,1.0,clean,8000,0.3809634053009475,0.9995175018228366,0.6753544827687338,-0.425331508988211,-0.4057289571986578
vit_cifar100_adaptive_blend_0_1_sam_rho_0_1,mlp_norm_out_gain_scale,1.0,backdoor,7915,0.26366627340407356,0.9991849109674719,0.4346151716288644,-0.0649424580344813,-0.06293418611410002
vit_cifar100_adaptive_blend_0_1_sam_rho_0_1,mlp_norm_out_gain_scale,2.0,clean,8000,0.9508374075094769,0.9989476025436868,0.07613016253350063,0.8601746926026534,0.8704251899075152
vit_cifar100_adaptive_blend_0_1_sam_rho_0_1,mlp_norm_out_gain_scale,2.0,backdoor,7915,0.8666173920332884,0.9997494809857919,0.1560661034323854,0.6353170460064186,0.6488000326844143
vit_cifar100_adaptive_blend_0_1_sam_rho_0_1,mlp_norm_out_gain_scale,3.0,clean,8000,0.9656501837831981,0.9988467945266636,-0.031664485382995766,0.9217231449658156,0.9292298055617749
vit_cifar100_adaptive_blend_0_1_sam_rho_0_1,mlp_norm_out_gain_scale,3.0,backdoor,7915,0.92384483376129,0.9976128075014616,0.13894602123997601,0.8433312256332327,0.8523570818085309
vit_cifar100_adaptive_blend_0_1_sam_rho_0_1,mlp_norm_out_gain_scale,4.0,clean,8000,0.9709082900842183,0.9988006823809763,-0.05152825014759606,0.9322390373882883,0.9383323330383754
vit_cifar100_adaptive_blend_0_1_sam_rho_0_1,mlp_norm_out_gain_scale,4.0,backdoor,7915,0.941487044766247,0.9979758324426437,0.12730564152566817,0.9086574729019268,0.9163122408973298
vit_cifar100_adaptive_blend_0_1_sam_rho_0_1,mlp_norm_out_gain_scale,6.0,clean,8000,0.9764109051183366,0.998712579846676,-0.05052964519113035,0.9382275262692885,0.9428168801943141
vit_cifar100_adaptive_blend_0_1_sam_rho_0_1,mlp_norm_out_gain_scale,6.0,backdoor,7915,0.9597578337790688,0.9986906192949156,0.1214863254080241,0.9529752865186221,0.9594586281254108
vit_cifar100_adaptive_blend_0_1_sam_rho_0_1,mlp_norm_out_gain_scale,9.0,clean,8000,0.9804487986402955,0.9986819394398425,-0.05066129860991994,0.9432723327845164,0.9468059457717746
vit_cifar100_adaptive_blend_0_1_sam_rho_0_1,mlp_norm_out_gain_scale,9.0,backdoor,7915,0.9721771762500432,0.99862870224557,0.11999405915886645,0.9780884170698452,0.9838837003302947
vit_cifar100_badnet_a2a_0_01_sam_rho_0_1,mlp_norm_out_gain_scale,0.25,clean,8000,0.0528444991555159,0.8744626504519285,0.9624345613188665,0.24146685924726513,0.2185957441781703
vit_cifar100_badnet_a2a_0_01_sam_rho_0_1,mlp_norm_out_gain_scale,0.25,backdoor,8000,0.1877365087347925,0.9874957409780859,0.8227855688118938,-0.07374537820868744,0.038616040577615744
vit_cifar100_badnet_a2a_0_01_sam_rho_0_1,mlp_norm_out_gain_scale,0.5,clean,8000,0.09754792827625326,0.9932914116652334,0.9055747112762318,0.01973472546641542,0.015015365379463614
vit_cifar100_badnet_a2a_0_01_sam_rho_0_1,mlp_norm_out_gain_scale,0.5,backdoor,8000,0.4244602788133144,0.9990823572373692,0.5885882088242245,-0.3376590006509726,0.5918517321517416
vit_cifar100_badnet_a2a_0_01_sam_rho_0_1,mlp_norm_out_gain_scale,1.0,clean,8000,0.3267932355372042,0.999560338017046,0.7054581829502993,-0.40799841772356876,-0.39039272862061647
vit_cifar100_badnet_a2a_0_01_sam_rho_0_1,mlp_norm_out_gain_scale,1.0,backdoor,8000,0.6674019052978576,0.9999531438454485,0.3565519659698341,-0.033059360333346166,0.9208602509310448
vit_cifar100_badnet_a2a_0_01_sam_rho_0_1,mlp_norm_out_gain_scale,2.0,clean,8000,0.9443549744138686,0.9995104680346544,0.19571882831864285,0.8205156643037305,0.8320080380067268
vit_cifar100_badnet_a2a_0_01_sam_rho_0_1,mlp_norm_out_gain_scale,2.0,backdoor,8000,0.8087488787794764,0.9987219973412381,0.16783502222010585,0.3449796295935682,0.9990804094992765
vit_cifar100_badnet_a2a_0_01_sam_rho_0_1,mlp_norm_out_gain_scale,3.0,clean,8000,0.963016851378067,0.9992649432558577,0.09721167217513989,0.8992319700816593,0.9075591874437718
vit_cifar100_badnet_a2a_0_01_sam_rho_0_1,mlp_norm_out_gain_scale,3.0,backdoor,8000,0.8570751677259871,0.9990124933708324,0.15531997427908126,0.5092931987175808,0.9994964236425076
vit_cifar100_badnet_a2a_0_01_sam_rho_0_1,mlp_norm_out_gain_scale,4.0,clean,8000,0.9688088060537691,0.9993006237423321,0.06552799607353578,0.9121586208068868,0.9189395928687961
vit_cifar100_badnet_a2a_0_01_sam_rho_0_1,mlp_norm_out_gain_scale,4.0,backdoor,8000,0.8848039004867915,0.9989636241250256,0.15416795129139377,0.6059631244635563,0.9995827711672967
vit_cifar100_badnet_a2a_0_01_sam_rho_0_1,mlp_norm_out_gain_scale,6.0,clean,8000,0.9748431161253251,0.999286028729816,0.040057032276840356,0.9228112562840818,0.9279064644975161
vit_cifar100_badnet_a2a_0_01_sam_rho_0_1,mlp_norm_out_gain_scale,6.0,backdoor,8000,0.9156433573838253,0.9989730827845393,0.1566637607977982,0.714988505613668,0.9996583130317606
vit_cifar100_badnet_a2a_0_01_sam_rho_0_1,mlp_norm_out_gain_scale,9.0,clean,8000,0.9793405638085273,0.9988184391500556,0.020330436255308833,0.9313457243497021,0.935217929442617
vit_cifar100_badnet_a2a_0_01_sam_rho_0_1,mlp_norm_out_gain_scale,9.0,backdoor,8000,0.9382319133219917,0.9989127626887605,0.15886285936290884,0.7969521178874974,0.9996952825128079
vit_cifar100_badnet_a2a_0_05,mlp_norm_out_gain_scale,0.25,clean,8000,0.0764363670867023,0.9732598903692588,0.9254709981919899,-0.10352211763554343,-0.10247589274069697
vit_cifar100_badnet_a2a_0_05,mlp_norm_out_gain_scale,0.25,backdoor,8000,0.079317489932167,0.9936434206453068,0.8794073498442015,0.24868739410483265,0.2237822106259146
vit_cifar100_badnet_a2a_0_05,mlp_norm_out_gain_scale,0.5,clean,8000,0.16300448540638335,0.9991308550853062,0.816384241096642,-0.3816944167020855,-0.37232731861305346
vit_cifar100_badnet_a2a_0_05,mlp_norm_out_gain_scale,0.5,backdoor,8000,0.159903503585966,0.997841648130841,0.6778504253779053,-0.0017436972695553735,0.005640239245634573
vit_cifar100_badnet_a2a_0_05,mlp_norm_out_gain_scale,1.0,clean,8000,0.6776308631650063,0.9999203069261074,0.44188447549810494,-0.04330829956467973,-0.030850778317921476
vit_cifar100_badnet_a2a_0_05,mlp_norm_out_gain_scale,1.0,backdoor,8000,0.6490351103411667,0.9999545935850411,0.24251871837422828,0.20787352368136533,0.23820282732489503
vit_cifar100_badnet_a2a_0_05,mlp_norm_out_gain_scale,2.0,clean,8000,0.9649770301171494,0.998084139965336,0.019460602430866596,0.8084121364698686,0.8137452965422934
vit_cifar100_badnet_a2a_0_05,mlp_norm_out_gain_scale,2.0,backdoor,8000,0.9539604991045301,0.9991085131025035,0.03974819123504544,0.9451160104230445,0.9590172004935451
vit_cifar100_badnet_a2a_0_05,mlp_norm_out_gain_scale,3.0,clean,8000,0.9727168872630247,0.9976838203144172,-0.004418528111853593,0.8360867348466274,0.840231493458938
vit_cifar100_badnet_a2a_0_05,mlp_norm_out_gain_scale,3.0,backdoor,8000,0.964934609231706,0.9981536479575083,0.05533500703038475,0.9723796470993583,0.9824950609072072
vit_cifar100_badnet_a2a_0_05,mlp_norm_out_gain_scale,4.0,clean,8000,0.9762191997169954,0.9974620284046665,0.004609183013917142,0.8411205231962059,0.8446394237131951
vit_cifar100_badnet_a2a_0_05,mlp_norm_out_gain_scale,4.0,backdoor,8000,0.9696651013912757,0.9976052681800021,0.04720944146473774,0.9750148216640014,0.9831248394796508
vit_cifar100_badnet_a2a_0_05,mlp_norm_out_gain_scale,6.0,clean,8000,0.9800097109090731,0.9972780048847198,0.012544792273011574,0.8440257023571478,0.8468723732863365
vit_cifar100_badnet_a2a_0_05,mlp_norm_out_gain_scale,6.0,backdoor,8000,0.9750604849802185,0.9972593974194639,0.028659629252387703,0.9772751755292466,0.9832262223601579
vit_cifar100_badnet_a2a_0_05,mlp_norm_out_gain_scale,9.0,clean,8000,0.9827771758920231,0.9971318379975855,0.019426044117574908,0.8466744266914705,0.8490516266687903
vit_cifar100_badnet_a2a_0_05,mlp_norm_out_gain_scale,9.0,backdoor,8000,0.9791656528411526,0.9970069511348657,-0.0019566276083882845,0.9796157169070252,0.9840351185018359
vit_cifar100_badnet_a2a_0_05_sam_rho_0_1,mlp_norm_out_gain_scale,0.25,clean,8000,0.05363667246490847,0.9350494238593436,0.9609047991995389,0.2319339848521011,0.2215531155861639
vit_cifar100_badnet_a2a_0_05_sam_rho_0_1,mlp_norm_out_gain_scale,0.25,backdoor,8000,0.117547087438406,0.9823518634302411,0.8881925041956753,-0.031712592508714534,-0.054552222977557026
vit_cifar100_badnet_a2a_0_05_sam_rho_0_1,mlp_norm_out_gain_scale,0.5,clean,8000,0.09828564703801565,0.9991378879534569,0.901267059930154,0.028788387513730432,0.031450703312363014
vit_cifar100_badnet_a2a_0_05_sam_rho_0_1,mlp_norm_out_gain_scale,0.5,backdoor,8000,0.29174672537754853,0.9991765705188264,0.7554704107477127,-0.26654618667259317,-0.21067987910418728
vit_cifar100_badnet_a2a_0_05_sam_rho_0_1,mlp_norm_out_gain_scale,1.0,clean,8000,0.3695429759624104,0.9994178042884866,0.6728865836829879,-0.39335627984033655,-0.37453346371089175
vit_cifar100_badnet_a2a_0_05_sam_rho_0_1,mlp_norm_out_gain_scale,1.0,backdoor,8000,0.7612262993451322,0.9999298101739171,0.4665768485340122,0.3870810709393966,0.4602765280672812
vit_cifar100_badnet_a2a_0_05_sam_rho_0_1,mlp_norm_out_gain_scale,2.0,clean,8000,0.9518954710745542,0.9984818123869746,0.13928462602694996,0.8416824941728712,0.8510281974878532
vit_cifar100_badnet_a2a_0_05_sam_rho_0_1,mlp_norm_out_gain_scale,2.0,backdoor,8000,0.9415959326909671,0.9996844792606217,0.0718277911396177,0.9666016781105724,0.9903682511238223
vit_cifar100_badnet_a2a_0_05_sam_rho_0_1,mlp_norm_out_gain_scale,3.0,clean,8000,0.966936804803618,0.9984174133872754,0.03447440539461526,0.9042003476869472,0.9109966861472221
vit_cifar100_badnet_a2a_0_05_sam_rho_0_1,mlp_norm_out_gain_scale,3.0,backdoor,8000,0.955119063127557,0.9984397638893505,0.02948253718224562,0.9767457034723167,0.993574791119594
vit_cifar100_badnet_a2a_0_05_sam_rho_0_1,mlp_norm_out_gain_scale,4.0,clean,8000,0.9723847122808906,0.998766998281095,0.011046272474121955,0.9142042705586038,0.9197468227160895
vit_cifar100_badnet_a2a_0_05_sam_rho_0_1,mlp_norm_out_gain_scale,4.0,backdoor,8000,0.962606231568591,0.9989273772842776,0.01562288529793876,0.9811625226351313,0.9942093817975487
vit_cifar100_badnet_a2a_0_05_sam_rho_0_1,mlp_norm_out_gain_scale,6.0,clean,8000,0.978017586894628,0.9986197958249601,0.0070755820570491896,0.9215297584438996,0.9257822094339453
vit_cifar100_badnet_a2a_0_05_sam_rho_0_1,mlp_norm_out_gain_scale,6.0,backdoor,8000,0.9708263555715576,0.9987701388308778,0.0013070958650853218,0.984932410343676,0.9939127710194435
vit_cifar100_badnet_a2a_0_05_sam_rho_0_1,mlp_norm_out_gain_scale,9.0,clean,8000,0.9820060813719592,0.9984432094497606,-0.0034918463973231326,0.9283498667150544,0.9317396448419073
vit_cifar100_badnet_a2a_0_05_sam_rho_0_1,mlp_norm_out_gain_scale,9.0,backdoor,8000,0.9768185566641922,0.9984055664389888,0.002124633437482876,0.988349222398759,0.9944265709142478
vit_cifar100_badnet_a2a_0_1,mlp_norm_out_gain_scale,0.25,clean,8000,0.07272265751496729,0.9903733658766887,0.9255762543872025,0.020162398659224954,0.02483739234381973
vit_cifar100_badnet_a2a_0_1,mlp_norm_out_gain_scale,0.25,backdoor,8000,0.09817336927713999,0.978634507803262,0.9088605348737848,-0.06594735085992941,-0.06529383835710136
vit_cifar100_badnet_a2a_0_1,mlp_norm_out_gain_scale,0.5,clean,8000,0.15593814052646385,0.9995134411229718,0.800008312875928,-0.2871411999676061,-0.2760452672178587
vit_cifar100_badnet_a2a_0_1,mlp_norm_out_gain_scale,0.5,backdoor,8000,0.23636046898192017,0.9972932466546597,0.7554134024272695,-0.3826724639916953,-0.3528083424729178
vit_cifar100_badnet_a2a_0_1,mlp_norm_out_gain_scale,1.0,clean,8000,0.6922523939674827,0.9999862121774044,0.40936682634434224,0.003530329684129708,0.014743872847313773
vit_cifar100_badnet_a2a_0_1,mlp_norm_out_gain_scale,1.0,backdoor,8000,0.7775026560413989,0.9993647263648362,0.35382462057562486,0.33014278084787796,0.3607385375172156
vit_cifar100_badnet_a2a_0_1,mlp_norm_out_gain_scale,2.0,clean,8000,0.9660744549663409,0.9983708411452201,-0.0038679024728876434,0.8041470128203144,0.808790795405289
vit_cifar100_badnet_a2a_0_1,mlp_norm_out_gain_scale,2.0,backdoor,8000,0.9515666655229587,0.9988217783010102,0.06283847166618126,0.9256704526892923,0.9385734803716652
vit_cifar100_badnet_a2a_0_1,mlp_norm_out_gain_scale,3.0,clean,8000,0.9728952961183522,0.9979742837604135,-0.037385378895073436,0.821850799113759,0.8253247201764682
vit_cifar100_badnet_a2a_0_1,mlp_norm_out_gain_scale,3.0,backdoor,8000,0.9615587005163176,0.9987003974903572,0.07898286297703726,0.9423501917798489,0.9519347572705269
vit_cifar100_badnet_a2a_0_1,mlp_norm_out_gain_scale,4.0,clean,8000,0.976316011367119,0.9980220256838943,-0.041190566586073694,0.8248126147799001,0.8276621015848071
vit_cifar100_badnet_a2a_0_1,mlp_norm_out_gain_scale,4.0,backdoor,8000,0.9670522853253463,0.9985314706274504,0.07225986469471975,0.9494302409929838,0.957151466746902
vit_cifar100_badnet_a2a_0_1,mlp_norm_out_gain_scale,6.0,clean,8000,0.9801990529552236,0.9982402161655273,-0.03659430917223756,0.8282414256246979,0.8304276188161037
vit_cifar100_badnet_a2a_0_1,mlp_norm_out_gain_scale,6.0,backdoor,8000,0.9731904671798675,0.9984345043776557,0.04890922147205649,0.9554725955829979,0.9611163575842423
vit_cifar100_badnet_a2a_0_1,mlp_norm_out_gain_scale,9.0,clean,8000,0.9831003780141921,0.9980708079531129,-0.036511469228446905,0.8303948539355923,0.8321076225640587
vit_cifar100_badnet_a2a_0_1,mlp_norm_out_gain_scale,9.0,backdoor,8000,0.9779018145343827,0.9982102591311559,0.0395535340060286,0.9589007060780701,0.9630448679885881
vit_cifar100_badnet_a2a_0_1_sam_rho_0_1,mlp_norm_out_gain_scale,0.25,clean,8000,0.05831773927027762,0.9612391916132417,0.9570680270648758,0.20369212545937448,0.19406539369909198
vit_cifar100_badnet_a2a_0_1_sam_rho_0_1,mlp_norm_out_gain_scale,0.25,backdoor,8000,0.09164739410455972,0.8884132000555456,0.9336662963065379,-0.04178782792101968,-0.06247674396667028
vit_cifar100_badnet_a2a_0_1_sam_rho_0_1,mlp_norm_out_gain_scale,0.5,clean,8000,0.10959298734106515,0.9981868644756413,0.8875916697199491,-0.012704265133997888,-0.008215256662803629
vit_cifar100_badnet_a2a_0_1_sam_rho_0_1,mlp_norm_out_gain_scale,0.5,backdoor,8000,0.21390324862940896,0.984118828869292,0.8300975331127383,-0.3197066553271284,-0.28431634920278354
vit_cifar100_badnet_a2a_0_1_sam_rho_0_1,mlp_norm_out_gain_scale,1.0,clean,8000,0.3656577228950796,0.9997372046426277,0.6650648057115466,-0.3577653982008909,-0.33506588154326317
vit_cifar100_badnet_a2a_0_1_sam_rho_0_1,mlp_norm_out_gain_scale,1.0,backdoor,8000,0.6439919042684162,0.9984907586776113,0.5589492327349633,0.026442563347068675,0.09456731071298739
vit_cifar100_badnet_a2a_0_1_sam_rho_0_1,mlp_norm_out_gain_scale,2.0,clean,8000,0.9457670528149542,0.9998713323597948,0.1745585843637287,0.8313005875622782,0.8433801751776312
vit_cifar100_badnet_a2a_0_1_sam_rho_0_1,mlp_norm_out_gain_scale,2.0,backdoor,8000,0.9442733674465488,0.9987435379773686,0.13147363130190995,0.9547819111991875,0.9749405561548226
vit_cifar100_badnet_a2a_0_1_sam_rho_0_1,mlp_norm_out_gain_scale,3.0,clean,8000,0.9650813092996473,0.9989239395362517,0.08695542415701785,0.9092927334974787,0.9182015837424383
vit_cifar100_badnet_a2a_0_1_sam_rho_0_1,mlp_norm_out_gain_scale,3.0,backdoor,8000,0.9576634126913635,0.9982064212538695,0.0861436834298942,0.9730164168202529,0.9873640520894047
vit_cifar100_badnet_a2a_0_1_sam_rho_0_1,mlp_norm_out_gain_scale,4.0,clean,8000,0.9709279554915377,0.9985448436291504,0.06026485738479993,0.9241284842944076,0.931475393022604
vit_cifar100_badnet_a2a_0_1_sam_rho_0_1,mlp_norm_out_gain_scale,4.0,backdoor,8000,0.9645147263090821,0.9979473577138545,0.06885154198398342,0.978570291922471,0.9897459858867467
vit_cifar100_badnet_a2a_0_1_sam_rho_0_1,mlp_norm_out_gain_scale,6.0,clean,8000,0.9768068172785991,0.998467368022945,0.03233467012149915,0.935450686823114,0.9411712745695386
vit_cifar100_badnet_a2a_0_1_sam_rho_0_1,mlp_norm_out_gain_scale,6.0,backdoor,8000,0.9720435498769254,0.9978945810559698,0.04206943669854813,0.9836186281673266,0.9913861533717069
vit_cifar100_badnet_a2a_0_1_sam_rho_0_1,mlp_norm_out_gain_scale,9.0,clean,8000,0.9810016814545688,0.9981953687965781,0.001550904474135449,0.9430643576166525,0.9476640433018954
vit_cifar100_badnet_a2a_0_1_sam_rho_0_1,mlp_norm_out_gain_scale,9.0,backdoor,8000,0.9775957416756091,0.9980558409588411,0.01140737552504233,0.9862559971206439,0.9916178676038347
vit_cifar100_badnet_a2o_0_01,mlp_norm_out_gain_scale,0.25,clean,8000,0.07210184698050105,0.972566455712001,0.938791347035089,0.09445388549378488,0.09174972800791306
vit_cifar100_badnet_a2o_0_01,mlp_norm_out_gain_scale,0.25,backdoor,7915,0.0016847730432277695,0.894191937262181,0.7964451395326525,-0.4736493241794119,-0.4734377192209973
vit_cifar100_badnet_a2o_0_01,mlp_norm_out_gain_scale,0.5,clean,8000,0.13833997969337047,0.9995907380482462,0.8505525830154274,-0.2041234184367136,-0.19752452848747304
vit_cifar100_badnet_a2o_0_01,mlp_norm_out_gain_scale,0.5,backdoor,7915,0.006293009642460726,0.9546527686500903,0.5219268683852677,-0.4460917179869465,-0.4459643130952464
vit_cifar100_badnet_a2o_0_01,mlp_norm_out_gain_scale,1.0,clean,8000,0.55163789290981,0.9998718477873236,0.5562771189035157,-0.2616208833078136,-0.24921427169580607
vit_cifar100_badnet_a2o_0_01,mlp_norm_out_gain_scale,1.0,backdoor,7915,0.056883727965546936,0.9783185631194119,0.28458235438780166,-0.318026844975383,-0.31799507597225685
vit_cifar100_badnet_a2o_0_01,mlp_norm_out_gain_scale,2.0,clean,8000,0.9655236704898899,0.9982866240306998,0.07036527940950885,0.797530626435606,0.8029307202523784
vit_cifar100_badnet_a2o_0_01,mlp_norm_out_gain_scale,2.0,backdoor,7915,0.5946294706045003,0.9593338891855241,-0.01683173723046309,0.00930374041965043,0.009310727289179104
vit_cifar100_badnet_a2o_0_01,mlp_norm_out_gain_scale,3.0,clean,8000,0.9725896218352387,0.9979999604925891,0.0379827349814904,0.818254233117919,0.8224628001996317
vit_cifar100_badnet_a2o_0_01,mlp_norm_out_gain_scale,3.0,backdoor,7915,0.9194360526172753,0.9870964996516705,-0.05245017213473193,0.17251267770104065,0.1725124474030097
vit_cifar100_badnet_a2o_0_01,mlp_norm_out_gain_scale,4.0,clean,8000,0.9760903805417618,0.9978986335906541,0.027440938433177953,0.8227606264773644,0.8263007661465144
vit_cifar100_badnet_a2o_0_01,mlp_norm_out_gain_scale,4.0,backdoor,7915,0.9690704515077198,0.9926258749328554,-0.005005225501952036,0.22445466712849854,0.2244546830055371
vit_cifar100_badnet_a2o_0_01,mlp_norm_out_gain_scale,6.0,clean,8000,0.9799621004524987,0.9975620820187032,0.014012609363160013,0.827146986699153,0.8299437235211653
vit_cifar100_badnet_a2o_0_01,mlp_norm_out_gain_scale,6.0,backdoor,7915,0.9880427072426848,0.995011072140187,0.010107181050475226,0.3006882891483294,0.3006882891483294
vit_cifar100_badnet_a2o_0_01,mlp_norm_out_gain_scale,9.0,clean,8000,0.9828236080021024,0.9973671513592927,0.00965570832437334,0.829970273048062,0.8322301193189819
vit_cifar100_badnet_a2o_0_01,mlp_norm_out_gain_scale,9.0,backdoor,7915,0.9929772535450968,0.9953944804146886,0.0016386434501321346,0.48232559630586525,0.48232559630586525
vit_cifar100_badnet_a2o_0_01_sam_rho_0_1,mlp_norm_out_gain_scale,0.25,clean,8000,0.054857000072216604,0.9356504195197716,0.959591997692718,0.2046420873728695,0.1779403576681296
vit_cifar100_badnet_a2o_0_01_sam_rho_0_1,mlp_norm_out_gain_scale,0.25,backdoor,7915,0.0035081022260678597,0.7448066243646844,0.8957267840103937,-0.32002087618695507,-0.319767247403885
vit_cifar100_badnet_a2o_0_01_sam_rho_0_1,mlp_norm_out_gain_scale,0.5,clean,8000,0.10109314367328102,0.9958337762504756,0.8997916849851167,-0.0271694332915269,-0.038920610192689546
vit_cifar100_badnet_a2o_0_01_sam_rho_0_1,mlp_norm_out_gain_scale,0.5,backdoor,7915,0.012046672675839616,0.985885886387953,0.7424069286445619,-0.4569139262824829,-0.45672163306581426
vit_cifar100_badnet_a2o_0_01_sam_rho_0_1,mlp_norm_out_gain_scale,1.0,clean,8000,0.3316257674138253,0.9987813198566874,0.7026776100916612,-0.41934840763516845,-0.40159636112127023
vit_cifar100_badnet_a2o_0_01_sam_rho_0_1,mlp_norm_out_gain_scale,1.0,backdoor,7915,0.02594967482741926,0.9992889022437488,0.40289436721568667,-0.3324382757613715,-0.3324224443237482
vit_cifar100_badnet_a2o_0_01_sam_rho_0_1,mlp_norm_out_gain_scale,2.0,clean,8000,0.9499609721398584,0.997138381947437,0.16225590413819552,0.858321328262296,0.8680356366199211
vit_cifar100_badnet_a2o_0_01_sam_rho_0_1,mlp_norm_out_gain_scale,2.0,backdoor,7915,0.15596204481108172,0.9948589664654773,0.12580353514406914,-0.14705338857626118,-0.14705153959160383
vit_cifar100_badnet_a2o_0_01_sam_rho_0_1,mlp_norm_out_gain_scale,3.0,clean,8000,0.9657411849602101,0.9977456966624103,0.043860955477755766,0.9271067523015372,0.9341632011487035
vit_cifar100_badnet_a2o_0_01_sam_rho_0_1,mlp_norm_out_gain_scale,3.0,backdoor,7915,0.5359134710213195,0.9948937307350079,0.1261427911043463,-0.1588391186835455,-0.15883845031314153
vit_cifar100_badnet_a2o_0_01_sam_rho_0_1,mlp_norm_out_gain_scale,4.0,clean,8000,0.9710167315016369,0.9978029390152687,0.014163282399055182,0.9355931020045531,0.9412834079117056
vit_cifar100_badnet_a2o_0_01_sam_rho_0_1,mlp_norm_out_gain_scale,4.0,backdoor,7915,0.78867183870163,0.9945302497596245,0.0906966406264812,-0.15464362093841566,-0.15464339873016197
vit_cifar100_badnet_a2o_0_01_sam_rho_0_1,mlp_norm_out_gain_scale,6.0,clean,8000,0.9765365208958797,0.9976395026315004,0.000535850937263844,0.9406083014266942,0.9448178726072333
vit_cifar100_badnet_a2o_0_01_sam_rho_0_1,mlp_norm_out_gain_scale,6.0,backdoor,7915,0.933275184476276,0.9942293586962653,0.06505252083592693,-0.08493923609390802,-0.084939235101678
vit_cifar100_badnet_a2o_0_01_sam_rho_0_1,mlp_norm_out_gain_scale,9.0,clean,8000,0.980520378064663,0.9974100284744054,0.00020110457601035992,0.9437112347870754,0.9468648309420732
vit_cifar100_badnet_a2o_0_01_sam_rho_0_1,mlp_norm_out_gain_scale,9.0,backdoor,7915,0.9615098643974336,0.9937900547529546,0.054365471093352484,0.08572579916302962,0.08572579957444207
vit_cifar100_badnet_a2o_0_05,mlp_norm_out_gain_scale,0.25,clean,8000,0.07312945873674645,0.9889279357979945,0.9338391608582759,0.08752038003848253,0.08918081194133078
vit_cifar100_badnet_a2o_0_05,mlp_norm_out_gain_scale,0.25,backdoor,7915,0.0003721475712190135,0.52791677228369,0.83687195581761,-0.24155772042378407,-0.241505359395384
vit_cifar100_badnet_a2o_0_05,mlp_norm_out_gain_scale,0.5,clean,8000,0.1407975304177854,0.9996892495838117,0.8340924053466806,-0.1642637910952964,-0.15513727938904406
vit_cifar100_badnet_a2o_0_05,mlp_norm_out_gain_scale,0.5,backdoor,7915,0.001774160483300378,0.8887676335170918,0.5827683911678857,-0.472597216165603,-0.47257929644492
vit_cifar100_badnet_a2o_0_05,mlp_norm_out_gain_scale,1.0,clean,8000,0.5636953465814116,0.9999755799602236,0.5195954676162644,-0.2314315595634342,-0.22161043534892327
vit_cifar100_badnet_a2o_0_05,mlp_norm_out_gain_scale,1.0,backdoor,7915,0.014559583165945517,0.9173391747563824,0.22051319002836245,-0.22453188288018183,-0.2244910961554459
vit_cifar100_badnet_a2o_0_05,mlp_norm_out_gain_scale,2.0,clean,8000,0.9670800520024104,0.9980370580986638,-0.05500236181638177,0.7825390481621243,0.7877562990593768
vit_cifar100_badnet_a2o_0_05,mlp_norm_out_gain_scale,2.0,backdoor,7915,0.4561841493424851,0.7695066034793849,-0.024732315324920987,0.05094891945871099,0.05090243752089771
vit_cifar100_badnet_a2o_0_05,mlp_norm_out_gain_scale,3.0,clean,8000,0.9740774462475776,0.9983012871550603,-0.07979556365476037,0.8010825103775127,0.8052116624787787
vit_cifar100_badnet_a2o_0_05,mlp_norm_out_gain_scale,3.0,backdoor,7915,0.8247497563452104,0.9199059456586838,-0.008832029457423462,0.14717764098213484,0.1471776094252503
vit_cifar100_badnet_a2o_0_05,mlp_norm_out_gain_scale,4.0,clean,8000,0.9773343396025311,0.9984431802295148,-0.07301287789963136,0.8044896480982788,0.8080235287474778
vit_cifar100_badnet_a2o_0_05,mlp_norm_out_gain_scale,4.0,backdoor,7915,0.9102785571767433,0.9557933025062084,0.014128120778073034,0.17260718800504635,0.17260718800504635
vit_cifar100_badnet_a2o_0_05,mlp_norm_out_gain_scale,6.0,clean,8000,0.9809510329903979,0.9983021934749559,-0.057632594247094125,0.8060436304524975,0.8089296452291457
vit_cifar100_badnet_a2o_0_05,mlp_norm_out_gain_scale,6.0,backdoor,7915,0.9595856876983834,0.9746643677353859,0.014010842479462427,0.20901016948584833,0.20901016948584833
vit_cifar100_badnet_a2o_0_05,mlp_norm_out_gain_scale,9.0,clean,8000,0.9835859642996502,0.9981571143725887,-0.04045239628559009,0.8080549344203288,0.8104868572151208
vit_cifar100_badnet_a2o_0_05,mlp_norm_out_gain_scale,9.0,backdoor,7915,0.9726403994985814,0.9799177683889866,,0.12395174991681863,0.12395174991681863
vit_cifar100_badnet_a2o_0_05_sam_rho_0_1,mlp_norm_out_gain_scale,0.25,clean,8000,0.07576007800592527,0.8604028534195747,0.9457890621220956,0.2082944092838879,0.16767578412342551
vit_cifar100_badnet_a2o_0_05_sam_rho_0_1,mlp_norm_out_gain_scale,0.25,backdoor,7915,0.0008918674631286076,0.793476977307665,0.8480291190315875,0.9351434712020225,0.9352666529799785
vit_cifar100_badnet_a2o_0_05_sam_rho_0_1,mlp_norm_out_gain_scale,0.5,clean,8000,0.1427084125752506,0.9993944742832606,0.8625406923957294,-0.010458704578950515,-0.021223037761355788
vit_cifar100_badnet_a2o_0_05_sam_rho_0_1,mlp_norm_out_gain_scale,0.5,backdoor,7915,0.0008834352647161909,0.8415290145601229,0.6943857617334451,0.8968247129778257,0.8968294932666485
vit_cifar100_badnet_a2o_0_05_sam_rho_0_1,mlp_norm_out_gain_scale,1.0,clean,8000,0.3768051915450195,0.9998775833870479,0.6552193080723977,-0.2680080086415942,-0.2307610911556691
vit_cifar100_badnet_a2o_0_05_sam_rho_0_1,mlp_norm_out_gain_scale,1.0,backdoor,7915,0.2745118896416154,0.9999928922335916,0.33658168474235906,-0.10896659787441344,-0.108953343566807
vit_cifar100_badnet_a2o_0_05_sam_rho_0_1,mlp_norm_out_gain_scale,2.0,clean,8000,0.9014471828095434,0.9999877189171753,0.18137358786449426,0.7751267138587197,0.8019069820202773
vit_cifar100_badnet_a2o_0_05_sam_rho_0_1,mlp_norm_out_gain_scale,2.0,backdoor,7915,0.951880818177311,0.9999834546438848,0.0451725523200427,0.020054278815038344,0.02006375604321214
vit_cifar100_badnet_a2o_0_05_sam_rho_0_1,mlp_norm_out_gain_scale,3.0,clean,8000,0.9478732059742925,0.9998302529980201,0.106198898017859,0.9189858691785174,0.9369752839805177
vit_cifar100_badnet_a2o_0_05_sam_rho_0_1,mlp_norm_out_gain_scale,3.0,backdoor,7915,0.9838422075041808,0.9997903187031565,-0.20639364010827338,0.4171272012407639,0.4171301340930214
vit_cifar100_badnet_a2o_0_05_sam_rho_0_1,mlp_norm_out_gain_scale,4.0,clean,8000,0.9591584606988974,0.9995598628845722,0.11048290451652558,0.944930244976186,0.958803988947781
vit_cifar100_badnet_a2o_0_05_sam_rho_0_1,mlp_norm_out_gain_scale,4.0,backdoor,7915,0.9912167669444681,0.9995704784232657,-0.11686692323766751,0.557047759058732,0.5570477620871938
vit_cifar100_badnet_a2o_0_05_sam_rho_0_1,mlp_norm_out_gain_scale,6.0,clean,8000,0.9688622430989435,0.9993481954443268,0.08824184840389467,0.9590314735228925,0.9686826791037231
vit_cifar100_badnet_a2o_0_05_sam_rho_0_1,mlp_norm_out_gain_scale,6.0,backdoor,7915,0.9945976084249945,0.9994146057870239,-0.008789038986960214,0.6053309513180845,0.605330951696858
vit_cifar100_badnet_a2o_0_05_sam_rho_0_1,mlp_norm_out_gain_scale,9.0,clean,8000,0.9752827770266022,0.998895997647196,0.05326502186305444,0.9656492877314969,0.9723344358065328
vit_cifar100_badnet_a2o_0_05_sam_rho_0_1,mlp_norm_out_gain_scale,9.0,backdoor,7915,0.9957022678942112,0.9983747776132077,-0.007397037392885969,0.6475399089573292,0.6475399089573292
