folder,placement,operator,rule,rate,summary_auroc,cache_auroc,gap,disagrees
vit_tiny_lf_0_05,before_attention_residual_channel_mask,channel_mask,adaptive,0.6,0.8320880077048978,0.8320880077048978,0.0,False
vit_cifar100_adaptive_blend_0_1,before_attention_residual_channel_mask,channel_mask,matched_sigma0.4,0.4,0.7536956265820235,0.7536956265820235,0.0,False
vit_cifar100_wanet_0_05,before_mlp_channel_mask,channel_mask,matched_sigma0.6,0.4,0.4562895882459279,0.4562895882459279,0.0,False
vit_cifar100_blend_0_05,before_mlp_channel_mask,channel_mask,adaptive,0.5,0.8435321197387435,0.8435321197387435,0.0,False
vit_cifar100_badnet_a2o_0_1,after_embedding_channel_mask,channel_mask,oracle,0.5,0.6438885361642116,0.6438885361642116,0.0,False
vit_tiny_blend_0_05,pre_residual_channel_mask,channel_mask,oracle,0.3,0.905505317718504,0.905505317718504,0.0,False
vit_gtsrb_bpp_0_01,before_attention_residual_channel_mask,channel_mask,matched_sigma0.6,0.6,0.847926338983212,0.847926338983212,0.0,False
vit_gtsrb_badnet_a2o_0_01,after_attention_residual_channel_mask,channel_mask,matched_sigma0.2,0.1,0.7601896227149953,0.7601896227149953,0.0,False
vit_cifar100_bpp_0_01,before_attention_channel_mask,channel_mask,oracle,0.6,0.7036091303325885,0.7036091303325885,0.0,False
vit_cifar100_bpp_0_01,before_attention_norm_channel_mask,channel_mask,matched_sigma0.6,0.3,0.6151548372653377,0.6151548372653377,0.0,False
vit_cifar100_bpp_0_1,before_attention_norm_channel_mask,channel_mask,matched_sigma0.4,0.3,0.7284308283407606,0.7284308283407606,0.0,False
vit_tiny_badnet_a2o_0_05,after_embedding_channel_mask,channel_mask,matched_sigma0.2,0.1,0.621327466666591,0.621327466666591,0.0,False
vit_cifar10_adaptive_blend_0_05,after_embedding_channel_mask,channel_mask,matched_sigma0.6,0.6,0.6924479263117284,0.6924479263117284,0.0,False
vit_cifar100_adaptive_blend_0_01,before_attention_channel_mask,channel_mask,matched_sigma0.2,0.2,0.5474242793675219,0.5474242793675219,0.0,False
vit_gtsrb_benign,post_residual_channel_mask,channel_mask,oracle,0.8,0.5020126577916308,0.5020126577916308,0.0,False
vit_gtsrb_badnet_a2a_0_1,before_attention_channel_mask,channel_mask,oracle,0.9,0.5606135964791954,0.5606135964791954,0.0,False
vit_cifar100_benign,after_embedding_channel_mask,channel_mask,matched_sigma0.4,0.3,0.4974026383451142,0.4974026383451142,0.0,False
vit_cifar100_lc_0_1,before_mlp_channel_mask,channel_mask,adaptive,0.5,0.7066339730131701,0.7066339730131701,0.0,False
vit_cifar100_adaptive_blend_0_1,mlp_neurons_channel_mask,channel_mask,matched_sigma0.4,0.5,0.7484279551089454,0.7484279551089454,0.0,False
vit_gtsrb_lf_0_01,before_mlp_norm_channel_mask,channel_mask,oracle,0.9,0.8609350472898996,0.8609350472898996,0.0,False
vit_cifar100_adaptive_blend_0_05,after_attention_residual_channel_mask,channel_mask,adaptive,0.2,0.7207414773758934,0.7207414773758934,0.0,False
vit_gtsrb_blend_0_1,after_embedding_channel_mask,channel_mask,matched_sigma0.4,0.3,0.6753683286776806,0.6753683286776806,0.0,False
vit_cifar10_sig_0_05,before_mlp_channel_mask,channel_mask,matched_sigma0.2,0.3,0.5206427662037036,0.5206427662037036,0.0,False
vit_tiny_badnet_a2o_0_1,pre_residual_channel_mask,channel_mask,adaptive,0.4,0.7256374669016504,0.7256374669016504,0.0,False
vit_cifar10_wanet_0_05,after_embedding_channel_mask,channel_mask,matched_sigma0.2,0.2,0.4492510030864197,0.44925100308641974,5.551115123125783e-17,False
vit_tiny_blend_0_05,after_embedding_channel_mask,channel_mask,oracle,0.6,0.8092496156130993,0.8092496156130993,0.0,False
vit_tiny_bpp_0_1,before_attention_norm_channel_mask,channel_mask,matched_sigma0.6,0.3,0.9242610794570192,0.9242610794570193,1.1102230246251565e-16,False
vit_tiny_badnet_a2o_0_01,after_attention_residual_channel_mask,channel_mask,oracle,0.05,0.7947044092871937,0.7947044092871937,0.0,False
vit_tiny_bpp_0_01,before_attention_channel_mask,channel_mask,matched_sigma0.2,0.1,0.7025121728504269,0.7025121728504269,0.0,False
vit_tiny_adaptive_blend_0_05,pre_residual_channel_mask,channel_mask,adaptive,0.4,0.8660136355626202,0.8660136355626202,0.0,False
vit_tiny_adaptive_blend_0_1,before_attention_residual_channel_mask,channel_mask,oracle,0.5,0.8177629189904834,0.8177629189904834,0.0,False
vit_tiny_badnet_a2o_0_1,before_mlp_residual_channel_mask,channel_mask,matched_sigma0.4,0.3,0.876989790353663,0.876989790353663,0.0,False
vit_gtsrb_adaptive_blend_0_05,before_attention_norm_channel_mask,channel_mask,oracle,0.6,0.999114028226908,0.999114028226908,0.0,False
vit_cifar100_adaptive_blend_0_01,after_embedding_channel_mask,channel_mask,matched_sigma0.4,0.3,0.5692991668824916,0.5692991668824916,0.0,False
vit_gtsrb_blend_0_1,mlp_neurons_channel_mask,channel_mask,matched_sigma0.2,0.4,0.8884737373604131,0.8884737373604131,0.0,False
vit_gtsrb_badnet_a2a_0_05,before_attention_norm_channel_mask,channel_mask,matched_sigma0.8,0.4,0.4471045842850556,0.4471045842850556,0.0,False
vit_cifar100_wanet_0_05,before_attention_norm_channel_mask,channel_mask,oracle,0.9,0.7919994221611573,0.7919994221611573,0.0,False
vit_tiny_wanet_0_1,post_residual_channel_mask,channel_mask,adaptive,0.05,0.9055796716432808,0.9055796716432807,1.1102230246251565e-16,False
vit_gtsrb_adaptive_blend_0_1,before_attention_norm_channel_mask,channel_mask,matched_sigma0.2,0.2,0.9831531173712454,0.9831531173712454,0.0,False
vit_cifar100_adaptive_blend_0_05,before_mlp_norm_channel_mask,channel_mask,matched_sigma0.6,0.4,0.8031487827274073,0.8031487827274073,0.0,False
vit_tiny_adaptive_blend_0_1,before_attention_channel_mask,channel_mask,matched_sigma0.4,0.3,0.7363413300426906,0.7363413300426906,0.0,False
vit_tiny_adaptive_blend_0_05,before_attention_norm_channel_mask,channel_mask,matched_sigma0.2,0.1,0.6581499455345661,0.6581499455345661,0.0,False
vit_cifar10_wanet_0_05,before_attention_channel_mask,channel_mask,matched_sigma0.2,0.3,0.3749303819444444,0.37493038194444445,5.551115123125783e-17,False
vit_cifar100_benign,post_residual_channel_mask,channel_mask,adaptive,0.1,0.5090500417217203,0.5090500417217203,0.0,False
vit_tiny_lf_0_05,pre_residual_channel_mask,channel_mask,matched_sigma0.2,0.1,0.8313735785712051,0.8313735785712051,0.0,False
vit_gtsrb_lf_0_1,before_attention_residual_channel_mask,channel_mask,adaptive,0.7,0.98398258928506,0.98398258928506,0.0,False
vit_cifar100_benign,after_mlp_residual_channel_mask,channel_mask,adaptive,0.2,0.5082198612947342,0.5082198612947342,0.0,False
vit_cifar10_adaptive_blend_0_05,before_attention_residual_channel_mask,channel_mask,matched_sigma0.4,0.6,0.6116406346450617,0.6116406346450617,0.0,False
vit_gtsrb_badnet_a2a_0_05,before_attention_norm_channel_mask,channel_mask,matched_sigma0.2,0.2,0.3131053728022627,0.3131053728022627,0.0,False
vit_gtsrb_badnet_a2o_0_01,before_attention_residual_channel_mask,channel_mask,matched_sigma0.4,0.5,0.6627083564131951,0.6627083564131951,0.0,False
vit_cifar100_adaptive_blend_0_1,after_mlp_residual_channel_mask,channel_mask,matched_sigma0.2,0.05,0.8377207370318479,0.8377207370318479,0.0,False
vit_tiny_lc_0_1,before_attention_residual_channel_mask,channel_mask,matched_sigma0.8,0.5,0.6314048230060074,0.6314048230060074,0.0,False
vit_cifar100_adaptive_blend_0_01,after_embedding_channel_mask,channel_mask,adaptive,0.6,0.7275879977125883,0.7275879977125883,0.0,False
vit_tiny_blend_0_1,mlp_neurons_channel_mask,channel_mask,matched_sigma0.4,0.4,0.7707366505381796,0.7707366505381796,0.0,False
vit_cifar100_lf_0_01,before_mlp_channel_mask,channel_mask,matched_sigma0.2,0.1,0.5693613164828929,0.5693613164828929,0.0,False
vit_tiny_badnet_a2o_0_01,before_attention_norm_channel_mask,channel_mask,adaptive,0.5,0.8693351248366878,0.8693351248366878,0.0,False
vit_tiny_bpp_0_05,mlp_neurons_channel_mask,channel_mask,matched_sigma0.2,0.2,0.8063729396168303,0.8063729396168303,0.0,False
vit_cifar100_lc_0_1,before_attention_residual_channel_mask,channel_mask,matched_sigma0.4,0.4,0.53667765012736,0.53667765012736,0.0,False
vit_tiny_blend_0_1,after_embedding_channel_mask,channel_mask,matched_sigma0.8,0.5,0.81735432759812,0.81735432759812,0.0,False
vit_gtsrb_badnet_a2o_0_05,post_residual_channel_mask,channel_mask,adaptive,0.1,0.7354270579667107,0.7354270579667107,0.0,False
vit_cifar100_lc_0_01,after_attention_residual_channel_mask,channel_mask,matched_sigma0.6,0.1,0.4197776118575085,0.4197776118575085,0.0,False
vit_cifar10_sig_0_05,before_attention_norm_channel_mask,channel_mask,matched_sigma0.6,0.5,0.7082947048611111,0.7082947048611111,0.0,False
vit_gtsrb_badnet_a2a_0_05,after_embedding_channel_mask,channel_mask,matched_sigma0.4,0.4,0.4488177109283529,0.44881771092835293,5.551115123125783e-17,False
vit_cifar100_blend_0_01,before_mlp_residual_channel_mask,channel_mask,matched_sigma0.6,0.4,0.4257685077032542,0.42576850770325425,5.551115123125783e-17,False
vit_gtsrb_wanet_0_1,before_mlp_norm_channel_mask,channel_mask,matched_sigma0.4,0.3,0.7103983486740908,0.7103983486740908,0.0,False
vit_gtsrb_lf_0_1,before_mlp_norm_channel_mask,channel_mask,matched_sigma0.4,0.4,0.7450106656219644,0.7450106656219644,0.0,False
vit_cifar100_lf_0_1,before_mlp_norm_channel_mask,channel_mask,matched_sigma0.2,0.1,0.673380712393885,0.673380712393885,0.0,False
vit_tiny_adaptive_blend_0_05,before_attention_channel_mask,channel_mask,matched_sigma0.4,0.3,0.742083694703669,0.742083694703669,0.0,False
vit_cifar100_lc_0_01,mlp_neurons_channel_mask,channel_mask,matched_sigma0.6,0.6,0.51118044733825,0.51118044733825,0.0,False
vit_gtsrb_adaptive_blend_0_05,after_embedding_channel_mask,channel_mask,adaptive,0.7,0.9425146686039272,0.9425146686039273,1.1102230246251565e-16,False
vit_cifar100_bpp_0_01,before_mlp_channel_mask,channel_mask,matched_sigma0.2,0.1,0.575017656408564,0.575017656408564,0.0,False
vit_cifar100_bpp_0_05,pre_residual_channel_mask,channel_mask,adaptive,0.4,0.88091327269484,0.88091327269484,0.0,False
vit_tiny_badnet_a2o_0_05,before_mlp_norm_channel_mask,channel_mask,oracle,0.05,0.7089695823145385,0.7089695823145385,0.0,False
vit_tiny_bpp_0_05,before_attention_residual_channel_mask,channel_mask,oracle,0.5,0.9058983831904815,0.9058983831904815,0.0,False
vit_tiny_bpp_0_05,before_attention_norm_channel_mask,channel_mask,matched_sigma0.4,0.2,0.8130137396423285,0.8130137396423285,0.0,False
vit_cifar100_lf_0_1,after_mlp_residual_channel_mask,channel_mask,oracle,0.1,0.9389985031260364,0.9389985031260363,1.1102230246251565e-16,False
vit_tiny_wanet_0_1,pre_residual_channel_mask,channel_mask,adaptive,0.4,0.6956228870599719,0.6956228870599719,0.0,False
vit_cifar100_bpp_0_01,before_attention_norm_channel_mask,channel_mask,adaptive,0.5,0.8070510784795336,0.8070510784795336,0.0,False
vit_cifar100_lf_0_01,before_attention_residual_channel_mask,channel_mask,matched_sigma0.4,0.3,0.6364853032197357,0.6364853032197357,0.0,False
vit_gtsrb_badnet_a2o_0_01,before_mlp_residual_channel_mask,channel_mask,adaptive,0.5,0.4225796513066767,0.42257965130667674,5.551115123125783e-17,False
vit_tiny_lf_0_05,before_mlp_residual_channel_mask,channel_mask,matched_sigma0.4,0.3,0.9146209668185584,0.9146209668185585,1.1102230246251565e-16,False
vit_cifar100_lf_0_01,before_attention_norm_channel_mask,channel_mask,matched_sigma0.8,0.4,0.8218553415574272,0.8218553415574272,0.0,False
vit_gtsrb_badnet_a2o_0_1,before_mlp_norm_channel_mask,channel_mask,matched_sigma0.4,0.4,0.828058027625482,0.828058027625482,0.0,False
vit_tiny_badnet_a2o_0_1,before_mlp_channel_mask,channel_mask,matched_sigma0.2,0.1,0.6783752312963531,0.6783752312963531,0.0,False
vit_tiny_lf_0_05,pre_residual_channel_mask,channel_mask,matched_sigma0.4,0.2,0.8591177273790774,0.8591177273790774,0.0,False
vit_tiny_blend_0_05,before_attention_residual_channel_mask,channel_mask,matched_sigma0.2,0.2,0.7602204244990278,0.7602204244990278,0.0,False
vit_cifar100_lc_0_01,before_mlp_channel_mask,channel_mask,oracle,0.6,0.7377722157685356,0.7377722157685356,0.0,False
vit_cifar100_adaptive_blend_0_01,after_embedding_channel_mask,channel_mask,oracle,0.8,0.824318355681357,0.824318355681357,0.0,False
vit_cifar10_adaptive_blend_0_01,before_mlp_channel_mask,channel_mask,matched_sigma0.6,0.5,0.6102762056327161,0.6102762056327161,0.0,False
vit_cifar100_wanet_0_1,before_attention_norm_channel_mask,channel_mask,matched_sigma0.2,0.1,0.4226125897835059,0.42261258978350597,5.551115123125783e-17,False
vit_cifar100_wanet_0_05,before_attention_norm_channel_mask,channel_mask,matched_sigma0.8,0.4,0.5711133334317682,0.5711133334317682,0.0,False
vit_cifar100_blend_0_1,mlp_neurons_channel_mask,channel_mask,matched_sigma0.4,0.4,0.8138001004833015,0.8138001004833015,0.0,False
vit_gtsrb_blend_0_05,after_embedding_channel_mask,channel_mask,adaptive,0.9,0.4851258311386686,0.48512583113866864,5.551115123125783e-17,False
vit_gtsrb_badnet_a2a_0_1,mlp_neurons_channel_mask,channel_mask,matched_sigma0.6,0.3,0.2755049386310598,0.2755049386310598,0.0,False
vit_cifar100_adaptive_blend_0_1,after_mlp_residual_channel_mask,channel_mask,oracle,0.1,0.9264341237780284,0.9264341237780285,1.1102230246251565e-16,False
vit_cifar100_lf_0_05,before_attention_norm_channel_mask,channel_mask,matched_sigma0.2,0.1,0.6312718320723703,0.6312718320723703,0.0,False
vit_cifar100_badnet_a2a_0_05,before_mlp_norm_channel_mask,channel_mask,matched_sigma0.4,0.2,0.4105267109375,0.41052671093750004,5.551115123125783e-17,False
vit_cifar100_bpp_0_05,mlp_neurons_channel_mask,channel_mask,matched_sigma0.6,0.6,0.7959777707631903,0.7959777707631903,0.0,False
vit_cifar100_badnet_a2a_0_05,before_attention_residual_channel_mask,channel_mask,matched_sigma0.4,0.4,0.3869510546875,0.3869510546875,0.0,False
vit_tiny_badnet_a2a_0_1,before_mlp_residual_channel_mask,channel_mask,matched_sigma0.2,0.2,0.3840535,0.38405350000000005,5.551115123125783e-17,False
vit_cifar100_benign,post_residual_channel_mask,channel_mask,matched_sigma0.2,0.05,0.4910596119780245,0.4910596119780245,0.0,False
vit_tiny_badnet_a2o_0_01,before_mlp_norm_channel_mask,channel_mask,matched_sigma0.4,0.2,0.6691291155272291,0.6691291155272291,0.0,False
vit_tiny_wanet_0_1,pre_residual_channel_mask,channel_mask,oracle,0.3,0.7766165857463905,0.7766165857463905,0.0,False
vit_gtsrb_lf_0_05,before_attention_residual_channel_mask,channel_mask,matched_sigma0.2,0.4,0.8186152540468538,0.8186152540468538,0.0,False
vit_gtsrb_bpp_0_05,post_residual_channel_mask,channel_mask,oracle,0.1,0.9774324708712928,0.9774324708712928,0.0,False
vit_tiny_lf_0_01,before_mlp_channel_mask,channel_mask,adaptive,0.5,0.681348504249248,0.681348504249248,0.0,False
vit_cifar100_blend_0_1,before_attention_residual_channel_mask,channel_mask,adaptive,0.6,0.9345431262118952,0.9345431262118953,1.1102230246251565e-16,False
vit_tiny_blend_0_01,before_attention_channel_mask,channel_mask,matched_sigma0.2,0.1,0.717006073389597,0.717006073389597,0.0,False
vit_cifar100_lc_0_01,mlp_neurons_channel_mask,channel_mask,matched_sigma0.4,0.5,0.5013499720059428,0.5013499720059428,0.0,False
vit_tiny_blend_0_05,before_mlp_norm_channel_mask,channel_mask,matched_sigma0.2,0.1,0.694781061711216,0.694781061711216,0.0,False
vit_tiny_bpp_0_1,pre_residual_channel_mask,channel_mask,matched_sigma0.4,0.2,0.9533902950699986,0.9533902950699986,0.0,False
vit_cifar10_sig_0_05,mlp_neurons_channel_mask,channel_mask,adaptive,0.8,0.7807966531635803,0.7807966531635803,0.0,False
vit_gtsrb_benign,after_embedding_channel_mask,channel_mask,adaptive,0.8,0.4993489289389062,0.4993489289389062,0.0,False
vit_gtsrb_adaptive_blend_0_05,post_residual_channel_mask,channel_mask,matched_sigma0.8,0.4,0.9577769813102898,0.9577769813102898,0.0,False
vit_cifar10_adaptive_blend_0_01,before_attention_channel_mask,channel_mask,matched_sigma0.2,0.4,0.5497697145061728,0.5497697145061728,0.0,False
vit_cifar100_adaptive_blend_0_01,before_mlp_channel_mask,channel_mask,matched_sigma0.2,0.1,0.4924062159177841,0.4924062159177841,0.0,False
vit_tiny_benign,before_mlp_channel_mask,channel_mask,matched_sigma0.6,0.3,0.4967620760127277,0.4967620760127277,0.0,False
vit_cifar100_bpp_0_1,pre_residual_channel_mask,channel_mask,matched_sigma0.2,0.1,0.6971273587936258,0.6971273587936258,0.0,False
vit_gtsrb_lf_0_01,after_embedding_channel_mask,channel_mask,matched_sigma0.6,0.7,0.6947215636529989,0.6947215636529989,0.0,False
vit_tiny_badnet_a2a_0_05,after_mlp_residual_channel_mask,channel_mask,adaptive,0.1,0.5738999921875,0.5738999921875,0.0,False
vit_gtsrb_adaptive_blend_0_05,after_attention_residual_channel_mask,channel_mask,matched_sigma0.8,0.8,0.961120558438103,0.961120558438103,0.0,False
vit_gtsrb_blend_0_05,pre_residual_channel_mask,channel_mask,matched_sigma0.6,0.4,0.7720153194158146,0.7720153194158146,0.0,False
vit_gtsrb_benign,after_mlp_residual_channel_mask,channel_mask,matched_sigma0.2,0.1,0.4986431141435502,0.4986431141435502,0.0,False
vit_tiny_adaptive_blend_0_05,before_mlp_channel_mask,channel_mask,matched_sigma0.4,0.2,0.6325284197355144,0.6325284197355144,0.0,False
vit_gtsrb_badnet_a2o_0_05,before_attention_norm_channel_mask,channel_mask,matched_sigma0.4,0.4,0.9866134477672652,0.9866134477672653,1.1102230246251565e-16,False
vit_cifar100_badnet_a2o_0_05,before_attention_residual_channel_mask,channel_mask,adaptive,0.6,0.4964662600777608,0.49646626007776085,5.551115123125783e-17,False
vit_cifar100_lf_0_1,after_embedding_channel_mask,channel_mask,adaptive,0.6,0.668849410329029,0.668849410329029,0.0,False
vit_gtsrb_benign,pre_residual_channel_mask,channel_mask,adaptive,0.4,0.4962112250724533,0.49621122507245335,5.551115123125783e-17,False
vit_cifar100_badnet_a2a_0_05,after_attention_residual_channel_mask,channel_mask,matched_sigma0.2,0.05,0.268135,0.268135,0.0,False
vit_gtsrb_badnet_a2o_0_1,before_attention_channel_mask,channel_mask,matched_sigma0.6,0.6,0.9904046625020856,0.9904046625020855,1.1102230246251565e-16,False
vit_cifar100_blend_0_1,after_mlp_residual_channel_mask,channel_mask,adaptive,0.2,0.7743143211850166,0.7743143211850166,0.0,False
vit_gtsrb_badnet_a2o_0_05,before_mlp_channel_mask,channel_mask,matched_sigma0.2,0.2,0.6566985435977115,0.6566985435977115,0.0,False
vit_tiny_benign,before_mlp_channel_mask,channel_mask,oracle,0.9,0.5028831799913873,0.5028831799913873,0.0,False
vit_gtsrb_lf_0_05,before_attention_norm_channel_mask,channel_mask,matched_sigma0.4,0.3,0.8672381285144619,0.8672381285144619,0.0,False
vit_tiny_benign,before_mlp_residual_channel_mask,channel_mask,adaptive,0.5,0.5001328267352592,0.5001328267352592,0.0,False
vit_tiny_adaptive_blend_0_05,after_attention_residual_channel_mask,channel_mask,adaptive,0.1,0.9401500948422988,0.9401500948422987,1.1102230246251565e-16,False
vit_gtsrb_blend_0_1,after_mlp_residual_channel_mask,channel_mask,adaptive,0.1,0.99168813965178,0.99168813965178,0.0,False
vit_cifar100_blend_0_05,pre_residual_channel_mask,channel_mask,oracle,0.3,0.8778578300954273,0.8778578300954273,0.0,False
vit_cifar100_badnet_a2a_0_1,after_mlp_residual_channel_mask,channel_mask,matched_sigma0.2,0.05,0.2031140234374999,0.20311402343749999,8.326672684688674e-17,False
vit_tiny_lc_0_1,before_mlp_residual_channel_mask,channel_mask,matched_sigma0.4,0.3,0.3892955385545543,0.38929553855455434,5.551115123125783e-17,False
vit_tiny_bpp_0_05,after_attention_residual_channel_mask,channel_mask,matched_sigma0.2,0.05,0.935071942789596,0.935071942789596,0.0,False
vit_tiny_lf_0_05,before_mlp_channel_mask,channel_mask,matched_sigma0.8,0.4,0.7434229809606121,0.7434229809606121,0.0,False
vit_gtsrb_blend_0_05,after_mlp_residual_channel_mask,channel_mask,adaptive,0.2,0.791365734760383,0.791365734760383,0.0,False
vit_cifar10_adaptive_blend_0_01,before_mlp_residual_channel_mask,channel_mask,matched_sigma0.2,0.4,0.4740699749228395,0.47406997492283953,5.551115123125783e-17,False
vit_gtsrb_wanet_0_1,pre_residual_channel_mask,channel_mask,matched_sigma0.6,0.3,0.9110363824060618,0.9110363824060618,0.0,False
vit_tiny_badnet_a2o_0_1,mlp_neurons_channel_mask,channel_mask,matched_sigma0.2,0.2,0.7984609400599861,0.7984609400599861,0.0,False
vit_gtsrb_badnet_a2o_0_01,mlp_neurons_channel_mask,channel_mask,matched_sigma0.4,0.6,0.7012395445321309,0.7012395445321309,0.0,False
vit_tiny_badnet_a2o_0_01,before_mlp_channel_mask,channel_mask,matched_sigma0.6,0.3,0.6935623045871115,0.6935623045871115,0.0,False
vit_cifar100_adaptive_blend_0_1,pre_residual_channel_mask,channel_mask,matched_sigma0.4,0.2,0.762690270798108,0.762690270798108,0.0,False
vit_cifar100_wanet_0_1,before_attention_residual_channel_mask,channel_mask,matched_sigma0.6,0.4,0.5899849594295677,0.5899849594295677,0.0,False
vit_gtsrb_lf_0_01,mlp_neurons_channel_mask,channel_mask,matched_sigma0.4,0.6,0.706830385241815,0.706830385241815,0.0,False
vit_gtsrb_badnet_a2a_0_05,before_mlp_residual_channel_mask,channel_mask,oracle,0.9,0.7413725686279888,0.7413725686279888,0.0,False
vit_cifar100_badnet_a2o_0_1,before_attention_channel_mask,channel_mask,matched_sigma0.6,0.4,0.4339662291506129,0.4339662291506129,0.0,False
vit_cifar100_lf_0_01,after_mlp_residual_channel_mask,channel_mask,matched_sigma0.2,0.05,0.716876980584535,0.716876980584535,0.0,False
vit_tiny_badnet_a2o_0_1,before_attention_channel_mask,channel_mask,matched_sigma0.4,0.3,0.6713763563454309,0.6713763563454309,0.0,False
vit_tiny_badnet_a2a_0_1,mlp_neurons_channel_mask,channel_mask,matched_sigma0.2,0.2,0.4392274375,0.43922743750000004,5.551115123125783e-17,False
vit_cifar100_benign,before_attention_channel_mask,channel_mask,matched_sigma0.4,0.3,0.4936852510226909,0.4936852510226909,0.0,False
vit_cifar100_blend_0_05,after_embedding_channel_mask,channel_mask,matched_sigma0.4,0.3,0.6814422107284082,0.6814422107284082,0.0,False
vit_cifar100_adaptive_blend_0_01,mlp_neurons_channel_mask,channel_mask,oracle,0.8,0.78218107027087,0.78218107027087,0.0,False
vit_cifar100_lf_0_01,before_mlp_channel_mask,channel_mask,adaptive,0.5,0.7318652502165899,0.7318652502165899,0.0,False
vit_tiny_badnet_a2o_0_1,before_attention_norm_channel_mask,channel_mask,adaptive,0.5,0.8433341335457425,0.8433341335457425,0.0,False
vit_cifar100_lc_0_1,after_embedding_channel_mask,channel_mask,matched_sigma0.6,0.5,0.3749711499591562,0.37497114995915626,5.551115123125783e-17,False
vit_cifar100_badnet_a2o_0_01,before_attention_norm_channel_mask,channel_mask,oracle,0.4,0.8008925614821726,0.8008925614821726,0.0,False
vit_gtsrb_badnet_a2o_0_05,before_attention_residual_channel_mask,channel_mask,adaptive,0.8,0.6800720268642622,0.6800720268642622,0.0,False
vit_cifar100_wanet_0_05,before_mlp_channel_mask,channel_mask,adaptive,0.5,0.6206582813524462,0.6206582813524462,0.0,False
vit_gtsrb_lf_0_01,before_mlp_channel_mask,channel_mask,matched_sigma0.2,0.2,0.5447265603425467,0.5447265603425467,0.0,False
vit_gtsrb_badnet_a2o_0_01,before_mlp_channel_mask,channel_mask,matched_sigma0.6,0.5,0.6566683007119483,0.6566683007119483,0.0,False
vit_cifar100_adaptive_blend_0_1,before_attention_norm_channel_mask,channel_mask,matched_sigma0.6,0.4,0.8899064004830222,0.8899064004830222,0.0,False
vit_cifar100_lf_0_1,before_mlp_norm_channel_mask,channel_mask,matched_sigma0.4,0.2,0.6686227442636126,0.6686227442636126,0.0,False
vit_tiny_blend_0_01,before_attention_norm_channel_mask,channel_mask,adaptive,0.5,0.9224267318240686,0.9224267318240686,0.0,False
vit_cifar100_badnet_a2a_0_1,before_attention_channel_mask,channel_mask,adaptive,0.5,0.5251667343749999,0.5251667343749999,0.0,False
vit_tiny_badnet_a2o_0_1,before_attention_norm_channel_mask,channel_mask,matched_sigma0.2,0.1,0.6540146044053107,0.6540146044053107,0.0,False
vit_cifar100_adaptive_blend_0_05,after_embedding_channel_mask,channel_mask,matched_sigma0.2,0.1,0.6066019284972319,0.6066019284972319,0.0,False
vit_cifar100_lf_0_1,mlp_neurons_channel_mask,channel_mask,matched_sigma0.2,0.3,0.7524490270718296,0.7524490270718296,0.0,False
vit_tiny_blend_0_01,before_mlp_channel_mask,channel_mask,matched_sigma0.4,0.2,0.6786437657841267,0.6786437657841267,0.0,False
vit_gtsrb_badnet_a2a_0_05,before_mlp_channel_mask,channel_mask,matched_sigma0.8,0.5,0.4501775800929052,0.4501775800929052,0.0,False
vit_gtsrb_adaptive_blend_0_05,post_residual_channel_mask,channel_mask,adaptive,0.1,0.9854979240904282,0.9854979240904282,0.0,False
vit_tiny_lf_0_01,before_attention_residual_channel_mask,channel_mask,matched_sigma0.6,0.4,0.7726092959676288,0.7726092959676288,0.0,False
vit_gtsrb_badnet_a2a_0_05,before_attention_residual_channel_mask,channel_mask,matched_sigma0.6,0.5,0.2666794398784391,0.2666794398784391,0.0,False
vit_gtsrb_badnet_a2a_0_1,mlp_neurons_channel_mask,channel_mask,oracle,0.9,0.5548172383490166,0.5548172383490166,0.0,False
vit_cifar100_badnet_a2o_0_1,pre_residual_channel_mask,channel_mask,matched_sigma0.2,0.1,0.6504805679740803,0.6504805679740803,0.0,False
vit_gtsrb_blend_0_05,mlp_neurons_channel_mask,channel_mask,matched_sigma0.2,0.6,0.8532229863019388,0.8532229863019388,0.0,False
vit_tiny_lc_0_05,after_mlp_residual_channel_mask,channel_mask,oracle,0.2,0.6208527460617244,0.6208527460617244,0.0,False
vit_gtsrb_badnet_a2o_0_1,mlp_neurons_channel_mask,channel_mask,matched_sigma0.4,0.7,0.9390319777764122,0.9390319777764122,0.0,False
vit_cifar100_bpp_0_05,before_mlp_residual_channel_mask,channel_mask,matched_sigma0.4,0.3,0.8435593755349897,0.8435593755349897,0.0,False
vit_tiny_blend_0_1,after_embedding_channel_mask,channel_mask,adaptive,0.6,0.8568403897970566,0.8568403897970566,0.0,False
vit_gtsrb_badnet_a2a_0_05,before_attention_residual_channel_mask,channel_mask,matched_sigma0.2,0.3,0.2257574101590397,0.22575741015903977,8.326672684688674e-17,False
vit_gtsrb_wanet_0_05,after_attention_residual_channel_mask,channel_mask,adaptive,0.2,0.947143184084692,0.9471431840846921,1.1102230246251565e-16,False
vit_cifar100_lf_0_05,pre_residual_channel_mask,channel_mask,adaptive,0.4,0.8090312459969295,0.8090312459969295,0.0,False
vit_tiny_bpp_0_1,before_mlp_residual_channel_mask,channel_mask,matched_sigma0.2,0.2,0.9496249475950852,0.9496249475950853,1.1102230246251565e-16,False
vit_cifar100_badnet_a2o_0_05,before_mlp_norm_channel_mask,channel_mask,matched_sigma0.4,0.3,0.6031307611789668,0.6031307611789668,0.0,False
vit_tiny_lf_0_01,pre_residual_channel_mask,channel_mask,matched_sigma0.4,0.2,0.791861445139409,0.791861445139409,0.0,False
vit_cifar100_lc_0_1,after_attention_residual_channel_mask,channel_mask,oracle,0.5,0.671143207061446,0.671143207061446,0.0,False
vit_cifar100_lc_0_1,after_mlp_residual_channel_mask,channel_mask,matched_sigma0.2,0.05,0.2983861695390338,0.29838616953903385,5.551115123125783e-17,False
vit_tiny_badnet_a2a_0_1,after_mlp_residual_channel_mask,channel_mask,oracle,0.6,0.6334231406249999,0.6334231406249999,0.0,False
vit_gtsrb_bpp_0_01,before_attention_channel_mask,channel_mask,adaptive,0.6,0.9278129261954546,0.9278129261954546,0.0,False
vit_gtsrb_lf_0_01,before_attention_channel_mask,channel_mask,matched_sigma0.6,0.6,0.9376371676629482,0.9376371676629482,0.0,False
vit_cifar100_lf_0_05,before_attention_channel_mask,channel_mask,matched_sigma0.2,0.2,0.6234038299381977,0.6234038299381977,0.0,False
vit_cifar100_badnet_a2o_0_05,before_attention_channel_mask,channel_mask,matched_sigma0.6,0.4,0.4578217151677509,0.4578217151677509,0.0,False
vit_tiny_badnet_a2o_0_1,before_attention_residual_channel_mask,channel_mask,matched_sigma0.2,0.2,0.7140695195936089,0.7140695195936089,0.0,False
vit_cifar10_adaptive_blend_0_01,before_attention_residual_channel_mask,channel_mask,matched_sigma0.6,0.6,0.6945063946759259,0.6945063946759259,0.0,False
vit_tiny_lc_0_1,before_mlp_norm_channel_mask,channel_mask,matched_sigma0.6,0.3,0.4570644761084816,0.45706447610848167,5.551115123125783e-17,False
vit_gtsrb_bpp_0_1,post_residual_channel_mask,channel_mask,adaptive,0.1,0.9891195677512316,0.9891195677512316,0.0,False
vit_tiny_badnet_a2o_0_1,before_attention_norm_channel_mask,channel_mask,matched_sigma0.8,0.4,0.8409620696950121,0.8409620696950121,0.0,False
vit_gtsrb_badnet_a2a_0_1,after_mlp_residual_channel_mask,channel_mask,adaptive,0.1,0.4856495133937302,0.4856495133937302,0.0,False
vit_gtsrb_lf_0_01,before_attention_channel_mask,channel_mask,matched_sigma0.2,0.4,0.7212921283666793,0.7212921283666793,0.0,False
vit_cifar100_badnet_a2o_0_05,before_mlp_residual_channel_mask,channel_mask,oracle,0.1,0.8060118864003952,0.8060118864003952,0.0,False
vit_tiny_bpp_0_1,after_attention_residual_channel_mask,channel_mask,matched_sigma0.2,0.05,0.947095990648518,0.9470959906485179,1.1102230246251565e-16,False
vit_cifar100_lf_0_01,before_attention_residual_channel_mask,channel_mask,matched_sigma0.2,0.2,0.6079554361745472,0.6079554361745472,0.0,False
vit_cifar100_badnet_a2a_0_1,before_mlp_residual_channel_mask,channel_mask,oracle,0.9,0.6695713203125,0.6695713203125,0.0,False
vit_cifar10_adaptive_blend_0_05,mlp_neurons_channel_mask,channel_mask,matched_sigma0.4,0.7,0.6704476369598766,0.6704476369598766,0.0,False
vit_cifar100_badnet_a2o_0_05,before_attention_channel_mask,channel_mask,adaptive,0.5,0.2538301656617671,0.25383016566176714,5.551115123125783e-17,False
vit_cifar10_wanet_0_05,before_mlp_channel_mask,channel_mask,matched_sigma0.6,0.5,0.6387698302469136,0.6387698302469136,0.0,False
vit_cifar10_adaptive_blend_0_05,before_mlp_residual_channel_mask,channel_mask,adaptive,0.6,0.819660898919753,0.819660898919753,0.0,False
vit_cifar10_adaptive_blend_0_05,before_mlp_channel_mask,channel_mask,adaptive,0.7,0.8487106481481481,0.8487106481481481,0.0,False
vit_tiny_wanet_0_05,mlp_neurons_channel_mask,channel_mask,oracle,0.8,0.6812118887789682,0.6812118887789682,0.0,False
vit_cifar100_lf_0_1,post_residual_channel_mask,channel_mask,adaptive,0.1,0.6139229550869971,0.6139229550869971,0.0,False
vit_gtsrb_lf_0_01,mlp_neurons_channel_mask,channel_mask,matched_sigma0.2,0.5,0.6264539508630322,0.6264539508630322,0.0,False
vit_tiny_lc_0_1,before_mlp_residual_channel_mask,channel_mask,adaptive,0.5,0.5597047808200215,0.5597047808200215,0.0,False
vit_cifar100_lc_0_1,before_mlp_norm_channel_mask,channel_mask,matched_sigma0.6,0.4,0.4665175672186596,0.46651756721865967,5.551115123125783e-17,False
vit_gtsrb_blend_0_01,after_mlp_residual_channel_mask,channel_mask,matched_sigma0.2,0.05,0.969641947290082,0.9696419472900819,1.1102230246251565e-16,False
vit_cifar10_wanet_0_05,after_embedding_channel_mask,channel_mask,oracle,0.9,0.9354943383487656,0.9354943383487655,1.1102230246251565e-16,False
vit_cifar100_lc_0_01,before_mlp_channel_mask,channel_mask,matched_sigma0.2,0.1,0.5012516516094687,0.5012516516094687,0.0,False
vit_tiny_lf_0_01,after_embedding_channel_mask,channel_mask,oracle,0.7,0.6568858735609773,0.6568858735609773,0.0,False
vit_tiny_bpp_0_05,after_embedding_channel_mask,channel_mask,adaptive,0.5,0.9678340580157312,0.9678340580157311,1.1102230246251565e-16,False
vit_cifar100_badnet_a2a_0_1,before_mlp_channel_mask,channel_mask,adaptive,0.5,0.5198553984375001,0.5198553984375001,0.0,False
vit_gtsrb_bpp_0_01,post_residual_channel_mask,channel_mask,matched_sigma0.2,0.05,0.816118781579194,0.816118781579194,0.0,False
vit_tiny_bpp_0_01,after_attention_residual_channel_mask,channel_mask,adaptive,0.1,0.929826083959852,0.929826083959852,0.0,False
vit_cifar100_wanet_0_05,before_mlp_residual_channel_mask,channel_mask,oracle,0.6,0.7588419758417073,0.7588419758417073,0.0,False
vit_cifar100_bpp_0_1,before_attention_residual_channel_mask,channel_mask,adaptive,0.6,0.9195431800849916,0.9195431800849917,1.1102230246251565e-16,False
vit_cifar100_bpp_0_1,before_mlp_norm_channel_mask,channel_mask,matched_sigma0.8,0.4,0.9410673178261288,0.9410673178261287,1.1102230246251565e-16,False
vit_cifar100_badnet_a2o_0_01,pre_residual_channel_mask,channel_mask,oracle,0.3,0.7142250514687603,0.7142250514687603,0.0,False
vit_cifar100_bpp_0_01,after_attention_residual_channel_mask,channel_mask,adaptive,0.2,0.6124536721299307,0.6124536721299307,0.0,False
vit_gtsrb_badnet_a2o_0_01,before_attention_residual_channel_mask,channel_mask,matched_sigma0.2,0.4,0.6259743231822694,0.6259743231822694,0.0,False
vit_gtsrb_wanet_0_05,before_attention_norm_channel_mask,channel_mask,adaptive,0.5,0.8954647593343721,0.8954647593343721,0.0,False
vit_cifar100_lc_0_01,before_attention_residual_channel_mask,channel_mask,oracle,0.7,0.6588529739345996,0.6588529739345996,0.0,False
vit_gtsrb_bpp_0_05,before_mlp_channel_mask,channel_mask,matched_sigma0.6,0.5,0.7935500772319654,0.7935500772319654,0.0,False
vit_tiny_benign,pre_residual_channel_mask,channel_mask,matched_sigma0.2,0.1,0.4998989828525167,0.49989898285251677,5.551115123125783e-17,False
vit_tiny_wanet_0_1,after_mlp_residual_channel_mask,channel_mask,adaptive,0.1,0.9060546448304818,0.9060546448304818,0.0,False
vit_cifar100_blend_0_1,before_mlp_channel_mask,channel_mask,adaptive,0.5,0.932421491933601,0.932421491933601,0.0,False
vit_cifar100_lc_0_1,before_attention_channel_mask,channel_mask,matched_sigma0.8,0.5,0.6633169466005876,0.6633169466005876,0.0,False
vit_cifar100_badnet_a2a_0_1,after_attention_residual_channel_mask,channel_mask,adaptive,0.2,0.6584322031250001,0.6584322031250001,0.0,False
vit_gtsrb_badnet_a2o_0_1,before_attention_residual_channel_mask,channel_mask,adaptive,0.7,0.9940897590260444,0.9940897590260445,1.1102230246251565e-16,False
vit_tiny_lc_0_05,mlp_neurons_channel_mask,channel_mask,matched_sigma0.6,0.5,0.5351595872810966,0.5351595872810966,0.0,False
vit_gtsrb_adaptive_blend_0_1,before_mlp_residual_channel_mask,channel_mask,matched_sigma0.2,0.2,0.9874641987327948,0.9874641987327947,1.1102230246251565e-16,False
vit_cifar100_wanet_0_05,after_mlp_residual_channel_mask,channel_mask,oracle,0.1,0.7857250819968482,0.7857250819968482,0.0,False
vit_tiny_bpp_0_01,before_mlp_norm_channel_mask,channel_mask,matched_sigma0.6,0.3,0.7491697500260515,0.7491697500260515,0.0,False
vit_gtsrb_wanet_0_1,after_attention_residual_channel_mask,channel_mask,matched_sigma0.8,0.9,0.8912600866369308,0.8912600866369308,0.0,False
vit_tiny_lf_0_01,before_mlp_norm_channel_mask,channel_mask,matched_sigma0.4,0.2,0.6272402849375004,0.6272402849375004,0.0,False
vit_gtsrb_badnet_a2o_0_1,before_mlp_norm_channel_mask,channel_mask,matched_sigma0.2,0.3,0.797932766490139,0.797932766490139,0.0,False
vit_tiny_lf_0_1,before_mlp_channel_mask,channel_mask,matched_sigma0.8,0.4,0.6589775236610054,0.6589775236610054,0.0,False
vit_tiny_lc_0_1,before_mlp_residual_channel_mask,channel_mask,oracle,0.9,0.600447755861998,0.600447755861998,0.0,False
vit_gtsrb_benign,mlp_neurons_channel_mask,channel_mask,matched_sigma0.6,0.7,0.4987572175844434,0.49875721758444347,5.551115123125783e-17,False
vit_cifar10_adaptive_blend_0_05,before_mlp_norm_channel_mask,channel_mask,matched_sigma0.6,0.5,0.5703464216820987,0.5703464216820987,0.0,False
vit_gtsrb_lf_0_01,post_residual_channel_mask,channel_mask,matched_sigma0.2,0.05,0.9237710145605196,0.9237710145605196,0.0,False
vit_tiny_lf_0_1,after_attention_residual_channel_mask,channel_mask,matched_sigma0.2,0.05,0.8716349659260905,0.8716349659260905,0.0,False
vit_gtsrb_benign,after_embedding_channel_mask,channel_mask,matched_sigma0.2,0.3,0.5025175593733802,0.5025175593733802,0.0,False
vit_tiny_blend_0_01,pre_residual_channel_mask,channel_mask,adaptive,0.4,0.714672930898004,0.714672930898004,0.0,False
vit_cifar100_wanet_0_1,after_embedding_channel_mask,channel_mask,oracle,0.9,0.7077034537443597,0.7077034537443597,0.0,False
vit_cifar100_adaptive_blend_0_05,pre_residual_channel_mask,channel_mask,matched_sigma0.4,0.2,0.7624136663675047,0.7624136663675047,0.0,False
vit_gtsrb_wanet_0_1,before_mlp_norm_channel_mask,channel_mask,oracle,0.7,0.9764908482561062,0.9764908482561062,0.0,False
vit_gtsrb_adaptive_blend_0_05,pre_residual_channel_mask,channel_mask,matched_sigma0.4,0.3,0.9853134862786848,0.9853134862786848,0.0,False
vit_tiny_wanet_0_1,after_embedding_channel_mask,channel_mask,matched_sigma0.4,0.2,0.5710189539204732,0.5710189539204732,0.0,False
vit_cifar100_adaptive_blend_0_01,mlp_neurons_channel_mask,channel_mask,adaptive,0.7,0.7448611251336352,0.7448611251336352,0.0,False
vit_gtsrb_blend_0_01,mlp_neurons_channel_mask,channel_mask,matched_sigma0.6,0.6,0.9305958034385446,0.9305958034385446,0.0,False
vit_cifar10_adaptive_blend_0_01,before_mlp_norm_channel_mask,channel_mask,adaptive,0.6,0.8244915219907407,0.8244915219907407,0.0,False
vit_gtsrb_bpp_0_01,after_embedding_channel_mask,channel_mask,matched_sigma0.2,0.3,0.534619900011872,0.534619900011872,0.0,False
vit_tiny_blend_0_05,before_mlp_residual_channel_mask,channel_mask,oracle,0.4,0.940651999620937,0.940651999620937,0.0,False
vit_tiny_bpp_0_05,before_attention_channel_mask,channel_mask,matched_sigma0.2,0.1,0.7727373473181226,0.7727373473181226,0.0,False
vit_gtsrb_adaptive_blend_0_1,before_attention_norm_channel_mask,channel_mask,matched_sigma0.6,0.4,0.9993161658126628,0.9993161658126627,1.1102230246251565e-16,False
vit_cifar100_adaptive_blend_0_01,after_mlp_residual_channel_mask,channel_mask,matched_sigma0.4,0.1,0.7676297713107005,0.7676297713107005,0.0,False
vit_cifar100_blend_0_01,before_mlp_norm_channel_mask,channel_mask,adaptive,0.5,0.3883867002887997,0.38838670028879974,5.551115123125783e-17,False
vit_gtsrb_badnet_a2o_0_05,before_mlp_residual_channel_mask,channel_mask,adaptive,0.5,0.9696783611902128,0.9696783611902128,0.0,False
vit_cifar100_badnet_a2a_0_05,before_attention_norm_channel_mask,channel_mask,matched_sigma0.8,0.4,0.4494571640624999,0.44945716406249997,5.551115123125783e-17,False
vit_cifar100_badnet_a2o_0_01,after_mlp_residual_channel_mask,channel_mask,oracle,0.05,0.7081231531005563,0.7081231531005563,0.0,False
vit_cifar100_badnet_a2o_0_05,after_embedding_channel_mask,channel_mask,matched_sigma0.4,0.3,0.5786206571799469,0.5786206571799469,0.0,False
vit_gtsrb_lf_0_01,before_attention_norm_channel_mask,channel_mask,matched_sigma0.4,0.4,0.9119974966683672,0.9119974966683673,1.1102230246251565e-16,False
vit_tiny_lc_0_05,after_mlp_residual_channel_mask,channel_mask,matched_sigma0.2,0.05,0.5275544515813162,0.5275544515813162,0.0,False
vit_gtsrb_benign,after_embedding_channel_mask,channel_mask,oracle,0.05,0.5047866114172757,0.5047866114172757,0.0,False
vit_cifar100_bpp_0_1,after_embedding_channel_mask,channel_mask,matched_sigma0.4,0.3,0.7185927788501406,0.7185927788501406,0.0,False
vit_cifar100_bpp_0_05,pre_residual_channel_mask,channel_mask,matched_sigma0.4,0.2,0.789176950774755,0.789176950774755,0.0,False
vit_gtsrb_badnet_a2o_0_05,after_embedding_channel_mask,channel_mask,matched_sigma0.6,0.6,0.6476726419244828,0.6476726419244828,0.0,False
vit_gtsrb_lf_0_05,before_attention_channel_mask,channel_mask,matched_sigma0.6,0.5,0.9214825736452696,0.9214825736452696,0.0,False
vit_cifar100_wanet_0_1,before_attention_channel_mask,channel_mask,oracle,0.6,0.7642762468728663,0.7642762468728663,0.0,False
vit_tiny_lf_0_05,before_mlp_channel_mask,channel_mask,matched_sigma0.4,0.2,0.66921699050011,0.66921699050011,0.0,False
vit_cifar100_bpp_0_1,after_mlp_residual_channel_mask,channel_mask,matched_sigma0.2,0.05,0.7691068439184657,0.7691068439184657,0.0,False
vit_cifar100_bpp_0_05,before_mlp_norm_channel_mask,channel_mask,matched_sigma0.4,0.3,0.7444517534495743,0.7444517534495743,0.0,False
vit_cifar100_benign,before_mlp_residual_channel_mask,channel_mask,matched_sigma0.6,0.4,0.4875879099193939,0.4875879099193939,0.0,False
vit_tiny_badnet_a2a_0_05,before_attention_norm_channel_mask,channel_mask,matched_sigma0.6,0.3,0.4030240703125,0.4030240703125,0.0,False
vit_gtsrb_badnet_a2o_0_01,before_mlp_residual_channel_mask,channel_mask,matched_sigma0.6,0.4,0.8842282403420005,0.8842282403420005,0.0,False
vit_tiny_lc_0_1,mlp_neurons_channel_mask,channel_mask,matched_sigma0.8,0.6,0.459965478940861,0.459965478940861,0.0,False
vit_cifar100_adaptive_blend_0_1,before_attention_residual_channel_mask,channel_mask,matched_sigma0.6,0.5,0.8159810510361791,0.8159810510361791,0.0,False
vit_tiny_bpp_0_1,after_embedding_channel_mask,channel_mask,adaptive,0.5,0.9093141488209748,0.9093141488209747,1.1102230246251565e-16,False
vit_tiny_lc_0_05,before_attention_residual_channel_mask,channel_mask,adaptive,0.6,0.6724996689198116,0.6724996689198116,0.0,False
vit_gtsrb_benign,after_embedding_channel_mask,channel_mask,matched_sigma0.4,0.5,0.5023663762241443,0.5023663762241443,0.0,False
vit_cifar100_benign,pre_residual_channel_mask,channel_mask,matched_sigma0.6,0.3,0.4914098828798882,0.4914098828798882,0.0,False
vit_cifar100_lc_0_05,before_mlp_channel_mask,channel_mask,matched_sigma0.6,0.4,0.5562011246308196,0.5562011246308196,0.0,False
vit_gtsrb_lf_0_1,before_mlp_channel_mask,channel_mask,matched_sigma0.4,0.4,0.6993006529281744,0.6993006529281744,0.0,False
vit_tiny_adaptive_blend_0_05,after_embedding_channel_mask,channel_mask,matched_sigma0.6,0.4,0.7124618961788414,0.7124618961788414,0.0,False
vit_gtsrb_adaptive_blend_0_05,before_attention_norm_channel_mask,channel_mask,matched_sigma0.4,0.4,0.9881198187385848,0.9881198187385849,1.1102230246251565e-16,False
vit_cifar100_wanet_0_1,after_embedding_channel_mask,channel_mask,matched_sigma0.6,0.4,0.3931205811590218,0.3931205811590218,0.0,False
vit_gtsrb_lf_0_1,before_attention_channel_mask,channel_mask,matched_sigma0.8,0.6,0.9688902230076792,0.9688902230076791,1.1102230246251565e-16,False
vit_gtsrb_blend_0_01,before_attention_norm_channel_mask,channel_mask,matched_sigma0.6,0.4,0.9815894868936949,0.9815894868936949,0.0,False
vit_tiny_badnet_a2a_0_05,before_attention_channel_mask,channel_mask,oracle,0.9,0.6823356875,0.6823356875,0.0,False
vit_tiny_benign,after_embedding_channel_mask,channel_mask,oracle,0.8,0.5033313399851207,0.5033313399851207,0.0,False
vit_cifar100_bpp_0_05,before_mlp_norm_channel_mask,channel_mask,adaptive,0.5,0.9254030964659647,0.9254030964659647,0.0,False
vit_gtsrb_adaptive_blend_0_1,before_attention_residual_channel_mask,channel_mask,matched_sigma0.2,0.3,0.9862913172424737,0.9862913172424737,0.0,False
vit_gtsrb_bpp_0_05,before_mlp_residual_channel_mask,channel_mask,matched_sigma0.2,0.4,0.7913251025854056,0.7913251025854056,0.0,False
vit_gtsrb_bpp_0_01,pre_residual_channel_mask,channel_mask,matched_sigma0.2,0.2,0.5630785448853578,0.5630785448853578,0.0,False
vit_tiny_blend_0_1,before_attention_norm_channel_mask,channel_mask,matched_sigma0.6,0.4,0.9514826906667876,0.9514826906667875,1.1102230246251565e-16,False
vit_cifar10_sig_0_05,before_mlp_residual_channel_mask,channel_mask,matched_sigma0.4,0.5,0.6911166377314815,0.6911166377314815,0.0,False
vit_cifar100_badnet_a2o_0_05,before_attention_channel_mask,channel_mask,matched_sigma0.2,0.2,0.6017443071101712,0.6017443071101712,0.0,False
vit_cifar100_lf_0_01,before_mlp_residual_channel_mask,channel_mask,matched_sigma0.4,0.3,0.7013936850355303,0.7013936850355303,0.0,False
vit_tiny_wanet_0_1,after_embedding_channel_mask,channel_mask,matched_sigma0.2,0.1,0.5782915334038322,0.5782915334038322,0.0,False
vit_tiny_lc_0_05,before_mlp_residual_channel_mask,channel_mask,matched_sigma0.6,0.4,0.4901172267766764,0.4901172267766764,0.0,False
vit_cifar100_lc_0_01,before_mlp_norm_channel_mask,channel_mask,oracle,0.9,0.6227186439622825,0.6227186439622825,0.0,False
vit_tiny_badnet_a2a_0_05,before_attention_norm_channel_mask,channel_mask,matched_sigma0.4,0.2,0.4112862109375,0.4112862109375,0.0,False
vit_cifar10_adaptive_blend_0_01,before_attention_norm_channel_mask,channel_mask,matched_sigma0.2,0.3,0.5188554880401235,0.5188554880401235,0.0,False
vit_tiny_badnet_a2o_0_05,pre_residual_channel_mask,channel_mask,matched_sigma0.6,0.3,0.7088094135415481,0.7088094135415481,0.0,False
vit_cifar100_adaptive_blend_0_05,before_attention_residual_channel_mask,channel_mask,matched_sigma0.2,0.2,0.6885868448283223,0.6885868448283223,0.0,False
vit_tiny_lc_0_05,before_attention_residual_channel_mask,channel_mask,matched_sigma0.4,0.3,0.5965623923121136,0.5965623923121136,0.0,False
vit_gtsrb_bpp_0_1,before_mlp_channel_mask,channel_mask,oracle,0.5,0.9944074612559498,0.9944074612559498,0.0,False
vit_tiny_lc_0_1,before_mlp_channel_mask,channel_mask,matched_sigma0.8,0.4,0.5880391040393109,0.5880391040393109,0.0,False
vit_cifar100_badnet_a2o_0_1,pre_residual_channel_mask,channel_mask,oracle,0.05,0.7178521395001933,0.7178521395001933,0.0,False
vit_cifar100_badnet_a2o_0_1,before_mlp_norm_channel_mask,channel_mask,oracle,0.05,0.7091763601659931,0.7091763601659931,0.0,False
vit_tiny_blend_0_1,before_mlp_channel_mask,channel_mask,matched_sigma0.6,0.3,0.6988688147499749,0.6988688147499749,0.0,False
vit_cifar100_badnet_a2a_0_1,after_attention_residual_channel_mask,channel_mask,matched_sigma0.6,0.1,0.3916645625,0.39166456250000004,5.551115123125783e-17,False
vit_gtsrb_badnet_a2o_0_1,after_embedding_channel_mask,channel_mask,matched_sigma0.6,0.6,0.7121332080434207,0.7121332080434207,0.0,False
vit_gtsrb_badnet_a2a_0_05,pre_residual_channel_mask,channel_mask,matched_sigma0.2,0.2,0.2613494396748937,0.26134943967489377,5.551115123125783e-17,False
vit_cifar100_bpp_0_01,after_embedding_channel_mask,channel_mask,adaptive,0.6,0.7740472143818022,0.7740472143818022,0.0,False
vit_tiny_blend_0_05,before_attention_channel_mask,channel_mask,adaptive,0.5,0.7897207467072617,0.7897207467072617,0.0,False
vit_cifar100_badnet_a2o_0_05,post_residual_channel_mask,channel_mask,matched_sigma0.2,0.05,0.5439267820721508,0.5439267820721508,0.0,False
vit_tiny_lf_0_1,after_embedding_channel_mask,channel_mask,matched_sigma0.2,0.1,0.6060219559404532,0.6060219559404532,0.0,False
vit_gtsrb_adaptive_blend_0_05,after_embedding_channel_mask,channel_mask,matched_sigma0.6,0.6,0.8900555055261009,0.8900555055261009,0.0,False
vit_cifar100_badnet_a2o_0_1,before_attention_channel_mask,channel_mask,matched_sigma0.2,0.2,0.5873305960479493,0.5873305960479493,0.0,False
vit_tiny_lf_0_1,before_mlp_channel_mask,channel_mask,matched_sigma0.6,0.3,0.6391893395226109,0.6391893395226109,0.0,False
vit_tiny_badnet_a2a_0_1,before_attention_residual_channel_mask,channel_mask,matched_sigma0.8,0.5,0.519280609375,0.519280609375,0.0,False
vit_gtsrb_benign,before_mlp_channel_mask,channel_mask,matched_sigma0.4,0.4,0.4996118740290148,0.49961187402901486,5.551115123125783e-17,False
vit_gtsrb_lf_0_1,after_attention_residual_channel_mask,channel_mask,matched_sigma0.2,0.1,0.952196614791538,0.9521966147915379,1.1102230246251565e-16,False
vit_gtsrb_badnet_a2o_0_01,before_mlp_norm_channel_mask,channel_mask,matched_sigma0.2,0.2,0.5163926941839035,0.5163926941839035,0.0,False
vit_cifar100_badnet_a2a_0_1,before_mlp_norm_channel_mask,channel_mask,matched_sigma0.2,0.1,0.4250709453125,0.4250709453125,0.0,False
vit_cifar100_badnet_a2o_0_05,before_mlp_channel_mask,channel_mask,matched_sigma0.6,0.4,0.6935309824178165,0.6935309824178165,0.0,False
vit_tiny_badnet_a2o_0_1,before_attention_norm_channel_mask,channel_mask,matched_sigma0.4,0.2,0.6840953055662943,0.6840953055662943,0.0,False
vit_cifar100_blend_0_01,before_attention_norm_channel_mask,channel_mask,matched_sigma0.6,0.4,0.7096395650405903,0.7096395650405903,0.0,False
vit_tiny_badnet_a2o_0_01,before_mlp_channel_mask,channel_mask,matched_sigma0.8,0.4,0.751847872627654,0.751847872627654,0.0,False
vit_tiny_lf_0_1,mlp_neurons_channel_mask,channel_mask,matched_sigma0.4,0.4,0.7273758963929996,0.7273758963929996,0.0,False
vit_cifar100_badnet_a2o_0_01,before_mlp_residual_channel_mask,channel_mask,matched_sigma0.2,0.2,0.6993230346595559,0.6993230346595559,0.0,False
vit_tiny_badnet_a2a_0_1,after_attention_residual_channel_mask,channel_mask,oracle,0.8,0.63323465625,0.63323465625,0.0,False
vit_tiny_wanet_0_05,before_mlp_norm_channel_mask,channel_mask,matched_sigma0.4,0.2,0.62037062953037,0.62037062953037,0.0,False
vit_cifar100_badnet_a2a_0_1,before_mlp_channel_mask,channel_mask,matched_sigma0.6,0.4,0.475418875,0.475418875,0.0,False
vit_cifar10_adaptive_blend_0_05,after_mlp_residual_channel_mask,channel_mask,adaptive,0.2,0.8694887635030863,0.8694887635030863,0.0,False
vit_cifar100_lc_0_01,mlp_neurons_channel_mask,channel_mask,oracle,0.8,0.6315815265560445,0.6315815265560445,0.0,False
vit_cifar100_blend_0_05,before_mlp_norm_channel_mask,channel_mask,matched_sigma0.2,0.1,0.657471835344662,0.657471835344662,0.0,False
vit_cifar100_adaptive_blend_0_1,before_attention_channel_mask,channel_mask,matched_sigma0.4,0.3,0.7221454022903648,0.7221454022903648,0.0,False
vit_tiny_bpp_0_01,before_mlp_channel_mask,channel_mask,matched_sigma0.4,0.2,0.6518319378396138,0.6518319378396138,0.0,False
vit_cifar10_wanet_0_05,before_mlp_channel_mask,channel_mask,oracle,0.8,0.9317878665123456,0.9317878665123456,0.0,False
vit_gtsrb_badnet_a2o_0_1,after_embedding_channel_mask,channel_mask,oracle,0.4,0.773587377506035,0.773587377506035,0.0,False
vit_cifar100_bpp_0_05,after_attention_residual_channel_mask,channel_mask,oracle,0.1,0.9717084755150768,0.9717084755150769,1.1102230246251565e-16,False
vit_tiny_lc_0_05,mlp_neurons_channel_mask,channel_mask,matched_sigma0.2,0.2,0.4885195961505252,0.48851959615052526,5.551115123125783e-17,False
vit_gtsrb_lf_0_1,after_embedding_channel_mask,channel_mask,matched_sigma0.6,0.6,0.7588493329102189,0.7588493329102189,0.0,False
vit_tiny_bpp_0_1,before_attention_norm_channel_mask,channel_mask,adaptive,0.5,0.9887472596592656,0.9887472596592655,1.1102230246251565e-16,False
vit_tiny_badnet_a2o_0_1,before_mlp_channel_mask,channel_mask,matched_sigma0.4,0.2,0.6640083717783379,0.6640083717783379,0.0,False
vit_cifar100_wanet_0_1,before_mlp_residual_channel_mask,channel_mask,matched_sigma0.4,0.3,0.4734987224094922,0.4734987224094922,0.0,False
vit_cifar100_wanet_0_1,before_mlp_residual_channel_mask,channel_mask,adaptive,0.5,0.7802417664948448,0.7802417664948448,0.0,False
vit_tiny_lf_0_01,after_embedding_channel_mask,channel_mask,matched_sigma0.4,0.2,0.5595850331137808,0.5595850331137808,0.0,False
vit_gtsrb_bpp_0_05,before_attention_norm_channel_mask,channel_mask,matched_sigma0.2,0.3,0.7815195260904053,0.7815195260904053,0.0,False
vit_gtsrb_wanet_0_1,before_mlp_channel_mask,channel_mask,matched_sigma0.2,0.2,0.4738349482355117,0.4738349482355117,0.0,False
vit_gtsrb_lf_0_01,after_attention_residual_channel_mask,channel_mask,matched_sigma0.2,0.1,0.9092927066635624,0.9092927066635623,1.1102230246251565e-16,False
vit_tiny_wanet_0_05,before_attention_residual_channel_mask,channel_mask,matched_sigma0.4,0.3,0.7345195483808912,0.7345195483808912,0.0,False
vit_cifar10_sig_0_05,before_mlp_channel_mask,channel_mask,matched_sigma0.6,0.5,0.5958928530092592,0.5958928530092592,0.0,False
vit_gtsrb_wanet_0_05,before_mlp_residual_channel_mask,channel_mask,matched_sigma0.4,0.4,0.8570625279885217,0.8570625279885217,0.0,False
vit_cifar100_lc_0_01,before_attention_norm_channel_mask,channel_mask,matched_sigma0.8,0.4,0.4960784695571113,0.4960784695571113,0.0,False
vit_gtsrb_badnet_a2o_0_05,before_attention_residual_channel_mask,channel_mask,oracle,0.4,0.9299508810492608,0.9299508810492609,1.1102230246251565e-16,False
vit_gtsrb_bpp_0_1,mlp_neurons_channel_mask,channel_mask,matched_sigma0.2,0.4,0.8140674532891301,0.8140674532891301,0.0,False
vit_cifar10_adaptive_blend_0_01,mlp_neurons_channel_mask,channel_mask,matched_sigma0.4,0.6,0.5337496624228395,0.5337496624228395,0.0,False
vit_cifar100_badnet_a2o_0_05,after_embedding_channel_mask,channel_mask,matched_sigma0.6,0.4,0.5739093391606731,0.5739093391606731,0.0,False
vit_cifar100_blend_0_1,after_mlp_residual_channel_mask,channel_mask,oracle,0.1,0.9937136082244664,0.9937136082244665,1.1102230246251565e-16,False
vit_gtsrb_badnet_a2o_0_05,before_attention_residual_channel_mask,channel_mask,matched_sigma0.8,0.7,0.8726726428181852,0.8726726428181852,0.0,False
vit_tiny_bpp_0_05,before_mlp_residual_channel_mask,channel_mask,matched_sigma0.2,0.2,0.9115891736959936,0.9115891736959937,1.1102230246251565e-16,False
vit_gtsrb_blend_0_05,before_attention_norm_channel_mask,channel_mask,matched_sigma0.4,0.4,0.9587074460522862,0.9587074460522862,0.0,False
vit_tiny_badnet_a2a_0_1,mlp_neurons_channel_mask,channel_mask,oracle,0.9,0.6265522890625,0.6265522890625,0.0,False
vit_gtsrb_benign,after_mlp_residual_channel_mask,channel_mask,adaptive,0.2,0.5008208253440816,0.5008208253440816,0.0,False
vit_cifar100_wanet_0_05,after_attention_residual_channel_mask,channel_mask,matched_sigma0.2,0.05,0.5902389850468237,0.5902389850468237,0.0,False
vit_tiny_lf_0_01,mlp_neurons_channel_mask,channel_mask,matched_sigma0.2,0.2,0.6704987195575339,0.6704987195575339,0.0,False
vit_gtsrb_bpp_0_01,before_attention_channel_mask,channel_mask,matched_sigma0.4,0.5,0.8282756486035491,0.8282756486035491,0.0,False
vit_tiny_adaptive_blend_0_05,before_mlp_norm_channel_mask,channel_mask,matched_sigma0.4,0.2,0.6736045508769573,0.6736045508769573,0.0,False
vit_gtsrb_badnet_a2a_0_1,before_mlp_channel_mask,channel_mask,matched_sigma0.6,0.3,0.2968971007169223,0.2968971007169223,0.0,False
vit_cifar100_blend_0_1,pre_residual_channel_mask,channel_mask,adaptive,0.4,0.9396180676797736,0.9396180676797735,1.1102230246251565e-16,False
vit_tiny_lc_0_1,before_attention_channel_mask,channel_mask,matched_sigma0.2,0.1,0.5093407078534684,0.5093407078534684,0.0,False
vit_cifar100_bpp_0_01,before_attention_residual_channel_mask,channel_mask,matched_sigma0.6,0.4,0.6238907389752698,0.6238907389752698,0.0,False
vit_gtsrb_adaptive_blend_0_1,after_mlp_residual_channel_mask,channel_mask,matched_sigma0.2,0.05,0.9978623311309291,0.9978623311309293,1.1102230246251565e-16,False
vit_tiny_lf_0_05,before_attention_residual_channel_mask,channel_mask,matched_sigma0.4,0.3,0.7951033472984528,0.7951033472984528,0.0,False
vit_cifar100_badnet_a2o_0_01,before_mlp_channel_mask,channel_mask,adaptive,0.5,0.7651196282038031,0.7651196282038031,0.0,False
vit_cifar100_benign,pre_residual_channel_mask,channel_mask,oracle,0.7,0.5094489181284566,0.5094489181284566,0.0,False
vit_gtsrb_blend_0_1,before_attention_channel_mask,channel_mask,matched_sigma0.4,0.3,0.8432640192130265,0.8432640192130265,0.0,False
vit_cifar100_badnet_a2a_0_1,before_mlp_residual_channel_mask,channel_mask,adaptive,0.5,0.5342794531249999,0.5342794531249999,0.0,False
vit_cifar100_adaptive_blend_0_01,before_attention_norm_channel_mask,channel_mask,oracle,0.6,0.853860645862606,0.853860645862606,0.0,False
vit_cifar100_lc_0_05,after_attention_residual_channel_mask,channel_mask,matched_sigma0.6,0.1,0.6623025122022563,0.6623025122022563,0.0,False
vit_cifar100_lc_0_05,after_mlp_residual_channel_mask,channel_mask,adaptive,0.2,0.7742858283028496,0.7742858283028496,0.0,False
vit_tiny_badnet_a2a_0_1,before_attention_channel_mask,channel_mask,matched_sigma0.4,0.3,0.47008459375,0.47008459375,0.0,False
vit_tiny_badnet_a2o_0_01,before_mlp_residual_channel_mask,channel_mask,oracle,0.4,0.8283954197287735,0.8283954197287735,0.0,False
vit_cifar100_wanet_0_05,before_attention_norm_channel_mask,channel_mask,matched_sigma0.4,0.2,0.4007196168704999,0.4007196168704999,0.0,False
vit_cifar10_adaptive_blend_0_01,before_mlp_residual_channel_mask,channel_mask,adaptive,0.6,0.8630653356481481,0.8630653356481481,0.0,False
vit_tiny_adaptive_blend_0_05,before_mlp_channel_mask,channel_mask,matched_sigma0.8,0.4,0.7645983630675627,0.7645983630675627,0.0,False
vit_cifar100_badnet_a2o_0_05,before_attention_norm_channel_mask,channel_mask,matched_sigma0.2,0.1,0.5790818507922737,0.5790818507922737,0.0,False
vit_gtsrb_bpp_0_01,pre_residual_channel_mask,channel_mask,matched_sigma0.4,0.3,0.8519131851510577,0.8519131851510577,0.0,False
vit_tiny_wanet_0_1,before_attention_norm_channel_mask,channel_mask,matched_sigma0.2,0.1,0.6333009822721773,0.6333009822721773,0.0,False
vit_gtsrb_wanet_0_05,after_mlp_residual_channel_mask,channel_mask,matched_sigma0.2,0.1,0.8593747145738285,0.8593747145738285,0.0,False
vit_gtsrb_lf_0_05,before_attention_norm_channel_mask,channel_mask,adaptive,0.5,0.9759866035455458,0.9759866035455458,0.0,False
vit_tiny_badnet_a2o_0_1,after_embedding_channel_mask,channel_mask,matched_sigma0.2,0.1,0.6386144305560468,0.6386144305560468,0.0,False
vit_tiny_lc_0_05,after_embedding_channel_mask,channel_mask,oracle,0.8,0.6230600867642421,0.6230600867642421,0.0,False
vit_cifar100_badnet_a2o_0_1,before_mlp_norm_channel_mask,channel_mask,matched_sigma0.2,0.1,0.6607178290818149,0.6607178290818149,0.0,False
vit_cifar100_lc_0_05,before_mlp_norm_channel_mask,channel_mask,matched_sigma0.4,0.3,0.4952886420747288,0.49528864207472884,5.551115123125783e-17,False
vit_tiny_badnet_a2a_0_1,before_mlp_channel_mask,channel_mask,matched_sigma0.4,0.2,0.48310971875,0.48310971875,0.0,False
vit_tiny_lc_0_05,before_attention_residual_channel_mask,channel_mask,oracle,0.5,0.6762340355927344,0.6762340355927344,0.0,False
vit_cifar100_badnet_a2a_0_1,before_attention_residual_channel_mask,channel_mask,matched_sigma0.4,0.4,0.3586696406249999,0.35866964062499995,5.551115123125783e-17,False
vit_cifar100_badnet_a2a_0_05,pre_residual_channel_mask,channel_mask,adaptive,0.4,0.653018703125,0.653018703125,0.0,False
vit_gtsrb_blend_0_05,before_mlp_residual_channel_mask,channel_mask,matched_sigma0.2,0.3,0.8908864028950807,0.8908864028950807,0.0,False
vit_cifar100_badnet_a2o_0_1,after_mlp_residual_channel_mask,channel_mask,matched_sigma0.6,0.1,0.6426508995410412,0.6426508995410412,0.0,False
vit_tiny_lf_0_01,before_mlp_norm_channel_mask,channel_mask,adaptive,0.4,0.7386628774264815,0.7386628774264815,0.0,False
vit_tiny_bpp_0_01,after_embedding_channel_mask,channel_mask,matched_sigma0.4,0.2,0.6513243499584448,0.6513243499584448,0.0,False
vit_cifar100_lc_0_1,before_mlp_residual_channel_mask,channel_mask,matched_sigma0.4,0.4,0.3771298968150624,0.3771298968150624,0.0,False
vit_tiny_blend_0_1,after_embedding_channel_mask,channel_mask,matched_sigma0.4,0.2,0.6897007232426786,0.6897007232426786,0.0,False
vit_gtsrb_wanet_0_05,mlp_neurons_channel_mask,channel_mask,adaptive,0.7,0.9047634323544754,0.9047634323544754,0.0,False
vit_cifar100_lf_0_01,before_mlp_residual_channel_mask,channel_mask,adaptive,0.5,0.7773333934583695,0.7773333934583695,0.0,False
vit_cifar10_adaptive_blend_0_01,before_mlp_channel_mask,channel_mask,matched_sigma0.8,0.6,0.7813392843364197,0.7813392843364197,0.0,False
vit_cifar100_blend_0_01,post_residual_channel_mask,channel_mask,oracle,0.05,0.5457676058277122,0.5457676058277122,0.0,False
vit_gtsrb_badnet_a2a_0_1,after_embedding_channel_mask,channel_mask,oracle,0.9,0.5709197022219193,0.5709197022219193,0.0,False
vit_gtsrb_benign,post_residual_channel_mask,channel_mask,adaptive,0.1,0.4961199467882502,0.4961199467882502,0.0,False
vit_cifar10_adaptive_blend_0_05,before_mlp_residual_channel_mask,channel_mask,matched_sigma0.2,0.4,0.5110873456790123,0.5110873456790123,0.0,False
vit_cifar100_lf_0_1,pre_residual_channel_mask,channel_mask,matched_sigma0.2,0.1,0.78083121000172,0.78083121000172,0.0,False
vit_gtsrb_badnet_a2a_0_1,before_mlp_channel_mask,channel_mask,oracle,0.7,0.571274605763521,0.571274605763521,0.0,False
vit_tiny_blend_0_1,before_mlp_channel_mask,channel_mask,adaptive,0.5,0.8019878340245485,0.8019878340245485,0.0,False
vit_tiny_badnet_a2a_0_1,before_mlp_norm_channel_mask,channel_mask,adaptive,0.5,0.5725668359375,0.5725668359375,0.0,False
vit_gtsrb_wanet_0_1,after_mlp_residual_channel_mask,channel_mask,matched_sigma0.4,0.1,0.9284971536118032,0.9284971536118031,1.1102230246251565e-16,False
vit_tiny_adaptive_blend_0_1,pre_residual_channel_mask,channel_mask,adaptive,0.4,0.8040087531776634,0.8040087531776634,0.0,False
vit_cifar100_lf_0_05,mlp_neurons_channel_mask,channel_mask,adaptive,0.7,0.6665661168551361,0.6665661168551361,0.0,False
vit_gtsrb_adaptive_blend_0_1,before_mlp_channel_mask,channel_mask,matched_sigma0.8,0.5,0.9276362278456116,0.9276362278456116,0.0,False
vit_tiny_lc_0_05,before_attention_channel_mask,channel_mask,matched_sigma0.6,0.4,0.5954969210923788,0.5954969210923788,0.0,False
vit_cifar100_badnet_a2o_0_01,before_attention_norm_channel_mask,channel_mask,matched_sigma0.2,0.1,0.5333536321840273,0.5333536321840273,0.0,False
vit_cifar100_badnet_a2o_0_05,before_attention_norm_channel_mask,channel_mask,oracle,0.4,0.7490887106332323,0.7490887106332323,0.0,False
vit_tiny_lf_0_1,after_embedding_channel_mask,channel_mask,matched_sigma0.4,0.2,0.5975897393857049,0.5975897393857049,0.0,False
vit_gtsrb_bpp_0_01,before_attention_norm_channel_mask,channel_mask,matched_sigma0.2,0.3,0.7424453289237347,0.7424453289237347,0.0,False
vit_tiny_bpp_0_05,after_embedding_channel_mask,channel_mask,matched_sigma0.4,0.2,0.7670638823821311,0.7670638823821311,0.0,False
vit_tiny_blend_0_1,pre_residual_channel_mask,channel_mask,oracle,0.3,0.9464241768906076,0.9464241768906076,0.0,False
vit_tiny_lf_0_05,after_embedding_channel_mask,channel_mask,matched_sigma0.2,0.1,0.639930629208959,0.639930629208959,0.0,False
vit_cifar100_badnet_a2o_0_01,before_attention_residual_channel_mask,channel_mask,matched_sigma0.2,0.2,0.5227624527662639,0.5227624527662639,0.0,False
vit_cifar100_wanet_0_05,mlp_neurons_channel_mask,channel_mask,matched_sigma0.8,0.6,0.5671996325455757,0.5671996325455757,0.0,False
vit_cifar100_lc_0_05,before_attention_residual_channel_mask,channel_mask,oracle,0.7,0.777844716984671,0.777844716984671,0.0,False
vit_tiny_benign,before_attention_norm_channel_mask,channel_mask,matched_sigma0.4,0.2,0.499396778132356,0.499396778132356,0.0,False
vit_cifar100_bpp_0_1,before_attention_residual_channel_mask,channel_mask,matched_sigma0.6,0.5,0.906119927897844,0.9061199278978439,1.1102230246251565e-16,False
vit_cifar100_blend_0_05,after_attention_residual_channel_mask,channel_mask,matched_sigma0.2,0.05,0.8074241835931281,0.8074241835931281,0.0,False
vit_cifar100_lf_0_05,after_mlp_residual_channel_mask,channel_mask,oracle,0.1,0.9168833575629248,0.9168833575629247,1.1102230246251565e-16,False
vit_cifar100_wanet_0_05,before_mlp_norm_channel_mask,channel_mask,adaptive,0.5,0.7706986382876495,0.7706986382876495,0.0,False
vit_gtsrb_blend_0_05,before_attention_norm_channel_mask,channel_mask,oracle,0.5,0.97390878591937,0.97390878591937,0.0,False
vit_gtsrb_wanet_0_1,mlp_neurons_channel_mask,channel_mask,adaptive,0.7,0.925027890661315,0.925027890661315,0.0,False
vit_tiny_lf_0_01,before_attention_norm_channel_mask,channel_mask,matched_sigma0.6,0.3,0.768377026367433,0.768377026367433,0.0,False
vit_cifar100_blend_0_1,pre_residual_channel_mask,channel_mask,matched_sigma0.2,0.1,0.8089516894004483,0.8089516894004483,0.0,False
vit_tiny_badnet_a2a_0_1,before_attention_channel_mask,channel_mask,oracle,0.9,0.6278603203124999,0.6278603203124999,0.0,False
vit_tiny_badnet_a2a_0_05,mlp_neurons_channel_mask,channel_mask,matched_sigma0.4,0.4,0.4450856640625,0.44508566406250005,5.551115123125783e-17,False
vit_cifar100_lc_0_01,before_attention_norm_channel_mask,channel_mask,matched_sigma0.6,0.3,0.441590269960082,0.441590269960082,0.0,False
vit_cifar100_lf_0_1,before_mlp_channel_mask,channel_mask,matched_sigma0.6,0.4,0.7040909553455879,0.7040909553455879,0.0,False
vit_cifar100_lc_0_05,after_embedding_channel_mask,channel_mask,adaptive,0.6,0.5984642975008072,0.5984642975008072,0.0,False
vit_tiny_wanet_0_1,before_attention_residual_channel_mask,channel_mask,oracle,0.4,0.7740474208494181,0.7740474208494181,0.0,False
vit_tiny_benign,before_mlp_channel_mask,channel_mask,matched_sigma0.8,0.4,0.4958599703111567,0.4958599703111567,0.0,False
vit_tiny_badnet_a2o_0_1,before_mlp_channel_mask,channel_mask,adaptive,0.5,0.7829312782982001,0.7829312782982001,0.0,False
vit_gtsrb_badnet_a2a_0_05,before_mlp_channel_mask,channel_mask,matched_sigma0.2,0.2,0.4152101871821262,0.41521018718212627,5.551115123125783e-17,False
vit_tiny_lf_0_01,before_attention_norm_channel_mask,channel_mask,adaptive,0.5,0.8667560776558706,0.8667560776558706,0.0,False
vit_cifar10_adaptive_blend_0_01,before_mlp_norm_channel_mask,channel_mask,oracle,0.7,0.8407282214506173,0.8407282214506173,0.0,False
vit_cifar100_bpp_0_01,before_mlp_norm_channel_mask,channel_mask,matched_sigma0.8,0.4,0.7713288737051003,0.7713288737051003,0.0,False
vit_cifar100_bpp_0_1,pre_residual_channel_mask,channel_mask,adaptive,0.4,0.9234770813870846,0.9234770813870846,0.0,False
vit_tiny_badnet_a2o_0_05,mlp_neurons_channel_mask,channel_mask,adaptive,0.7,0.720707028155558,0.720707028155558,0.0,False
vit_gtsrb_badnet_a2o_0_05,mlp_neurons_channel_mask,channel_mask,adaptive,0.8,0.7876732920035343,0.7876732920035343,0.0,False
vit_cifar100_blend_0_01,pre_residual_channel_mask,channel_mask,matched_sigma0.2,0.1,0.4699379262209938,0.46993792622099384,5.551115123125783e-17,False
vit_cifar10_adaptive_blend_0_05,after_mlp_residual_channel_mask,channel_mask,matched_sigma0.2,0.1,0.6419066840277777,0.6419066840277777,0.0,False
vit_cifar10_adaptive_blend_0_01,after_attention_residual_channel_mask,channel_mask,matched_sigma0.2,0.1,0.5816053819444444,0.5816053819444444,0.0,False
vit_tiny_wanet_0_1,before_mlp_channel_mask,channel_mask,matched_sigma0.4,0.2,0.581362358390306,0.581362358390306,0.0,False
vit_cifar10_sig_0_05,before_attention_norm_channel_mask,channel_mask,matched_sigma0.2,0.3,0.5146325327932099,0.5146325327932099,0.0,False
vit_cifar100_blend_0_05,pre_residual_channel_mask,channel_mask,matched_sigma0.2,0.1,0.7094177994316587,0.7094177994316587,0.0,False
vit_gtsrb_blend_0_01,pre_residual_channel_mask,channel_mask,oracle,0.3,0.9863016886576416,0.9863016886576416,0.0,False
vit_tiny_lc_0_1,before_attention_residual_channel_mask,channel_mask,adaptive,0.6,0.6464491714912655,0.6464491714912655,0.0,False
vit_tiny_bpp_0_1,after_embedding_channel_mask,channel_mask,matched_sigma0.6,0.3,0.773090670538375,0.773090670538375,0.0,False
vit_cifar100_adaptive_blend_0_05,mlp_neurons_channel_mask,channel_mask,matched_sigma0.4,0.5,0.7503894226759444,0.7503894226759444,0.0,False
vit_cifar100_badnet_a2a_0_05,before_attention_channel_mask,channel_mask,matched_sigma0.4,0.3,0.4723301796875,0.4723301796875,0.0,False
vit_tiny_lc_0_05,before_attention_norm_channel_mask,channel_mask,matched_sigma0.2,0.1,0.5224828666693156,0.5224828666693156,0.0,False
vit_cifar100_adaptive_blend_0_1,before_mlp_residual_channel_mask,channel_mask,matched_sigma0.2,0.3,0.7884486743028123,0.7884486743028123,0.0,False
vit_gtsrb_badnet_a2o_0_05,mlp_neurons_channel_mask,channel_mask,matched_sigma0.4,0.6,0.7721369031449419,0.7721369031449419,0.0,False
vit_tiny_badnet_a2a_0_05,before_mlp_norm_channel_mask,channel_mask,matched_sigma0.2,0.1,0.4518106171875,0.45181061718750004,5.551115123125783e-17,False
vit_cifar100_badnet_a2a_0_1,after_mlp_residual_channel_mask,channel_mask,adaptive,0.2,0.658208671875,0.658208671875,0.0,False
vit_cifar100_wanet_0_1,after_mlp_residual_channel_mask,channel_mask,oracle,0.1,0.8562868586757035,0.8562868586757035,0.0,False
vit_tiny_blend_0_01,mlp_neurons_channel_mask,channel_mask,oracle,0.6,0.7321293064952605,0.7321293064952605,0.0,False
vit_cifar100_lf_0_01,pre_residual_channel_mask,channel_mask,matched_sigma0.2,0.1,0.616831256292677,0.616831256292677,0.0,False
vit_cifar100_adaptive_blend_0_05,after_mlp_residual_channel_mask,channel_mask,oracle,0.1,0.9489947958588748,0.9489947958588749,1.1102230246251565e-16,False
vit_tiny_badnet_a2a_0_05,mlp_neurons_channel_mask,channel_mask,matched_sigma0.2,0.2,0.4220605937499999,0.42206059374999993,5.551115123125783e-17,False
vit_tiny_bpp_0_05,before_mlp_channel_mask,channel_mask,matched_sigma0.6,0.3,0.7926250331099921,0.7926250331099921,0.0,False
vit_gtsrb_badnet_a2o_0_1,before_attention_norm_channel_mask,channel_mask,matched_sigma0.6,0.5,0.9445730839532142,0.9445730839532142,0.0,False
vit_tiny_lf_0_01,before_mlp_channel_mask,channel_mask,matched_sigma0.2,0.1,0.5897049240026324,0.5897049240026324,0.0,False
vit_gtsrb_lf_0_1,pre_residual_channel_mask,channel_mask,adaptive,0.4,0.9890182129736188,0.9890182129736189,1.1102230246251565e-16,False
vit_cifar100_badnet_a2a_0_05,before_mlp_channel_mask,channel_mask,matched_sigma0.2,0.1,0.4668444687499999,0.46684446874999996,5.551115123125783e-17,False
vit_gtsrb_badnet_a2a_0_1,after_embedding_channel_mask,channel_mask,matched_sigma0.6,0.5,0.4053320091082144,0.40533200910821443,5.551115123125783e-17,False
swin_cifar100_badnet_a2o_0_1,before_mlp_residual,dropout,matched_sigma0.4,0.5,0.9312418147811016,0.9312418147811016,0.0,False
swin_cifar100_tact_0_1_evade_l1,pre_residual,dropout,adaptive,0.4,0.5340678936696717,0.5340678936696717,0.0,False
vit_cifar10_blend_0_05,before_attention_norm,dropout,matched_sigma0.4,0.5,0.973540094521605,0.973540094521605,0.0,False
vit_gtsrb_blend_0_01,post_residual,dropout,adaptive,0.07,0.9923463290516772,0.9923463290516772,0.0,False
swin_cifar100_adaptive_blend_0_1,pre_residual,dropout,matched_sigma0.2,0.1,0.7402097858285024,0.7402097858285024,0.0,False
vit_gtsrb_lf_0_05,post_residual,dropout,matched_sigma0.4,0.05,0.9757118213685004,0.9757118213685005,1.1102230246251565e-16,False
vit_cifar100_wanet_0_05,before_attention_norm,dropout,adaptive,0.5,0.6275691700629996,0.6275691700629996,0.0,False
vit_cifar100_lc_0_01,post_residual,dropout,matched_sigma0.2,0.02,0.3736927852750061,0.37369278527500616,5.551115123125783e-17,False
vit_tiny_wanet_0_01_evade_l1,before_attention_norm,dropout,adaptive,0.5,0.5079125205079096,0.5079125205079096,0.0,False
vit_cifar10_badnet_a2a_0_05,before_mlp_norm,dropout,matched_sigma0.8,0.5,0.3907847265624999,0.39078472656249996,5.551115123125783e-17,False
vit_cifar10_benign,before_mlp_residual,dropout,matched_sigma0.6,0.5,0.4987880111882716,0.4987880111882716,0.0,False
swin_cifar100_bpp_0_1,before_mlp_residual,dropout,oracle,0.7,0.999210164536418,0.9992101645364181,1.1102230246251565e-16,False
vit_cifar10_lf_0_05,before_attention_norm,dropout,matched_sigma0.6,0.5,0.877750318287037,0.877750318287037,0.0,False
vit_cifar100_badnet_a2o_0_005,before_attention_norm,dropout,adaptive,0.5,0.4601984684876306,0.4601984684876306,0.0,False
swin_cifar100_bpp_0_1_evade_l1,pre_residual,dropout,adaptive,0.3,0.9926977052854296,0.9926977052854297,1.1102230246251565e-16,False
vit_cifar10_badnet_a2o_0_01,post_residual,dropout,matched_sigma0.6,0.07,0.1838114197530864,0.18381141975308643,2.7755575615628914e-17,False
swin_tiny_lc_0_01_evade_l1,pre_residual,dropout,matched_sigma0.2,0.2,0.4228693823656265,0.4228693823656265,0.0,False
swin_cifar100_blend_0_01,post_residual,dropout,matched_sigma0.2,0.03,0.8080848912302182,0.8080848912302182,0.0,False
swin_cifar100_blend_0_05,before_attention_norm,dropout,matched_sigma0.2,0.4,0.8545658566680328,0.8545658566680328,0.0,False
swin_cifar100_blend_0_005,pre_residual,dropout,oracle,0.5,0.9991692688702491,0.9991692688702493,1.1102230246251565e-16,False
vit_tiny_blend_0_01,both_sublayer_inputs,dropout,adaptive,0.3,0.8091418813541527,0.8091418813541527,0.0,False
swin_cifar100_sig_0_01_evade_l1,before_attention_norm,dropout,oracle,0.9,0.6884890352286156,0.6884890352286156,0.0,False
vit_gtsrb_adaptive_blend_0_05,pre_residual,dropout,oracle,0.3,0.9968769707252798,0.9968769707252798,0.0,False
swin_tiny_adaptive_blend_0_01_evade_l1,before_attention_norm,dropout,matched_sigma0.6,0.4,0.294961719647469,0.294961719647469,0.0,False
swin_cifar100_tact_0_1_evade_l1,before_attention_norm,dropout,adaptive,0.7,0.5232982785749887,0.5232982785749887,0.0,False
swin_tiny_badnet_a2o_0_01_evade_l1,before_attention_norm,dropout,oracle,0.9,0.6435654389760211,0.6435654389760211,0.0,False
swin_cifar100_blend_0_005,pre_residual,dropout,adaptive,0.3,0.9953054185560494,0.9953054185560494,0.0,False
vit_tiny_bpp_0_05,post_residual,dropout,matched_sigma0.2,0.02,0.922437356068522,0.922437356068522,0.0,False
vit_cifar10_badnet_a2a_0_01,before_attention_norm,dropout,matched_sigma0.6,0.6,0.38843128125,0.38843128125000004,5.551115123125783e-17,False
swin_tiny_tact_0_01_evade_l1,pre_residual,dropout,oracle,0.8,0.5110589939036254,0.5110589939036254,0.0,False
vit_tiny_badnet_a2o_0_05,before_mlp_residual,dropout,matched_sigma0.2,0.2,0.8018018150282417,0.8018018150282417,0.0,False
vit_tiny_blend_0_05,pre_residual,dropout,matched_sigma0.2,0.1,0.7988091405947629,0.7988091405947629,0.0,False
swin_cifar10_blend_0_005,before_mlp_residual,dropout,matched_sigma0.4,0.6,0.988048051697531,0.988048051697531,0.0,False
swin_cifar10_bpp_0_01,before_mlp_residual,dropout,matched_sigma0.6,0.6,0.9928623360339508,0.9928623360339507,1.1102230246251565e-16,False
vit_tiny_lf_0_05,before_attention_norm,dropout,matched_sigma0.2,0.1,0.636997161653373,0.636997161653373,0.0,False
vit_tiny_bpp_0_05,before_attention_norm,dropout,matched_sigma0.6,0.4,0.9166073690169972,0.9166073690169972,0.0,False
vit_cifar100_badnet_a2o_0_005,before_attention_norm,dropout,matched_sigma0.6,0.4,0.3894448636791174,0.38944486367911746,5.551115123125783e-17,False
vit_gtsrb_wanet_0_1,both_sublayer_inputs,dropout,matched_sigma0.2,0.1,0.4309500000017874,0.4309500000017874,0.0,False
vit_cifar10_blend_0_05,before_mlp_norm,dropout,matched_sigma0.2,0.4,0.7651908661265433,0.7651908661265433,0.0,False
swin_cifar100_bpp_0_01,before_attention_norm,dropout,matched_sigma0.2,0.4,0.840111625056018,0.840111625056018,0.0,False
vit_gtsrb_bpp_0_1,before_attention_norm,dropout,matched_sigma0.2,0.2,0.8259194427115557,0.8259194427115557,0.0,False
vit_cifar10_wanet_0_005,post_residual,dropout,matched_sigma0.2,0.03,0.4255994212962962,0.42559942129629624,5.551115123125783e-17,False
vit_cifar10_badnet_a2o_0_1,after_attention_residual,dropout,matched_sigma0.2,0.1,0.6375609085648147,0.6375609085648147,0.0,False
vit_cifar100_wanet_0_1,post_residual,dropout,matched_sigma0.2,0.02,0.5504938327276268,0.5504938327276268,0.0,False
vit_cifar10_lf_0_1,before_attention_residual,dropout,matched_sigma0.4,0.5,0.6723403067129629,0.6723403067129629,0.0,False
swin_cifar100_badnet_a2o_0_01,before_mlp_residual,dropout,oracle,0.5,0.8808553212053686,0.8808553212053686,0.0,False
swin_cifar100_blend_0_01,pre_residual,dropout,oracle,0.5,0.9985311400465064,0.9985311400465063,1.1102230246251565e-16,False
vit_cifar10_badnet_a2a_0_05,before_attention_norm,dropout,oracle,0.1,0.5594985390625,0.5594985390625,0.0,False
swin_cifar10_lf_0_05,before_mlp_residual,dropout,matched_sigma0.2,0.5,0.7507897183641976,0.7507897183641976,0.0,False
vit_cifar10_lf_0_05,before_mlp_residual,dropout,matched_sigma0.4,0.4,0.9432395158179012,0.9432395158179012,0.0,False
vit_cifar10_adaptive_blend_0_05,post_residual,dropout,matched_sigma0.2,0.05,0.6386052662037037,0.6386052662037037,0.0,False
vit_cifar10_adaptive_blend_0_01,before_attention_norm,dropout,matched_sigma0.6,0.5,0.723881317515432,0.723881317515432,0.0,False
swin_cifar100_lc_0_05,post_residual,dropout,matched_sigma0.4,0.05,0.3743869022131467,0.37438690221314674,5.551115123125783e-17,False
swin_tiny_sig_0_01_evade_l1,before_attention_norm,dropout,matched_sigma0.6,0.5,0.4322987860845635,0.4322987860845635,0.0,False
vit_cifar10_blend_0_1,before_attention,dropout,adaptive,0.8,0.9980066358024692,0.9980066358024692,0.0,False
vit_gtsrb_badnet_a2a_0_1,before_mlp_residual,dropout,matched_sigma0.2,0.1,0.238676003500981,0.238676003500981,0.0,False
vit_cifar100_lf_0_05,before_attention_norm,dropout,matched_sigma0.4,0.3,0.67402222524621,0.67402222524621,0.0,False
vit_cifar10_lc_0_005,before_attention_norm,dropout,matched_sigma0.4,0.5,0.4719875868055556,0.4719875868055556,0.0,False
swin_tiny_tact_0_05_evade_l1,pre_residual,dropout,adaptive,0.5,0.5074185168204285,0.5074185168204285,0.0,False
vit_gtsrb_badnet_a2a_0_05,before_mlp_residual,dropout,matched_sigma0.2,0.2,0.2860411037824931,0.28604110378249314,5.551115123125783e-17,False
vit_cifar10_badnet_a2o_0_05,after_embedding,dropout,matched_sigma0.6,0.6,0.4789726562499999,0.47897265624999996,5.551115123125783e-17,False
swin_cifar100_lf_0_05_evade_l1,before_attention_norm,dropout,matched_sigma0.6,0.5,0.2276524379172421,0.22765243791724218,8.326672684688674e-17,False
vit_gtsrb_blend_0_01,pre_residual,dropout,matched_sigma0.4,0.2,0.9857470302004528,0.9857470302004527,1.1102230246251565e-16,False
vit_cifar10_badnet_a2a_0_05,pre_residual,dropout,matched_sigma0.2,0.2,0.3976961875,0.3976961875,0.0,False
vit_cifar100_blend_0_05,both_sublayer_inputs,dropout,matched_sigma0.2,0.1,0.649939027626523,0.649939027626523,0.0,False
swin_cifar10_blend_0_01,before_mlp_residual,dropout,matched_sigma0.2,0.5,0.9604166280864196,0.9604166280864197,1.1102230246251565e-16,False
vit_tiny_wanet_0_1,before_attention_norm,dropout,oracle,0.6,0.7645783459175378,0.7645783459175378,0.0,False
vit_cifar100_adaptive_blend_0_1,pre_residual,dropout,oracle,0.3,0.8723531808471964,0.8723531808471964,0.0,False
vit_cifar10_adaptive_blend_0_005,post_residual,dropout,oracle,0.2,0.8112705536265432,0.8112705536265432,0.0,False
vit_cifar10_blend_0_1,post_residual,dropout,matched_sigma0.2,0.05,0.9603999035493826,0.9603999035493826,0.0,False
vit_gtsrb_adaptive_blend_0_05,before_attention_norm,dropout,matched_sigma0.6,0.5,0.9968319057869046,0.9968319057869046,0.0,False
vit_cifar10_lf_0_005,pre_residual,dropout,matched_sigma0.2,0.2,0.5274040412808643,0.5274040412808643,0.0,False
vit_gtsrb_blend_0_1,pre_residual,dropout,matched_sigma0.2,0.1,0.9706706701312288,0.9706706701312289,1.1102230246251565e-16,False
vit_tiny_lf_0_1,before_attention_norm,dropout,matched_sigma0.2,0.1,0.6159663829330368,0.6159663829330368,0.0,False
vit_cifar10_lc_0_01,post_residual,dropout,matched_sigma0.2,0.05,0.3873015046296296,0.38730150462962964,5.551115123125783e-17,False
vit_cifar10_blend_0_005,before_attention_norm,dropout,matched_sigma0.2,0.3,0.6718164930555556,0.6718164930555556,0.0,False
swin_tiny_blend_0_05_evade_l1,pre_residual,dropout,matched_sigma0.6,0.3,0.9239628349721268,0.9239628349721268,0.0,False
swin_cifar10_blend_0_005,before_mlp,dropout,adaptive,0.6,0.998472125771605,0.998472125771605,0.0,False
vit_cifar10_bpp_0_01,before_attention_norm,dropout,matched_sigma0.2,0.4,0.8516108989197531,0.8516108989197531,0.0,False
vit_cifar10_badnet_a2o_0_05,after_mlp_residual,dropout,oracle,0.3,0.6319838252314816,0.6319838252314816,0.0,False
vit_cifar100_bpp_0_1,pre_residual,dropout,adaptive,0.4,0.9144571367686276,0.9144571367686277,1.1102230246251565e-16,False
vit_cifar10_benign,before_attention_residual,dropout,matched_sigma0.8,0.7,0.4958131558641976,0.4958131558641976,0.0,False
swin_cifar100_badnet_a2o_0_05_evade_l1,pre_residual,dropout,matched_sigma0.4,0.2,0.5944108059056087,0.5944108059056087,0.0,False
swin_cifar10_blend_0_005,pre_residual,dropout,matched_sigma0.6,0.3,0.9939398919753089,0.9939398919753087,1.1102230246251565e-16,False
vit_cifar10_lc_0_01,pre_residual,dropout,matched_sigma0.2,0.2,0.3745872106481481,0.37458721064814815,5.551115123125783e-17,False
vit_cifar10_badnet_a2o_0_01,pre_residual,dropout,matched_sigma0.2,0.2,0.5481190779320988,0.5481190779320988,0.0,False
vit_cifar10_blend_0_01,before_attention_norm,dropout,matched_sigma0.2,0.4,0.8494915991512346,0.8494915991512346,0.0,False
swin_cifar10_adaptive_blend_0_1,before_attention_norm,dropout,matched_sigma0.4,0.6,0.9647987654320987,0.9647987654320989,1.1102230246251565e-16,False
vit_cifar10_bpp_0_1,after_embedding,dropout,matched_sigma0.2,0.2,0.7265612075617284,0.7265612075617284,0.0,False
vit_cifar10_bpp_0_01,before_mlp_norm,dropout,adaptive,0.7,0.933411294367284,0.9334112943672839,1.1102230246251565e-16,False
swin_cifar10_lf_0_1,post_residual,dropout,matched_sigma0.4,0.05,0.9068570794753088,0.9068570794753087,1.1102230246251565e-16,False
vit_cifar100_bpp_0_1,pre_residual,dropout,matched_sigma0.4,0.2,0.7856743774365106,0.7856743774365106,0.0,False
swin_cifar10_lf_0_05,before_attention_norm,dropout,adaptive,0.9,0.5999613908179011,0.5999613908179011,0.0,False
vit_cifar10_lf_0_005,post_residual,dropout,oracle,0.07,0.8770139467592593,0.8770139467592593,0.0,False
swin_cifar100_lc_0_1_evade_l1,before_attention_norm,dropout,matched_sigma0.2,0.3,0.2071575077746859,0.20715750777468595,5.551115123125783e-17,False
swin_tiny_badnet_a2o_0_05_evade_l1,before_attention_norm,dropout,oracle,0.9,0.5271747650798797,0.5271747650798797,0.0,False
swin_tiny_lf_0_1_evade_l1,before_attention_norm,dropout,matched_sigma0.4,0.4,0.0172624949757821,0.017262494975782167,6.591949208711867e-17,False
swin_cifar10_bpp_0_1,pre_residual,dropout,matched_sigma0.4,0.2,0.9725056230709876,0.9725056230709876,0.0,False
vit_cifar100_wanet_0_1,before_attention_norm,dropout,matched_sigma0.4,0.3,0.3610707976291049,0.3610707976291049,0.0,False
vit_gtsrb_adaptive_blend_0_05,both_sublayer_inputs,dropout,matched_sigma0.2,0.1,0.845350300199964,0.845350300199964,0.0,False
vit_cifar100_lc_0_05_evade_l1,before_attention_norm,dropout,matched_sigma0.2,0.2,0.4553096326293782,0.45530963262937824,5.551115123125783e-17,False
swin_cifar10_badnet_a2a_0_1,before_mlp,dropout,oracle,0.9,0.5243319843750001,0.5243319843750001,0.0,False
swin_tiny_wanet_0_1_evade_l1,pre_residual,dropout,matched_sigma0.2,0.2,0.0410170031955296,0.04101700319552963,2.7755575615628914e-17,False
swin_cifar100_lc_0_05,pre_residual,dropout,matched_sigma0.2,0.1,0.6763091262222708,0.6763091262222708,0.0,False
swin_cifar100_lc_0_05,before_attention_norm,dropout,adaptive,0.8,0.7955663399296617,0.7955663399296617,0.0,False
vit_cifar100_badnet_a2a_0_05,pre_residual,dropout,matched_sigma0.2,0.1,0.343357015625,0.343357015625,0.0,False
vit_cifar10_badnet_a2o_0_01,before_attention_residual,dropout,oracle,0.6,0.6119228780864198,0.6119228780864198,0.0,False
vit_gtsrb_lf_0_1,before_attention_norm,dropout,oracle,0.7,0.997491748536053,0.997491748536053,0.0,False
swin_cifar100_lc_0_01_evade_l1,pre_residual,dropout,matched_sigma0.6,0.3,0.4826792248180187,0.4826792248180187,0.0,False
swin_cifar10_sig_0_1,after_embedding,dropout,matched_sigma0.4,0.3,0.3824113040123457,0.3824113040123457,0.0,False
vit_cifar10_sig_0_01,before_attention_norm,dropout,adaptive,0.7,0.6911852334104938,0.6911852334104938,0.0,False
vit_cifar10_badnet_a2a_0_05,post_residual,dropout,oracle,0.3,0.5413752734375,0.5413752734375,0.0,False
swin_cifar10_bpp_0_005,pre_residual,dropout,matched_sigma0.6,0.3,0.9917285397376544,0.9917285397376543,1.1102230246251565e-16,False
swin_cifar100_badnet_a2o_0_05_evade_l1,pre_residual,dropout,matched_sigma0.6,0.3,0.8048675420180224,0.8048675420180224,0.0,False
swin_cifar10_wanet_0_1,pre_residual,dropout,matched_sigma0.6,0.4,0.3480302951388889,0.3480302951388889,0.0,False
swin_cifar100_lf_0_005,post_residual,dropout,matched_sigma0.2,0.03,0.7098851465487896,0.7098851465487896,0.0,False
swin_tiny_bpp_0_01_evade_l1,pre_residual,dropout,matched_sigma0.4,0.2,0.6215795833026091,0.6215795833026091,0.0,False
vit_cifar10_lf_0_05,before_attention_norm,dropout,adaptive,0.7,0.9291452353395062,0.9291452353395062,0.0,False
vit_cifar10_badnet_a2a_0_1,post_residual,dropout,oracle,0.8,0.5225731796875,0.5225731796875,0.0,False
vit_cifar10_lf_0_01,before_attention,dropout,adaptive,0.8,0.8451794270833335,0.8451794270833335,0.0,False
swin_cifar100_badnet_a2o_0_1,pre_residual,dropout,matched_sigma0.4,0.2,0.930197746189077,0.930197746189077,0.0,False
swin_cifar10_badnet_a2o_0_1,post_residual,dropout,oracle,0.1,0.9899132908950616,0.9899132908950617,1.1102230246251565e-16,False
vit_tiny_badnet_a2a_0_05_evade_l1,before_attention_norm,dropout,oracle,0.8,0.7841321171875,0.7841321171875,0.0,False
swin_cifar10_blend_0_1,pre_residual,dropout,matched_sigma0.6,0.3,0.9958333333333332,0.9958333333333332,0.0,False
vit_cifar100_bpp_0_005,before_attention_norm,dropout,matched_sigma0.4,0.3,0.6668473743250399,0.6668473743250399,0.0,False
vit_cifar100_lf_0_01,post_residual,dropout,oracle,0.05,0.874414485238572,0.874414485238572,0.0,False
swin_cifar100_bpp_0_005,post_residual,dropout,oracle,0.09,0.9891667029146142,0.9891667029146142,0.0,False
swin_cifar10_badnet_a2a_0_1,before_mlp,dropout,matched_sigma0.2,0.4,0.405012484375,0.40501248437500004,5.551115123125783e-17,False
vit_cifar10_badnet_a2a_0_05,before_attention_residual,dropout,matched_sigma0.2,0.4,0.3624099062499999,0.36240990624999997,5.551115123125783e-17,False
swin_cifar100_adaptive_blend_0_1,before_mlp_residual,dropout,adaptive,0.6,0.9899202478641314,0.9899202478641314,0.0,False
vit_cifar100_adaptive_blend_0_01,before_attention_norm,dropout,matched_sigma0.4,0.3,0.6237065807783186,0.6237065807783186,0.0,False
vit_cifar10_bpp_0_05,pre_residual,dropout,matched_sigma0.2,0.3,0.9160292438271604,0.9160292438271604,0.0,False
vit_cifar10_bpp_0_1,post_residual,dropout,adaptive,0.09,0.9613648244598764,0.9613648244598765,1.1102230246251565e-16,False
vit_gtsrb_badnet_a2a_0_1,before_mlp_residual,dropout,oracle,0.9,0.5671112703091854,0.5671112703091854,0.0,False
swin_cifar100_lf_0_05,post_residual,dropout,matched_sigma0.2,0.03,0.6495667844824731,0.6495667844824731,0.0,False
swin_cifar10_wanet_0_05,before_mlp_residual,dropout,oracle,0.9,0.9846969135802468,0.9846969135802468,0.0,False
vit_cifar10_bpp_0_01,before_attention_norm,dropout,matched_sigma0.4,0.5,0.946675250771605,0.946675250771605,0.0,False
vit_tiny_lc_0_1,post_residual,dropout,adaptive,0.1,0.6012564139929288,0.6012564139929288,0.0,False
swin_tiny_sig_0_1_evade_l1,before_attention_norm,dropout,oracle,0.9,0.6179507329000062,0.6179507329000062,0.0,False
vit_cifar100_bpp_0_05,post_residual,dropout,matched_sigma0.2,0.03,0.8854321560132952,0.8854321560132952,0.0,False
vit_cifar10_badnet_a2a_0_05,pre_residual,dropout,oracle,0.9,0.5391111640624999,0.5391111640624999,0.0,False
vit_tiny_adaptive_blend_0_05_evade_l1,before_attention_norm,dropout,matched_sigma0.6,0.4,0.8447147880531902,0.8447147880531902,0.0,False
vit_cifar100_blend_0_1,before_mlp_residual,dropout,adaptive,0.4,0.9941934379375944,0.9941934379375943,1.1102230246251565e-16,False
vit_gtsrb_lf_0_1,pre_residual,dropout,matched_sigma0.2,0.2,0.9289541438133584,0.9289541438133584,0.0,False
swin_cifar100_wanet_0_05,before_attention_norm,dropout,matched_sigma0.4,0.6,0.2425383805906805,0.24253838059068059,8.326672684688674e-17,False
vit_cifar100_bpp_0_05,before_attention_norm,dropout,matched_sigma0.6,0.4,0.8272637375398512,0.8272637375398512,0.0,False
vit_cifar100_lf_0_005,before_mlp_residual,dropout,oracle,0.4,0.7911624656958071,0.7911624656958071,0.0,False
vit_cifar10_lf_0_1,before_attention,dropout,oracle,0.7,0.9055355613425926,0.9055355613425926,0.0,False
vit_cifar100_badnet_a2o_0_1_evade_l1,before_attention_norm,dropout,oracle,0.4,0.7298999915798345,0.7298999915798345,0.0,False
swin_cifar100_benign,post_residual,dropout,oracle,0.7,0.5055406684015133,0.5055406684015133,0.0,False
vit_tiny_bpp_0_01,before_attention_norm,dropout,matched_sigma0.6,0.4,0.8483123024598946,0.8483123024598946,0.0,False
vit_cifar10_lf_0_1,after_embedding,dropout,matched_sigma0.2,0.2,0.6304358506944444,0.6304358506944444,0.0,False
vit_cifar10_wanet_0_05,pre_residual,dropout,adaptive,0.4,0.9192470582561728,0.9192470582561728,0.0,False
vit_cifar100_badnet_a2o_0_1_evade_l1,before_attention_norm,dropout,adaptive,0.6,0.4238269133229764,0.4238269133229764,0.0,False
vit_cifar10_badnet_a2a_0_01,after_embedding,dropout,matched_sigma0.2,0.2,0.4588942031249999,0.45889420312499996,5.551115123125783e-17,False
vit_cifar10_badnet_a2o_0_005,before_attention_norm,dropout,adaptive,0.6,0.5605876832561728,0.5605876832561728,0.0,False
vit_cifar100_tact_0_01_evade_l1,before_attention_norm,dropout,matched_sigma0.2,0.1,0.4839808946046692,0.4839808946046692,0.0,False
vit_cifar10_lf_0_05,before_mlp_norm,dropout,matched_sigma0.4,0.4,0.7569862075617284,0.7569862075617284,0.0,False
vit_tiny_lc_0_1_evade_l1,before_attention_norm,dropout,matched_sigma0.4,0.2,0.4786742130059348,0.4786742130059348,0.0,False
vit_gtsrb_blend_0_05,both_sublayer_inputs,dropout,adaptive,0.3,0.9059822903595152,0.9059822903595153,1.1102230246251565e-16,False
swin_cifar10_badnet_a2a_0_01,post_residual,dropout,oracle,0.9,0.6741279531250001,0.6741279531250001,0.0,False
vit_cifar100_blend_0_1,post_residual,dropout,adaptive,0.07,0.927636012608699,0.927636012608699,0.0,False
vit_gtsrb_blend_0_01,before_mlp_residual,dropout,adaptive,0.4,0.9878100883331776,0.9878100883331777,1.1102230246251565e-16,False
vit_cifar100_lc_0_1,pre_residual,dropout,oracle,0.7,0.6631332114072092,0.6631332114072092,0.0,False
swin_tiny_badnet_a2a_0_01_evade_l1,before_attention_norm,dropout,matched_sigma0.6,0.5,0.7603573984374998,0.7603573984374998,0.0,False
vit_cifar100_wanet_0_05_evade_l1,before_attention_norm,dropout,matched_sigma0.4,0.3,0.4470507991375515,0.4470507991375515,0.0,False
vit_cifar100_badnet_a2a_0_1_evade_l1,before_attention_norm,dropout,oracle,0.9,0.6579195234374999,0.6579195234374999,0.0,False
vit_tiny_badnet_a2o_0_01,post_residual,dropout,oracle,0.03,0.794786182818052,0.794786182818052,0.0,False
vit_gtsrb_wanet_0_1,post_residual,dropout,matched_sigma0.2,0.03,0.6249845344817336,0.6249845344817336,0.0,False
swin_tiny_lc_0_1_evade_l1,before_attention_norm,dropout,matched_sigma0.4,0.4,0.3056981185504975,0.30569811855049756,5.551115123125783e-17,False
vit_cifar10_lc_0_05,both_sublayer_inputs,dropout,matched_sigma0.8,0.4,0.6067938271604938,0.6067938271604938,0.0,False
swin_cifar100_lc_0_01_evade_l1,before_attention_norm,dropout,matched_sigma0.6,0.6,0.4142353152912997,0.41423531529129975,5.551115123125783e-17,False
swin_cifar100_bpp_0_005,before_attention_norm,dropout,adaptive,0.8,0.9016383806305864,0.9016383806305865,1.1102230246251565e-16,False
vit_cifar10_blend_0_1,before_mlp,dropout,oracle,0.6,0.9875200810185188,0.9875200810185187,1.1102230246251565e-16,False
vit_cifar10_badnet_a2a_0_1,post_residual,dropout,matched_sigma0.2,0.05,0.0891264296875,0.08912642968750001,1.3877787807814457e-17,False
swin_cifar100_badnet_a2o_0_05,post_residual,dropout,oracle,0.1,0.9293092072314456,0.9293092072314456,0.0,False
swin_cifar10_blend_0_01,post_residual,dropout,matched_sigma0.6,0.07,0.9972033950617284,0.9972033950617284,0.0,False
vit_cifar10_lc_0_01,before_attention_norm,dropout,matched_sigma0.4,0.5,0.4741130594135803,0.4741130594135803,0.0,False
vit_cifar10_lf_0_05,after_attention_residual,dropout,adaptive,0.2,0.8667303144290125,0.8667303144290125,0.0,False
vit_tiny_badnet_a2o_0_1,before_mlp_residual,dropout,adaptive,0.4,0.9190143523754996,0.9190143523754997,1.1102230246251565e-16,False
swin_cifar10_bpp_0_05,pre_residual,dropout,adaptive,0.4,0.996733699845679,0.996733699845679,0.0,False
vit_cifar100_bpp_0_01_evade_l1,before_attention_norm,dropout,matched_sigma0.6,0.4,0.7940660739561889,0.7940660739561889,0.0,False
swin_tiny_badnet_a2a_0_01_evade_l1,before_attention_norm,dropout,matched_sigma0.4,0.4,0.5977397265625,0.5977397265625,0.0,False
vit_cifar10_lf_0_05,before_mlp_residual,dropout,adaptive,0.6,0.9040681520061729,0.9040681520061729,0.0,False
swin_cifar100_sig_0_01_evade_l1,before_attention_norm,dropout,adaptive,0.7,0.6412633839727139,0.6412633839727139,0.0,False
vit_cifar10_benign,before_attention_residual,dropout,matched_sigma0.4,0.6,0.4854179494598766,0.4854179494598766,0.0,False
swin_cifar10_lf_0_05,after_embedding,dropout,matched_sigma0.6,0.5,0.9917038676697532,0.9917038676697532,0.0,False
vit_cifar100_blend_0_1,both_sublayer_inputs,dropout,matched_sigma0.2,0.1,0.7382181732710428,0.7382181732710428,0.0,False
vit_cifar100_lf_0_05,pre_residual,dropout,matched_sigma0.4,0.2,0.7371693319217253,0.7371693319217253,0.0,False
vit_cifar10_badnet_a2a_0_01,before_attention_residual,dropout,adaptive,0.8,0.5251673671875,0.5251673671875,0.0,False
vit_cifar100_lc_0_05,before_attention_norm,dropout,matched_sigma0.6,0.4,0.4495117780556122,0.4495117780556122,0.0,False
vit_tiny_blend_0_01,before_mlp_residual,dropout,matched_sigma0.4,0.3,0.892590806625001,0.892590806625001,0.0,False
vit_cifar100_sig_0_05_evade_l1,before_attention_norm,dropout,matched_sigma0.6,0.4,0.4551079317559556,0.45510793175595565,5.551115123125783e-17,False
vit_cifar10_badnet_a2o_0_01,before_mlp,dropout,oracle,0.6,0.7468661747685185,0.7468661747685185,0.0,False
vit_cifar10_benign,before_attention_norm,dropout,oracle,0.9,0.5026032600308642,0.5026032600308642,0.0,False
swin_tiny_tact_0_1_evade_l1,before_attention_norm,dropout,matched_sigma0.8,0.6,0.4989169506284099,0.4989169506284099,0.0,False
swin_cifar10_sig_0_1,post_residual,dropout,matched_sigma0.2,0.05,0.8615340856481482,0.8615340856481482,0.0,False
vit_cifar10_badnet_a2o_0_1,before_attention_residual,dropout,matched_sigma0.2,0.4,0.6465397665895062,0.6465397665895062,0.0,False
swin_cifar100_lc_0_01_evade_l1,pre_residual,dropout,adaptive,0.4,0.6325853539402584,0.6325853539402584,0.0,False
vit_cifar10_adaptive_blend_0_01,before_mlp_residual,dropout,matched_sigma0.2,0.3,0.4164564332561728,0.4164564332561728,0.0,False
vit_tiny_lc_0_1,pre_residual,dropout,adaptive,0.4,0.5927047812462541,0.5927047812462541,0.0,False
swin_cifar100_badnet_a2o_0_1,before_mlp_residual,dropout,matched_sigma0.2,0.4,0.8837783078181037,0.8837783078181037,0.0,False
swin_cifar100_bpp_0_01,before_mlp_residual,dropout,oracle,0.8,0.9973180695553556,0.9973180695553555,1.1102230246251565e-16,False
vit_cifar100_badnet_a2o_0_01,pre_residual,dropout,matched_sigma0.4,0.2,0.6929656580957895,0.6929656580957895,0.0,False
vit_cifar10_badnet_a2a_0_005,before_attention_norm,dropout,matched_sigma0.8,0.6,0.6113681484375,0.6113681484375,0.0,False
vit_cifar10_badnet_a2o_0_01,before_attention_norm,dropout,matched_sigma0.2,0.3,0.569198331404321,0.569198331404321,0.0,False
vit_cifar100_blend_0_01,post_residual,dropout,matched_sigma0.2,0.03,0.4709135320838233,0.4709135320838233,0.0,False
swin_tiny_blend_0_1_evade_l1,before_attention_norm,dropout,matched_sigma0.4,0.4,7.648508822566765e-05,7.648508822566765e-05,0.0,False
swin_cifar100_badnet_a2o_0_05,pre_residual,dropout,adaptive,0.4,0.9052751817817948,0.9052751817817948,0.0,False
vit_gtsrb_badnet_a2o_0_05,before_mlp_residual,dropout,adaptive,0.4,0.9978035836103722,0.9978035836103722,0.0,False
vit_cifar10_lf_0_1,post_residual,dropout,matched_sigma0.2,0.03,0.8167325906635801,0.8167325906635801,0.0,False
vit_cifar10_wanet_0_05,both_sublayer_inputs,dropout,matched_sigma0.4,0.2,0.4543930169753086,0.45439301697530865,5.551115123125783e-17,False
swin_cifar10_badnet_a2a_0_01,before_mlp,dropout,matched_sigma0.2,0.4,0.176225578125,0.176225578125,0.0,False
swin_cifar100_bpp_0_01,pre_residual,dropout,adaptive,0.2,0.9894221571665784,0.9894221571665784,0.0,False
swin_tiny_tact_0_01_evade_l1,before_attention_norm,dropout,matched_sigma0.8,0.6,0.5053347757047557,0.5053347757047557,0.0,False
vit_cifar100_blend_0_01,post_residual,dropout,matched_sigma0.6,0.05,0.5613945789298728,0.5613945789298728,0.0,False
vit_cifar100_badnet_a2a_0_05,post_residual,dropout,matched_sigma0.6,0.05,0.4768957734375,0.4768957734375,0.0,False
swin_tiny_sig_0_1_evade_l1,before_attention_norm,dropout,matched_sigma0.8,0.6,0.4930810989308016,0.4930810989308016,0.0,False
vit_cifar10_badnet_a2o_0_01,before_attention,dropout,matched_sigma0.2,0.5,0.5100702932098765,0.5100702932098765,0.0,False
vit_cifar10_badnet_a2a_0_05,before_attention_residual,dropout,oracle,0.9,0.527154203125,0.527154203125,0.0,False
vit_cifar10_bpp_0_01,before_mlp_norm,dropout,matched_sigma0.4,0.5,0.8994454282407407,0.8994454282407407,0.0,False
vit_tiny_lf_0_1,before_mlp_residual,dropout,matched_sigma0.2,0.2,0.8461548309820838,0.8461548309820838,0.0,False
vit_tiny_lf_0_05,before_mlp_residual,dropout,adaptive,0.4,0.9578629599072428,0.9578629599072428,0.0,False
vit_cifar100_lc_0_05_evade_l1,before_attention_norm,dropout,matched_sigma0.6,0.4,0.4291781639170769,0.4291781639170769,0.0,False
vit_cifar10_wanet_0_05,pre_residual,dropout,matched_sigma0.4,0.3,0.6841715760030864,0.6841715760030864,0.0,False
swin_cifar100_lc_0_01,pre_residual,dropout,matched_sigma0.2,0.1,0.7247414789721333,0.7247414789721333,0.0,False
vit_cifar100_blend_0_01,before_mlp_residual,dropout,matched_sigma0.4,0.3,0.4976146110222759,0.4976146110222759,0.0,False
vit_cifar10_badnet_a2o_0_05,before_mlp_norm,dropout,oracle,0.9,0.710340374228395,0.710340374228395,0.0,False
vit_tiny_badnet_a2a_0_05_evade_l1,before_attention_norm,dropout,matched_sigma0.2,0.1,0.4868864843749999,0.48688648437499993,5.551115123125783e-17,False
vit_gtsrb_bpp_0_05,before_mlp_residual,dropout,adaptive,0.5,0.9445033081463003,0.9445033081463003,0.0,False
vit_cifar10_badnet_a2a_0_1,post_residual,dropout,adaptive,0.09,0.449711890625,0.44971189062500005,5.551115123125783e-17,False
vit_cifar10_wanet_0_05,before_attention_norm,dropout,oracle,0.9,0.9453559992283952,0.9453559992283951,1.1102230246251565e-16,False
vit_tiny_bpp_0_05_evade_l1,before_attention_norm,dropout,matched_sigma0.8,0.5,0.8997363924463927,0.8997363924463927,0.0,False
vit_cifar10_sig_0_005,post_residual,dropout,matched_sigma0.2,0.05,0.3490209201388889,0.3490209201388889,0.0,False
swin_cifar100_lc_0_05_evade_l1,pre_residual,dropout,oracle,0.9,0.7731901373125466,0.7731901373125466,0.0,False
vit_cifar10_benign,before_attention,dropout,adaptive,0.8,0.500490162037037,0.500490162037037,0.0,False
vit_cifar10_blend_0_1,before_mlp_norm,dropout,matched_sigma0.2,0.3,0.7714738811728395,0.7714738811728395,0.0,False
swin_tiny_adaptive_blend_0_01_evade_l1,before_attention_norm,dropout,adaptive,0.6,0.58655545908489,0.58655545908489,0.0,False
swin_tiny_wanet_0_1_evade_l1,before_attention_norm,dropout,adaptive,0.7,0.0567128483471509,0.05671284834715093,2.7755575615628914e-17,False
swin_cifar100_badnet_a2a_0_1,before_mlp_residual,dropout,matched_sigma0.2,0.4,0.3932021328125,0.3932021328125,0.0,False
swin_cifar100_adaptive_blend_0_1,before_attention_norm,dropout,matched_sigma0.2,0.4,0.8092855748997662,0.8092855748997662,0.0,False
vit_cifar10_benign,after_embedding,dropout,adaptive,0.8,0.5037803144290123,0.5037803144290123,0.0,False
swin_cifar100_bpp_0_005,before_attention_norm,dropout,matched_sigma0.2,0.4,0.7199307311696567,0.7199307311696567,0.0,False
swin_cifar100_lf_0_05_evade_l1,before_attention_norm,dropout,matched_sigma0.2,0.2,0.0091214255699274,0.00912142556992748,7.979727989493313e-17,False
vit_cifar100_lf_0_05,before_attention_norm,dropout,oracle,0.6,0.9112365072834432,0.9112365072834432,0.0,False
swin_cifar10_wanet_0_05,post_residual,dropout,adaptive,0.09,0.9524145447530864,0.9524145447530864,0.0,False
vit_cifar10_lc_0_005,pre_residual,dropout,oracle,0.7,0.5931056327160493,0.5931056327160493,0.0,False
vit_tiny_lf_0_05,before_attention_norm,dropout,oracle,0.6,0.9476220170401198,0.9476220170401198,0.0,False
swin_tiny_adaptive_blend_0_05_evade_l1,pre_residual,dropout,matched_sigma0.2,0.2,0.5989523658290137,0.5989523658290137,0.0,False
vit_cifar100_blend_0_01,before_mlp_residual,dropout,oracle,0.4,0.5640601000283731,0.5640601000283731,0.0,False
vit_cifar10_blend_0_05,after_embedding,dropout,oracle,0.8,0.998062885802469,0.998062885802469,0.0,False
vit_cifar100_adaptive_blend_0_1,before_attention_norm,dropout,matched_sigma0.8,0.5,0.923029407926688,0.9230294079266879,1.1102230246251565e-16,False
vit_gtsrb_badnet_a2o_0_1,before_attention_norm,dropout,oracle,0.9,0.9811936259293208,0.9811936259293209,1.1102230246251565e-16,False
vit_tiny_lf_0_1_evade_l1,before_attention_norm,dropout,adaptive,0.5,0.4962879000385203,0.49628790003852036,5.551115123125783e-17,False
swin_cifar100_lc_0_01,before_attention_norm,dropout,adaptive,0.8,0.8727555370569086,0.8727555370569086,0.0,False
swin_cifar100_badnet_a2o_0_005,pre_residual,dropout,matched_sigma0.4,0.2,0.8949105407302559,0.8949105407302559,0.0,False
swin_cifar100_benign,pre_residual,dropout,matched_sigma0.2,0.1,0.4890157544887263,0.48901575448872636,5.551115123125783e-17,False
vit_cifar100_blend_0_05,before_attention_norm,dropout,adaptive,0.6,0.9593988081674808,0.9593988081674807,1.1102230246251565e-16,False
vit_cifar10_benign,after_embedding,dropout,matched_sigma0.6,0.6,0.4965663676697531,0.49656636766975315,5.551115123125783e-17,False
swin_cifar10_lf_0_1,after_embedding,dropout,oracle,0.9,0.9991205054012344,0.9991205054012345,1.1102230246251565e-16,False
vit_cifar100_blend_0_05,pre_residual,dropout,adaptive,0.4,0.8380735299927492,0.8380735299927492,0.0,False
vit_cifar100_lf_0_05,post_residual,dropout,adaptive,0.07,0.8360084983812132,0.8360084983812132,0.0,False
vit_cifar10_blend_0_1,before_attention_residual,dropout,matched_sigma0.4,0.6,0.9110001639660494,0.9110001639660494,0.0,False
swin_cifar100_adaptive_blend_0_01_evade_l1,pre_residual,dropout,matched_sigma0.6,0.3,0.7266135251800857,0.7266135251800857,0.0,False
vit_cifar100_lc_0_1,both_sublayer_inputs,dropout,matched_sigma0.4,0.2,0.3962776563526955,0.3962776563526955,0.0,False
vit_cifar100_badnet_a2a_0_01_evade_l1,before_attention_norm,dropout,adaptive,0.6,0.8738160234375,0.8738160234375,0.0,False
vit_gtsrb_bpp_0_05,before_attention_norm,dropout,adaptive,0.6,0.9531559282437132,0.9531559282437131,1.1102230246251565e-16,False
swin_cifar100_lc_0_1_evade_l1,before_attention_norm,dropout,matched_sigma0.8,0.6,0.6020359161958092,0.6020359161958092,0.0,False
swin_cifar100_bpp_0_05,before_mlp_residual,dropout,matched_sigma0.4,0.5,0.9416614063911052,0.9416614063911051,1.1102230246251565e-16,False
vit_tiny_lc_0_01_evade_l1,before_attention_norm,dropout,matched_sigma0.8,0.5,0.4097272156565812,0.40972721565658127,5.551115123125783e-17,False
vit_gtsrb_lf_0_05,before_mlp_residual,dropout,matched_sigma0.4,0.3,0.978795362407185,0.978795362407185,0.0,False
vit_cifar10_blend_0_05,pre_residual,dropout,matched_sigma0.2,0.3,0.8909414158950619,0.8909414158950619,0.0,False
swin_cifar100_wanet_0_1,post_residual,dropout,matched_sigma0.2,0.03,0.0679900745803186,0.0679900745803186,0.0,False
vit_cifar100_bpp_0_005,post_residual,dropout,oracle,0.05,0.9266707823052018,0.9266707823052018,0.0,False
vit_tiny_adaptive_blend_0_05,before_mlp_residual,dropout,adaptive,0.5,0.882165028741265,0.882165028741265,0.0,False
swin_cifar100_lc_0_05,before_mlp_residual,dropout,matched_sigma0.2,0.4,0.4424981872700666,0.4424981872700666,0.0,False
swin_tiny_tact_0_1_evade_l1,before_attention_norm,dropout,adaptive,0.7,0.5001587322109615,0.5001587322109615,0.0,False
vit_cifar100_lc_0_01,before_mlp_residual,dropout,matched_sigma0.6,0.4,0.4849705074725976,0.4849705074725976,0.0,False
vit_tiny_blend_0_01,both_sublayer_inputs,dropout,matched_sigma0.2,0.1,0.6874903120861545,0.6874903120861545,0.0,False
vit_cifar100_badnet_a2o_0_01,pre_residual,dropout,adaptive,0.4,0.6467429802357565,0.6467429802357565,0.0,False
vit_tiny_bpp_0_1,before_attention_norm,dropout,matched_sigma0.4,0.3,0.8729573844189945,0.8729573844189945,0.0,False
vit_cifar10_tact_0_01,pre_residual,dropout,oracle,0.9,0.527747231867284,0.527747231867284,0.0,False
vit_cifar10_adaptive_blend_0_005,before_attention_norm,dropout,matched_sigma0.6,0.5,0.4881402874228395,0.48814028742283955,5.551115123125783e-17,False
vit_gtsrb_adaptive_blend_0_1,before_attention_norm,dropout,matched_sigma0.6,0.4,0.9992017361704306,0.9992017361704306,0.0,False
swin_tiny_lc_0_1_evade_l1,pre_residual,dropout,adaptive,0.5,0.6218874417026159,0.6218874417026159,0.0,False
swin_cifar10_badnet_a2o_0_005,pre_residual,dropout,matched_sigma0.8,0.6,0.907850925925926,0.9078509259259261,1.1102230246251565e-16,False
vit_cifar100_lf_0_01,pre_residual,dropout,matched_sigma0.2,0.1,0.6184436421565361,0.6184436421565361,0.0,False
vit_cifar10_badnet_a2a_0_1,before_attention,dropout,matched_sigma0.6,0.6,0.4633761796875,0.4633761796875,0.0,False
swin_tiny_lc_0_1_evade_l1,before_attention_norm,dropout,matched_sigma0.2,0.2,0.1969489837831248,0.19694898378312486,5.551115123125783e-17,False
vit_cifar10_badnet_a2a_0_1,post_residual,dropout,matched_sigma0.6,0.07,0.315692875,0.315692875,0.0,False
swin_tiny_badnet_a2a_0_05_evade_l1,before_attention_norm,dropout,matched_sigma0.2,0.2,0.1375575234375,0.1375575234375,0.0,False
swin_cifar100_bpp_0_01,pre_residual,dropout,oracle,0.7,0.9972287918578996,0.9972287918578995,1.1102230246251565e-16,False
swin_cifar10_bpp_0_1,before_mlp_residual,dropout,oracle,0.9,0.9971869791666668,0.9971869791666668,0.0,False
vit_gtsrb_benign,before_mlp_residual,dropout,adaptive,0.4,0.497321444626152,0.497321444626152,0.0,False
vit_tiny_lf_0_01_evade_l1,before_attention_norm,dropout,matched_sigma0.6,0.4,0.7144164493235142,0.7144164493235142,0.0,False
vit_cifar10_sig_0_01,before_mlp_residual,dropout,matched_sigma0.6,0.5,0.6598081211419753,0.6598081211419753,0.0,False
vit_cifar100_badnet_a2a_0_05,before_attention_norm,dropout,adaptive,0.5,0.5323928984375,0.5323928984375,0.0,False
vit_cifar10_tact_0_005,before_mlp_residual,dropout,matched_sigma0.2,0.3,0.4390400752314815,0.4390400752314815,0.0,False
swin_cifar100_blend_0_05,before_mlp_residual,dropout,adaptive,0.6,0.9924815903657344,0.9924815903657345,1.1102230246251565e-16,False
swin_cifar10_bpp_0_1,before_attention,dropout,matched_sigma0.2,0.6,0.9379419560185184,0.9379419560185185,1.1102230246251565e-16,False
vit_tiny_badnet_a2o_0_1,pre_residual,dropout,adaptive,0.3,0.8597027554254251,0.8597027554254251,0.0,False
swin_cifar100_sig_0_1_evade_l1,pre_residual,dropout,matched_sigma0.6,0.3,0.5500841896827833,0.5500841896827833,0.0,False
vit_tiny_adaptive_blend_0_01_evade_l1,before_attention_norm,dropout,matched_sigma0.4,0.2,0.6372820113813285,0.6372820113813285,0.0,False
vit_gtsrb_wanet_0_1,post_residual,dropout,adaptive,0.07,0.9644897937588908,0.9644897937588909,1.1102230246251565e-16,False
swin_cifar100_sig_0_01_evade_l1,pre_residual,dropout,matched_sigma0.6,0.3,0.5434641039567195,0.5434641039567195,0.0,False
vit_cifar10_blend_0_1,after_attention_residual,dropout,oracle,0.1,0.9605129340277778,0.9605129340277778,0.0,False
vit_cifar100_blend_0_05,before_mlp_residual,dropout,matched_sigma0.4,0.3,0.8307016072938586,0.8307016072938586,0.0,False
vit_tiny_wanet_0_1,both_sublayer_inputs,dropout,matched_sigma0.2,0.1,0.6040145499422447,0.6040145499422447,0.0,False
swin_cifar100_badnet_a2o_0_01,before_attention_norm,dropout,matched_sigma0.4,0.6,0.7770599655451619,0.7770599655451619,0.0,False
vit_cifar10_tact_0_005,before_attention_norm,dropout,adaptive,0.7,0.5664092399691358,0.5664092399691358,0.0,False
swin_cifar10_adaptive_blend_0_1,pre_residual,dropout,matched_sigma0.4,0.2,0.9650944347993826,0.9650944347993826,0.0,False
vit_cifar10_badnet_a2o_0_1,after_attention_residual,dropout,adaptive,0.2,0.6538169077932099,0.6538169077932099,0.0,False
swin_cifar10_blend_0_05,before_attention_norm,dropout,adaptive,0.8,0.9985449845679012,0.9985449845679013,1.1102230246251565e-16,False
vit_cifar10_badnet_a2a_0_05,before_attention,dropout,matched_sigma0.8,0.7,0.5010990234375,0.5010990234375,0.0,False
vit_cifar10_bpp_0_05,before_attention_norm,dropout,matched_sigma0.2,0.4,0.7822644772376542,0.7822644772376542,0.0,False
vit_cifar100_lf_0_005,post_residual,dropout,adaptive,0.07,0.6886922525299405,0.6886922525299405,0.0,False
vit_cifar100_badnet_a2o_0_1,both_sublayer_inputs,dropout,adaptive,0.3,0.6972162055063094,0.6972162055063094,0.0,False
vit_cifar100_adaptive_blend_0_1,post_residual,dropout,oracle,0.05,0.9222227002073914,0.9222227002073914,0.0,False
vit_cifar10_badnet_a2a_0_1,before_mlp_residual,dropout,matched_sigma0.8,0.5,0.4068720156249999,0.40687201562499997,5.551115123125783e-17,False
swin_tiny_tact_0_05_evade_l1,pre_residual,dropout,matched_sigma0.4,0.3,0.491830161238617,0.49183016123861706,5.551115123125783e-17,False
swin_cifar100_wanet_0_01_evade_l1,before_attention_norm,dropout,matched_sigma0.6,0.4,0.4771058494610096,0.4771058494610096,0.0,False
swin_cifar10_blend_0_01,after_embedding,dropout,adaptive,0.3,0.9944444444444444,0.9944444444444445,1.1102230246251565e-16,False
vit_cifar100_lc_0_05,both_sublayer_inputs,dropout,adaptive,0.3,0.6390709963609721,0.6390709963609721,0.0,False
vit_cifar10_lc_0_01,pre_residual,dropout,adaptive,0.5,0.6276526620370371,0.6276526620370371,0.0,False
vit_cifar100_blend_0_01,before_attention_norm,dropout,matched_sigma0.2,0.2,0.4758125519526204,0.4758125519526204,0.0,False
swin_cifar100_adaptive_blend_0_1,before_attention_norm,dropout,matched_sigma0.6,0.6,0.9604709466380992,0.9604709466380993,1.1102230246251565e-16,False
vit_cifar100_badnet_a2o_0_005,before_mlp_residual,dropout,adaptive,0.5,0.4728867799012645,0.47288677990126454,5.551115123125783e-17,False
swin_cifar100_badnet_a2o_0_01_evade_l1,pre_residual,dropout,adaptive,0.4,0.8517138548435306,0.8517138548435306,0.0,False
vit_tiny_tact_0_05_evade_l1,before_attention_norm,dropout,oracle,0.9,0.5085330679450744,0.5085330679450744,0.0,False
vit_cifar100_wanet_0_05,post_residual,dropout,adaptive,0.1,0.7520115855091746,0.7520115855091746,0.0,False
vit_tiny_blend_0_05,before_mlp_residual,dropout,matched_sigma0.4,0.3,0.9283324541100126,0.9283324541100126,0.0,False
vit_cifar10_lf_0_1,after_mlp_residual,dropout,adaptive,0.2,0.9017135223765432,0.9017135223765432,0.0,False
vit_cifar10_tact_0_01,before_mlp_residual,dropout,matched_sigma0.4,0.4,0.434859268904321,0.434859268904321,0.0,False
vit_cifar10_bpp_0_05,after_embedding,dropout,matched_sigma0.4,0.5,0.9264660976080248,0.9264660976080247,1.1102230246251565e-16,False
vit_cifar10_benign,pre_residual,dropout,adaptive,0.5,0.5029662808641975,0.5029662808641975,0.0,False
swin_cifar100_bpp_0_005,pre_residual,dropout,adaptive,0.3,0.9878352871974776,0.9878352871974777,1.1102230246251565e-16,False
vit_cifar10_sig_0_005,pre_residual,dropout,adaptive,0.5,0.6021783950617284,0.6021783950617284,0.0,False
vit_cifar100_bpp_0_05_evade_l1,before_attention_norm,dropout,matched_sigma0.2,0.2,0.7048838555897727,0.7048838555897727,0.0,False
swin_tiny_lc_0_05_evade_l1,before_attention_norm,dropout,matched_sigma0.8,0.6,0.5802748177890771,0.5802748177890771,0.0,False
vit_cifar100_badnet_a2a_0_01_evade_l1,before_attention_norm,dropout,matched_sigma0.6,0.5,0.7427916015625,0.7427916015625,0.0,False
vit_cifar10_bpp_0_1,pre_residual,dropout,matched_sigma0.2,0.2,0.809605256558642,0.809605256558642,0.0,False
vit_cifar100_badnet_a2a_0_05,post_residual,dropout,matched_sigma0.2,0.02,0.2784145078125,0.2784145078125,0.0,False
vit_cifar10_blend_0_01,after_embedding,dropout,adaptive,0.7,0.9944083912037036,0.9944083912037037,1.1102230246251565e-16,False
vit_cifar10_lf_0_1,before_mlp,dropout,matched_sigma0.6,0.5,0.8486296682098764,0.8486296682098764,0.0,False
vit_tiny_bpp_0_01,before_attention_norm,dropout,adaptive,0.5,0.9129257052268488,0.9129257052268489,1.1102230246251565e-16,False
vit_tiny_blend_0_01,before_attention_norm,dropout,oracle,0.6,0.9238921908503912,0.9238921908503911,1.1102230246251565e-16,False
swin_cifar100_wanet_0_05,before_attention_norm,dropout,adaptive,0.8,0.8097079479577907,0.8097079479577907,0.0,False
vit_cifar10_badnet_a2o_0_1,before_mlp,dropout,adaptive,0.7,0.8127333526234569,0.8127333526234569,0.0,False
vit_cifar100_bpp_0_1,post_residual,dropout,oracle,0.05,0.961523842436756,0.9615238424367559,1.1102230246251565e-16,False
swin_cifar10_adaptive_blend_0_1,post_residual,dropout,adaptive,0.07,0.9866478973765432,0.9866478973765433,1.1102230246251565e-16,False
vit_cifar100_blend_0_01_evade_l1,before_attention_norm,dropout,matched_sigma0.6,0.4,0.8170696866461364,0.8170696866461364,0.0,False
swin_cifar100_badnet_a2o_0_1_evade_l1,pre_residual,dropout,matched_sigma0.2,0.1,0.7799012725623522,0.7799012725623522,0.0,False
vit_cifar100_badnet_a2a_0_01_evade_l1,before_attention_norm,dropout,matched_sigma0.4,0.4,0.5930655703125,0.5930655703125,0.0,False
vit_gtsrb_wanet_0_1,before_attention_norm,dropout,matched_sigma0.6,0.5,0.8047978881528713,0.8047978881528713,0.0,False
vit_cifar10_benign,before_mlp_residual,dropout,matched_sigma0.2,0.3,0.4845775270061728,0.48457752700617285,5.551115123125783e-17,False
vit_cifar10_lf_0_1,before_attention_norm,dropout,adaptive,0.8,0.8287131365740741,0.8287131365740741,0.0,False
swin_cifar100_badnet_a2o_0_01_evade_l1,pre_residual,dropout,matched_sigma0.2,0.1,0.2720241638795653,0.27202416387956535,5.551115123125783e-17,False
swin_cifar100_wanet_0_01_evade_l1,before_attention_norm,dropout,matched_sigma0.4,0.3,0.4167685400271121,0.41676854002711217,5.551115123125783e-17,False
vit_gtsrb_badnet_a2o_0_05,before_attention_norm,dropout,oracle,0.5,0.9917100845117066,0.9917100845117066,0.0,False
vit_cifar10_badnet_a2a_0_01,after_attention_residual,dropout,adaptive,0.2,0.5409946484375,0.5409946484375,0.0,False
vit_cifar100_lc_0_05_evade_l1,before_attention_norm,dropout,matched_sigma0.4,0.3,0.4412114822324533,0.4412114822324533,0.0,False
vit_cifar10_lf_0_1,before_attention_norm,dropout,matched_sigma0.4,0.4,0.742024681712963,0.742024681712963,0.0,False
swin_cifar10_lf_0_1,before_mlp,dropout,matched_sigma0.4,0.5,0.9199192322530864,0.9199192322530864,0.0,False
swin_cifar100_wanet_0_05_evade_l1,before_attention_norm,dropout,matched_sigma0.2,0.2,0.2665001761849787,0.2665001761849787,0.0,False
vit_tiny_blend_0_05,before_attention_norm,dropout,adaptive,0.5,0.9390290949749204,0.9390290949749203,1.1102230246251565e-16,False
swin_cifar10_blend_0_01,pre_residual,dropout,matched_sigma0.2,0.2,0.9608375,0.9608375,0.0,False
swin_cifar100_bpp_0_05_evade_l1,before_attention_norm,dropout,oracle,0.8,0.8526380777440661,0.8526380777440661,0.0,False
swin_cifar100_badnet_a2o_0_1_evade_l1,before_attention_norm,dropout,matched_sigma0.8,0.7,0.0194730253415055,0.019473025341505548,4.85722573273506e-17,False
vit_cifar10_lc_0_01,post_residual,dropout,adaptive,0.09,0.6076083333333333,0.6076083333333333,0.0,False
vit_cifar10_badnet_a2a_0_01,pre_residual,dropout,adaptive,0.5,0.5141599921875,0.5141599921875,0.0,False
swin_cifar10_bpp_0_05,before_mlp,dropout,matched_sigma0.4,0.5,0.995656828703704,0.9956568287037039,1.1102230246251565e-16,False
vit_gtsrb_bpp_0_1,before_mlp_residual,dropout,matched_sigma0.4,0.2,0.9979301586668334,0.9979301586668334,0.0,False
swin_cifar10_badnet_a2a_0_1,after_embedding,dropout,matched_sigma0.4,0.4,0.449865015625,0.44986501562500003,5.551115123125783e-17,False
swin_cifar100_badnet_a2o_0_01,before_attention_norm,dropout,matched_sigma0.2,0.4,0.7035248408848117,0.7035248408848117,0.0,False
vit_cifar100_bpp_0_01,before_mlp_residual,dropout,matched_sigma0.4,0.3,0.6717063126100158,0.6717063126100158,0.0,False
vit_tiny_benign,pre_residual,dropout,oracle,0.6,0.5020781921975075,0.5020781921975075,0.0,False
vit_cifar10_wanet_0_05,before_attention_norm,dropout,matched_sigma0.2,0.3,0.3294152584876543,0.32941525848765435,5.551115123125783e-17,False
vit_cifar10_badnet_a2o_0_01,pre_residual,dropout,matched_sigma0.6,0.4,0.5916277199074074,0.5916277199074074,0.0,False
vit_cifar100_lc_0_01,both_sublayer_inputs,dropout,matched_sigma0.6,0.2,0.4291628879012598,0.4291628879012598,0.0,False
vit_cifar100_lf_0_05_evade_l1,before_attention_norm,dropout,matched_sigma0.4,0.3,0.7010398385562967,0.7010398385562967,0.0,False
vit_cifar100_blend_0_1_evade_l1,before_attention_norm,dropout,matched_sigma0.6,0.4,0.3455200769068383,0.3455200769068383,0.0,False
vit_cifar100_badnet_a2o_0_005,before_mlp_residual,dropout,matched_sigma0.6,0.4,0.4840233865107353,0.4840233865107353,0.0,False
vit_cifar100_blend_0_1_evade_l1,before_attention_norm,dropout,matched_sigma0.2,0.1,0.4941260845951277,0.49412608459512775,5.551115123125783e-17,False
vit_tiny_adaptive_blend_0_1,pre_residual,dropout,adaptive,0.4,0.8020688024492151,0.8020688024492151,0.0,False
vit_tiny_adaptive_blend_0_05,post_residual,dropout,adaptive,0.05,0.9558704799463756,0.9558704799463756,0.0,False
vit_cifar10_lc_0_05,both_sublayer_inputs,dropout,adaptive,0.5,0.6674797453703705,0.6674797453703705,0.0,False
vit_cifar10_badnet_a2o_0_1,before_mlp,dropout,matched_sigma0.4,0.4,0.5980864583333333,0.5980864583333333,0.0,False
vit_cifar100_bpp_0_1,before_attention_norm,dropout,adaptive,0.6,0.9255613077833854,0.9255613077833854,0.0,False
vit_cifar10_bpp_0_1,before_mlp_residual,dropout,oracle,0.4,0.9919462577160492,0.9919462577160493,1.1102230246251565e-16,False
swin_cifar10_blend_0_01,post_residual,dropout,matched_sigma0.2,0.05,0.9781500964506172,0.9781500964506172,0.0,False
vit_gtsrb_badnet_a2a_0_1,post_residual,dropout,oracle,0.9,0.5610396701148439,0.5610396701148439,0.0,False
swin_cifar100_adaptive_blend_0_05_evade_l1,before_attention_norm,dropout,matched_sigma0.4,0.3,0.0759326370800941,0.07593263708009412,2.7755575615628914e-17,False
vit_tiny_badnet_a2o_0_1,before_attention_norm,dropout,matched_sigma0.6,0.4,0.7879030142560154,0.7879030142560154,0.0,False
swin_cifar100_blend_0_01_evade_l1,before_attention_norm,dropout,matched_sigma0.4,0.5,0.1910524288984867,0.19105242889848673,2.7755575615628914e-17,False
vit_tiny_adaptive_blend_0_1_evade_l1,before_attention_norm,dropout,matched_sigma0.4,0.3,0.8087293433628097,0.8087293433628097,0.0,False
vit_cifar10_bpp_0_05,pre_residual,dropout,adaptive,0.5,0.9881228973765432,0.9881228973765432,0.0,False
vit_cifar100_adaptive_blend_0_1,before_attention_norm,dropout,matched_sigma0.6,0.4,0.8342105735728917,0.8342105735728917,0.0,False
vit_gtsrb_adaptive_blend_0_05,post_residual,dropout,matched_sigma0.2,0.03,0.9082436655006711,0.9082436655006711,0.0,False
vit_cifar10_bpp_0_1,after_attention_residual,dropout,adaptive,0.2,0.9139555169753087,0.9139555169753087,0.0,False
vit_gtsrb_bpp_0_01,before_attention_norm,dropout,matched_sigma0.4,0.4,0.827641169125617,0.827641169125617,0.0,False
vit_cifar100_lf_0_1,before_attention_norm,dropout,matched_sigma0.8,0.5,0.8873774935761322,0.8873774935761322,0.0,False
vit_cifar10_bpp_0_01,after_embedding,dropout,matched_sigma0.4,0.4,0.8670947723765431,0.8670947723765431,0.0,False
vit_cifar10_lc_0_005,pre_residual,dropout,matched_sigma0.2,0.3,0.4230612847222222,0.42306128472222226,5.551115123125783e-17,False
swin_tiny_adaptive_blend_0_05_evade_l1,before_attention_norm,dropout,adaptive,0.6,0.438624134453618,0.43862413445361803,5.551115123125783e-17,False
swin_cifar10_bpp_0_05,post_residual,dropout,adaptive,0.09,0.9993030864197532,0.9993030864197531,1.1102230246251565e-16,False
swin_tiny_sig_0_05_evade_l1,before_attention_norm,dropout,oracle,0.9,0.6386593586388313,0.6386593586388313,0.0,False
vit_gtsrb_wanet_0_1,both_sublayer_inputs,dropout,oracle,0.9,0.9788937143450764,0.9788937143450765,1.1102230246251565e-16,False
vit_cifar10_bpp_0_1,before_mlp_norm,dropout,matched_sigma0.4,0.4,0.9452323591820988,0.9452323591820987,1.1102230246251565e-16,False
vit_tiny_lf_0_05,pre_residual,dropout,adaptive,0.3,0.921298564932943,0.921298564932943,0.0,False
vit_tiny_wanet_0_1_evade_l1,before_attention_norm,dropout,matched_sigma0.8,0.5,0.6126162492435752,0.6126162492435752,0.0,False
swin_tiny_adaptive_blend_0_01_evade_l1,pre_residual,dropout,matched_sigma0.6,0.4,0.584377283748832,0.584377283748832,0.0,False
vit_cifar100_benign,pre_residual,dropout,oracle,0.7,0.5119302091992103,0.5119302091992103,0.0,False
swin_cifar10_adaptive_blend_0_1,post_residual,dropout,matched_sigma0.2,0.03,0.9148386091820988,0.9148386091820988,0.0,False
vit_cifar10_badnet_a2o_0_1,before_attention_residual,dropout,adaptive,0.8,0.7776413580246913,0.7776413580246913,0.0,False
vit_cifar100_badnet_a2o_0_1,post_residual,dropout,adaptive,0.07,0.3028941585201898,0.30289415852018986,5.551115123125783e-17,False
vit_cifar10_badnet_a2a_0_01,before_mlp_residual,dropout,matched_sigma0.6,0.5,0.38266034375,0.38266034375,0.0,False
swin_cifar100_bpp_0_1_evade_l1,pre_residual,dropout,matched_sigma0.6,0.2,0.9522846861932032,0.9522846861932031,1.1102230246251565e-16,False
swin_cifar10_bpp_0_005,before_attention_norm,dropout,matched_sigma0.4,0.7,0.9850637442129628,0.9850637442129629,1.1102230246251565e-16,False
vit_tiny_adaptive_blend_0_05_evade_l1,before_attention_norm,dropout,matched_sigma0.8,0.5,0.8932659276328563,0.8932659276328563,0.0,False
swin_cifar10_adaptive_blend_0_05,before_mlp_residual,dropout,matched_sigma0.2,0.5,0.3919103105709876,0.39191031057098763,5.551115123125783e-17,False
vit_cifar10_sig_0_1,post_residual,dropout,adaptive,0.09,0.9003919174382716,0.9003919174382716,0.0,False
vit_cifar100_benign,pre_residual,dropout,matched_sigma0.4,0.2,0.487309278264121,0.48730927826412107,5.551115123125783e-17,False
vit_tiny_adaptive_blend_0_1_evade_l1,before_attention_norm,dropout,matched_sigma0.6,0.4,0.8832322127849569,0.8832322127849569,0.0,False
vit_cifar10_adaptive_blend_0_01,post_residual,dropout,matched_sigma0.2,0.05,0.571993393132716,0.571993393132716,0.0,False
swin_cifar10_bpp_0_1,post_residual,dropout,adaptive,0.09,0.9983182677469136,0.9983182677469136,0.0,False
vit_cifar100_lf_0_01_evade_l1,before_attention_norm,dropout,matched_sigma0.6,0.4,0.6343525271869583,0.6343525271869583,0.0,False
swin_cifar100_badnet_a2o_0_1,before_attention_norm,dropout,adaptive,0.8,0.997791793650876,0.9977917936508759,1.1102230246251565e-16,False
vit_tiny_blend_0_05,before_mlp_residual,dropout,oracle,0.4,0.9592219633726884,0.9592219633726883,1.1102230246251565e-16,False
vit_cifar100_bpp_0_05,pre_residual,dropout,oracle,0.3,0.9000993020840109,0.9000993020840109,0.0,False
swin_cifar100_bpp_0_005,before_attention_norm,dropout,matched_sigma0.4,0.6,0.8773745445229217,0.8773745445229217,0.0,False
swin_cifar10_badnet_a2a_0_01,after_embedding,dropout,matched_sigma0.6,0.6,0.4162085703124999,0.4162085703124999,0.0,False
swin_cifar100_lc_0_05_evade_l1,pre_residual,dropout,matched_sigma0.2,0.1,0.4424390625442707,0.4424390625442707,0.0,False
vit_cifar100_tact_0_01_evade_l1,before_attention_norm,dropout,adaptive,0.6,0.5500971750943477,0.5500971750943477,0.0,False
vit_tiny_badnet_a2a_0_05_evade_l1,before_attention_norm,dropout,matched_sigma0.4,0.3,0.525927765625,0.525927765625,0.0,False
swin_cifar10_badnet_a2o_0_1,before_attention,dropout,matched_sigma0.2,0.7,0.9722697337962966,0.9722697337962966,0.0,False
vit_tiny_wanet_0_1_evade_l1,before_attention_norm,dropout,matched_sigma0.2,0.1,0.5976795324056899,0.5976795324056899,0.0,False
vit_cifar10_badnet_a2o_0_05,before_attention_norm,dropout,oracle,0.6,0.8910542920524691,0.8910542920524691,0.0,False
swin_cifar10_blend_0_01,before_mlp,dropout,oracle,0.5,0.9738366801697532,0.9738366801697531,1.1102230246251565e-16,False
vit_tiny_badnet_a2o_0_05,post_residual,dropout,matched_sigma0.2,0.02,0.7507523283236941,0.7507523283236941,0.0,False
swin_cifar10_sig_0_1,pre_residual,dropout,matched_sigma0.6,0.4,0.7372544174382716,0.7372544174382716,0.0,False
vit_cifar100_badnet_a2o_0_01,both_sublayer_inputs,dropout,adaptive,0.3,0.7451356863771699,0.7451356863771699,0.0,False
vit_cifar100_bpp_0_1,before_mlp_residual,dropout,matched_sigma0.2,0.2,0.702780011405134,0.702780011405134,0.0,False
vit_cifar10_bpp_0_01,after_mlp_residual,dropout,adaptive,0.2,0.9455437789351852,0.9455437789351853,1.1102230246251565e-16,False
vit_tiny_benign,before_mlp_residual,dropout,adaptive,0.5,0.5024383667135885,0.5024383667135885,0.0,False
swin_tiny_bpp_0_1_evade_l1,pre_residual,dropout,adaptive,0.4,0.9953190336686096,0.9953190336686095,1.1102230246251565e-16,False
vit_gtsrb_blend_0_1,before_attention_norm,dropout,matched_sigma0.2,0.2,0.8245764226462589,0.8245764226462589,0.0,False
swin_cifar10_lf_0_05,before_mlp,dropout,matched_sigma0.2,0.4,0.80776768904321,0.80776768904321,0.0,False
swin_cifar10_wanet_0_05,pre_residual,dropout,matched_sigma0.2,0.2,0.0302310474537037,0.030231047453703704,3.469446951953614e-18,False
vit_cifar10_blend_0_05,pre_residual,dropout,oracle,0.4,0.9796822241512346,0.9796822241512346,0.0,False
swin_cifar100_lf_0_1_evade_l1,pre_residual,dropout,matched_sigma0.6,0.3,0.8317532181193981,0.8317532181193981,0.0,False
swin_cifar10_bpp_0_1,after_embedding,dropout,matched_sigma0.4,0.2,0.98569659529321,0.9856965952932099,1.1102230246251565e-16,False
swin_cifar10_lf_0_1,before_mlp_residual,dropout,oracle,0.6,0.864155787037037,0.864155787037037,0.0,False
vit_cifar10_badnet_a2a_0_01,after_embedding,dropout,matched_sigma0.4,0.4,0.3634242109375,0.3634242109375,0.0,False
vit_tiny_benign,pre_residual,dropout,matched_sigma0.2,0.1,0.5006849717189085,0.5006849717189085,0.0,False
vit_cifar10_badnet_a2o_0_1,before_mlp_norm,dropout,matched_sigma0.6,0.5,0.7619874035493827,0.7619874035493827,0.0,False
vit_tiny_sig_0_01_evade_l1,before_attention_norm,dropout,matched_sigma0.4,0.3,0.4756778840218009,0.47567788402180095,5.551115123125783e-17,False
swin_cifar10_badnet_a2o_0_01,before_attention_norm,dropout,matched_sigma0.2,0.5,0.8948329089506173,0.8948329089506173,0.0,False
swin_tiny_badnet_a2a_0_01_evade_l1,pre_residual,dropout,matched_sigma0.4,0.3,0.4653606953124999,0.46536069531249996,5.551115123125783e-17,False
swin_tiny_bpp_0_01_evade_l1,before_attention_norm,dropout,adaptive,0.6,0.8979271136101608,0.8979271136101608,0.0,False
vit_gtsrb_wanet_0_05,pre_residual,dropout,matched_sigma0.2,0.2,0.4620296815692239,0.46202968156922397,5.551115123125783e-17,False
vit_cifar10_lf_0_05,before_mlp_norm,dropout,matched_sigma0.6,0.5,0.8816617091049384,0.8816617091049384,0.0,False
swin_cifar100_wanet_0_05,post_residual,dropout,adaptive,0.07,0.2405868416358426,0.2405868416358426,0.0,False
vit_tiny_badnet_a2o_0_01_evade_l1,before_attention_norm,dropout,matched_sigma0.8,0.5,0.5881481248895248,0.5881481248895248,0.0,False
vit_cifar100_badnet_a2o_0_01,before_mlp_residual,dropout,matched_sigma0.2,0.2,0.7345579951865385,0.7345579951865385,0.0,False
swin_cifar100_blend_0_1,before_attention_norm,dropout,matched_sigma0.4,0.6,0.9664352970143528,0.9664352970143529,1.1102230246251565e-16,False
vit_gtsrb_wanet_0_1,before_attention_norm,dropout,matched_sigma0.2,0.3,0.4597681857782579,0.45976818577825795,5.551115123125783e-17,False
vit_gtsrb_blend_0_01,before_mlp_residual,dropout,matched_sigma0.2,0.2,0.978719866905564,0.9787198669055641,1.1102230246251565e-16,False
vit_cifar10_tact_0_01,before_mlp_residual,dropout,matched_sigma0.6,0.5,0.483014486882716,0.48301448688271603,5.551115123125783e-17,False
vit_cifar10_badnet_a2a_0_05,post_residual,dropout,matched_sigma0.2,0.03,0.2753224374999999,0.27532243749999996,5.551115123125783e-17,False
swin_cifar100_badnet_a2a_0_1,post_residual,dropout,matched_sigma0.4,0.05,0.3032536328124999,0.30325363281249995,5.551115123125783e-17,False
vit_cifar10_lf_0_05,before_attention_residual,dropout,adaptive,0.7,0.8689777295524691,0.8689777295524691,0.0,False
vit_cifar100_blend_0_005,pre_residual,dropout,matched_sigma0.2,0.1,0.334148072799713,0.334148072799713,0.0,False
vit_tiny_tact_0_05_evade_l1,before_attention_norm,dropout,matched_sigma0.4,0.2,0.5010250580461831,0.5010250580461831,0.0,False
vit_cifar10_sig_0_01,before_mlp_residual,dropout,matched_sigma0.4,0.4,0.4795768132716049,0.4795768132716049,0.0,False
vit_cifar10_badnet_a2o_0_05,before_mlp_norm,dropout,matched_sigma0.2,0.3,0.4638958333333333,0.46389583333333334,5.551115123125783e-17,False
vit_gtsrb_bpp_0_1,post_residual,dropout,matched_sigma0.6,0.03,0.9979401502585248,0.9979401502585248,0.0,False
vit_cifar10_lc_0_005,post_residual,dropout,oracle,0.6,0.5994354456018518,0.5994354456018518,0.0,False
vit_cifar100_blend_0_1,both_sublayer_inputs,dropout,adaptive,0.3,0.9647724380449414,0.9647724380449414,0.0,False
vit_cifar10_lf_0_01,post_residual,dropout,oracle,0.07,0.9170612461419752,0.9170612461419752,0.0,False
swin_cifar100_bpp_0_005,pre_residual,dropout,matched_sigma0.4,0.2,0.9145634782705858,0.9145634782705858,0.0,False
vit_gtsrb_badnet_a2a_0_1,pre_residual,dropout,adaptive,0.2,0.4914790538501499,0.4914790538501499,0.0,False
swin_tiny_badnet_a2o_0_01_evade_l1,before_attention_norm,dropout,matched_sigma0.4,0.4,0.0525577821161951,0.05255778211619511,1.3877787807814457e-17,False
vit_cifar100_wanet_0_1,both_sublayer_inputs,dropout,oracle,0.9,0.8036284847413432,0.8036284847413432,0.0,False
vit_cifar10_blend_0_01,before_attention_residual,dropout,oracle,0.7,0.9656674961419752,0.9656674961419753,1.1102230246251565e-16,False
vit_cifar10_benign,before_mlp,dropout,matched_sigma0.4,0.4,0.4882151523919752,0.48821515239197527,5.551115123125783e-17,False
vit_cifar10_lc_0_05,both_sublayer_inputs,dropout,matched_sigma0.4,0.3,0.4588607156635802,0.4588607156635802,0.0,False
swin_tiny_adaptive_blend_0_1_evade_l1,before_attention_norm,dropout,matched_sigma0.8,0.6,0.2656232079974008,0.2656232079974008,0.0,False
vit_cifar100_wanet_0_05,both_sublayer_inputs,dropout,matched_sigma0.6,0.2,0.4330102251137221,0.4330102251137221,0.0,False
swin_tiny_adaptive_blend_0_05_evade_l1,pre_residual,dropout,matched_sigma0.4,0.3,0.7638755513576372,0.7638755513576372,0.0,False
swin_cifar10_blend_0_1,before_attention_norm,dropout,matched_sigma0.2,0.6,0.9949118055555556,0.9949118055555557,1.1102230246251565e-16,False
vit_cifar100_lc_0_1,pre_residual,dropout,matched_sigma0.2,0.1,0.4120717876969012,0.4120717876969012,0.0,False
vit_gtsrb_blend_0_05,post_residual,dropout,adaptive,0.1,0.8211429256617355,0.8211429256617355,0.0,False
vit_cifar100_lf_0_1,before_mlp_residual,dropout,matched_sigma0.4,0.3,0.8880222228518501,0.8880222228518501,0.0,False
vit_tiny_badnet_a2o_0_05,before_attention_norm,dropout,matched_sigma0.4,0.3,0.6358513534648085,0.6358513534648085,0.0,False
swin_cifar10_adaptive_blend_0_1,before_mlp,dropout,oracle,0.7,0.9903832079475308,0.9903832079475309,1.1102230246251565e-16,False
vit_cifar100_bpp_0_1,before_mlp_residual,dropout,adaptive,0.5,0.9297568886730416,0.9297568886730417,1.1102230246251565e-16,False
vit_tiny_bpp_0_05,before_mlp_residual,dropout,matched_sigma0.2,0.2,0.9169270356411514,0.9169270356411514,0.0,False
vit_tiny_sig_0_05_evade_l1,before_attention_norm,dropout,matched_sigma0.6,0.4,0.5404076325266753,0.5404076325266753,0.0,False
vit_cifar10_bpp_0_05,before_mlp,dropout,matched_sigma0.4,0.4,0.8565191068672839,0.8565191068672839,0.0,False
vit_cifar100_lf_0_01_evade_l1,before_attention_norm,dropout,adaptive,0.6,0.7349581805099906,0.7349581805099906,0.0,False
vit_cifar100_badnet_a2o_0_1,before_attention_residual_droppath,droppath,matched_sigma0.8,0.4,0.7433328291875658,0.7433328291875658,0.0,False
vit_cifar100_lf_0_01,pre_residual_droppath,droppath,matched_sigma0.2,0.05,0.6233706281483338,0.6233706281483338,0.0,False
vit_tiny_blend_0_05,pre_residual_droppath,droppath,matched_sigma0.2,0.05,0.6594760422577192,0.6594760422577192,0.0,False
vit_cifar100_adaptive_blend_0_1,before_mlp_residual_droppath,droppath,matched_sigma0.6,0.3,0.7155099288116913,0.7155099288116913,0.0,False
vit_gtsrb_badnet_a2a_0_1,pre_residual_droppath,droppath,matched_sigma0.4,0.1,0.3824515141565831,0.3824515141565831,0.0,False
vit_cifar10_adaptive_blend_0_05,pre_residual_droppath,droppath,matched_sigma0.2,0.1,0.5527124807098764,0.5527124807098764,0.0,False
vit_gtsrb_adaptive_blend_0_05,before_mlp_residual_droppath,droppath,oracle,0.7,0.9744083520984004,0.9744083520984004,0.0,False
vit_tiny_blend_0_05,before_mlp_residual_droppath,droppath,oracle,0.3,0.601055208483748,0.601055208483748,0.0,False
vit_cifar100_badnet_a2o_0_01,before_attention_residual_droppath,droppath,adaptive,0.5,0.7037405248197346,0.7037405248197346,0.0,False
vit_cifar100_lf_0_01,before_attention_residual_droppath,droppath,adaptive,0.5,0.7842056292198099,0.7842056292198099,0.0,False
vit_cifar100_adaptive_blend_0_01,before_mlp_residual_droppath,droppath,oracle,0.7,0.7642755924145084,0.7642755924145084,0.0,False
vit_tiny_badnet_a2a_0_05,before_attention_residual_droppath,droppath,adaptive,0.5,0.6157112734375,0.6157112734375,0.0,False
vit_cifar100_lc_0_01,before_attention_residual_droppath,droppath,matched_sigma0.4,0.2,0.5325544347734477,0.5325544347734477,0.0,False
vit_tiny_lf_0_01,before_mlp_residual_droppath,droppath,oracle,0.3,0.6833886038734038,0.6833886038734038,0.0,False
vit_cifar100_adaptive_blend_0_01,before_attention_residual_droppath,droppath,matched_sigma0.2,0.15,0.5542751255143383,0.5542751255143383,0.0,False
vit_tiny_badnet_a2o_0_01,before_attention_residual_droppath,droppath,matched_sigma0.8,0.4,0.7828824509756237,0.7828824509756237,0.0,False
vit_cifar100_lc_0_1,before_mlp_residual_droppath,droppath,matched_sigma0.8,0.4,0.6175260915387712,0.6175260915387712,0.0,False
vit_cifar100_bpp_0_01,before_attention_residual_droppath,droppath,matched_sigma0.2,0.1,0.5325139301860538,0.5325139301860538,0.0,False
vit_gtsrb_bpp_0_1,before_mlp_residual_droppath,droppath,oracle,0.5,0.9551785776270352,0.9551785776270353,1.1102230246251565e-16,False
vit_cifar100_badnet_a2o_0_1,before_attention_residual_droppath,droppath,oracle,0.3,0.7733473509800314,0.7733473509800314,0.0,False
vit_tiny_bpp_0_01,before_attention_residual_droppath,droppath,matched_sigma0.6,0.3,0.8369742208628241,0.8369742208628241,0.0,False
vit_gtsrb_badnet_a2o_0_05,before_attention_residual_droppath,droppath,matched_sigma0.2,0.3,0.9575596507854696,0.9575596507854696,0.0,False
vit_gtsrb_adaptive_blend_0_1,pre_residual_droppath,droppath,oracle,0.5,0.9806634191670044,0.9806634191670044,0.0,False
vit_gtsrb_bpp_0_05,before_attention_residual_droppath,droppath,matched_sigma0.8,0.5,0.940793098587768,0.940793098587768,0.0,False
vit_cifar100_bpp_0_05,before_mlp_residual_droppath,droppath,matched_sigma0.4,0.2,0.5657187050184584,0.5657187050184584,0.0,False
vit_tiny_wanet_0_05,before_mlp_residual_droppath,droppath,matched_sigma0.4,0.15,0.6911128005712023,0.6911128005712023,0.0,False
vit_cifar100_badnet_a2a_0_05,before_attention_residual_droppath,droppath,adaptive,0.5,0.6159233515625001,0.6159233515625001,0.0,False
vit_tiny_badnet_a2a_0_05,pre_residual_droppath,droppath,matched_sigma0.8,0.2,0.5061430312499999,0.5061430312499999,0.0,False
vit_cifar100_badnet_a2a_0_1,pre_residual_droppath,droppath,matched_sigma0.4,0.1,0.416503671875,0.41650367187500004,5.551115123125783e-17,False
vit_gtsrb_lf_0_01,pre_residual_droppath,droppath,matched_sigma0.4,0.2,0.7161042580231498,0.7161042580231498,0.0,False
vit_gtsrb_lf_0_05,before_mlp_residual_droppath,droppath,adaptive,0.5,0.8719220624747239,0.8719220624747239,0.0,False
vit_cifar100_lc_0_05,pre_residual_droppath,droppath,matched_sigma0.2,0.05,0.4518245301368097,0.4518245301368097,0.0,False
vit_cifar10_sig_0_05,before_attention_residual_droppath,droppath,matched_sigma0.4,0.4,0.5607488329475309,0.5607488329475309,0.0,False
vit_cifar100_wanet_0_1,pre_residual_droppath,droppath,adaptive,0.3,0.7607640402268417,0.7607640402268417,0.0,False
vit_cifar100_lc_0_1,before_mlp_residual_droppath,droppath,oracle,0.7,0.6864399340912546,0.6864399340912546,0.0,False
vit_cifar100_adaptive_blend_0_01,before_mlp_residual_droppath,droppath,adaptive,0.5,0.7528920634553246,0.7528920634553246,0.0,False
vit_cifar100_blend_0_1,before_attention_residual_droppath,droppath,matched_sigma0.2,0.1,0.806298275781569,0.806298275781569,0.0,False
vit_cifar100_lf_0_01,before_mlp_residual_droppath,droppath,oracle,0.4,0.6648069487515209,0.6648069487515209,0.0,False
vit_cifar10_adaptive_blend_0_01,before_mlp_residual_droppath,droppath,matched_sigma0.6,0.4,0.6262934027777778,0.6262934027777778,0.0,False
vit_cifar10_sig_0_05,pre_residual_droppath,droppath,matched_sigma0.2,0.1,0.4328677276234567,0.43286772762345677,5.551115123125783e-17,False
vit_gtsrb_bpp_0_05,before_attention_residual_droppath,droppath,matched_sigma0.4,0.4,0.8909893395257606,0.8909893395257606,0.0,False
vit_cifar100_badnet_a2o_0_05,before_attention_residual_droppath,droppath,matched_sigma0.4,0.2,0.8271256388451365,0.8271256388451365,0.0,False
vit_gtsrb_lf_0_01,before_mlp_residual_droppath,droppath,matched_sigma0.6,0.3,0.6695812443488969,0.6695812443488969,0.0,False
vit_cifar100_lc_0_05,before_attention_residual_droppath,droppath,matched_sigma0.6,0.3,0.5529449309207232,0.5529449309207232,0.0,False
vit_gtsrb_badnet_a2a_0_05,pre_residual_droppath,droppath,oracle,0.7,0.7242884141069356,0.7242884141069356,0.0,False
vit_gtsrb_blend_0_05,before_mlp_residual_droppath,droppath,matched_sigma0.8,0.4,0.6405507506545207,0.6405507506545207,0.0,False
vit_tiny_lf_0_1,before_mlp_residual_droppath,droppath,adaptive,0.4,0.6828805108275654,0.6828805108275654,0.0,False
vit_tiny_badnet_a2o_0_05,before_mlp_residual_droppath,droppath,matched_sigma0.2,0.1,0.7023857396055146,0.7023857396055146,0.0,False
vit_tiny_blend_0_01,before_mlp_residual_droppath,droppath,adaptive,0.4,0.5379524138354437,0.5379524138354437,0.0,False
vit_cifar100_lc_0_1,before_attention_residual_droppath,droppath,matched_sigma0.2,0.15,0.5536695280597026,0.5536695280597026,0.0,False
vit_gtsrb_lf_0_01,before_mlp_residual_droppath,droppath,matched_sigma0.4,0.2,0.6103082804627991,0.6103082804627991,0.0,False
vit_tiny_lf_0_05,pre_residual_droppath,droppath,matched_sigma0.6,0.15,0.8322170535983345,0.8322170535983345,0.0,False
vit_gtsrb_lf_0_1,pre_residual_droppath,droppath,adaptive,0.4,0.9116949158813435,0.9116949158813435,0.0,False
vit_tiny_bpp_0_1,before_attention_residual_droppath,droppath,matched_sigma0.2,0.1,0.8621712031164365,0.8621712031164365,0.0,False
vit_tiny_lc_0_05,before_mlp_residual_droppath,droppath,oracle,0.5,0.6850967787369749,0.6850967787369749,0.0,False
vit_cifar100_adaptive_blend_0_01,pre_residual_droppath,droppath,matched_sigma0.4,0.1,0.5725608356954358,0.5725608356954358,0.0,False
vit_cifar100_lf_0_1,before_attention_residual_droppath,droppath,adaptive,0.5,0.7858306094164585,0.7858306094164585,0.0,False
vit_cifar100_adaptive_blend_0_1,before_mlp_residual_droppath,droppath,matched_sigma0.4,0.2,0.6916705967423138,0.6916705967423138,0.0,False
vit_tiny_lc_0_1,pre_residual_droppath,droppath,adaptive,0.3,0.6401052741070066,0.6401052741070066,0.0,False
vit_tiny_bpp_0_01,before_attention_residual_droppath,droppath,matched_sigma0.4,0.2,0.7912981470670432,0.7912981470670432,0.0,False
vit_cifar100_wanet_0_1,before_mlp_residual_droppath,droppath,matched_sigma0.4,0.2,0.6340427848160872,0.6340427848160872,0.0,False
vit_cifar100_blend_0_05,before_attention_residual_droppath,droppath,matched_sigma0.4,0.2,0.7982728045815277,0.7982728045815277,0.0,False
vit_cifar10_wanet_0_05,pre_residual_droppath,droppath,oracle,0.5,0.9082478491512346,0.9082478491512346,0.0,False
vit_cifar100_badnet_a2o_0_01,before_mlp_residual_droppath,droppath,oracle,0.3,0.7323724714063552,0.7323724714063552,0.0,False
vit_tiny_wanet_0_05,before_attention_residual_droppath,droppath,oracle,0.5,0.7749030908673947,0.7749030908673947,0.0,False
vit_gtsrb_blend_0_01,before_mlp_residual_droppath,droppath,matched_sigma0.2,0.1,0.5889432903351709,0.5889432903351709,0.0,False
vit_tiny_lc_0_05,before_attention_residual_droppath,droppath,adaptive,0.5,0.693271037689215,0.693271037689215,0.0,False
vit_gtsrb_blend_0_1,before_attention_residual_droppath,droppath,oracle,0.4,0.9350968054754352,0.9350968054754352,0.0,False
vit_gtsrb_badnet_a2a_0_05,pre_residual_droppath,droppath,matched_sigma0.6,0.2,0.3573534583692119,0.3573534583692119,0.0,False
vit_gtsrb_wanet_0_1,pre_residual_droppath,droppath,matched_sigma0.2,0.1,0.5771004434872535,0.5771004434872535,0.0,False
vit_cifar100_lc_0_1,pre_residual_droppath,droppath,matched_sigma0.2,0.05,0.5093754192623856,0.5093754192623856,0.0,False
vit_cifar100_adaptive_blend_0_05,before_mlp_residual_droppath,droppath,matched_sigma0.4,0.2,0.7133740800171117,0.7133740800171117,0.0,False
vit_cifar100_bpp_0_05,pre_residual_droppath,droppath,matched_sigma0.6,0.2,0.7335048679330968,0.7335048679330968,0.0,False
vit_tiny_bpp_0_05,before_attention_residual_droppath,droppath,adaptive,0.5,0.8462349785141627,0.8462349785141627,0.0,False
vit_tiny_bpp_0_01,before_attention_residual_droppath,droppath,matched_sigma0.2,0.1,0.7463871609494578,0.7463871609494578,0.0,False
vit_cifar10_sig_0_05,pre_residual_droppath,droppath,adaptive,0.5,0.7240978395061728,0.7240978395061728,0.0,False
vit_tiny_adaptive_blend_0_1,before_attention_residual_droppath,droppath,adaptive,0.5,0.8444901160664767,0.8444901160664767,0.0,False
vit_cifar100_lc_0_01,before_attention_residual_droppath,droppath,adaptive,0.5,0.7198199521207842,0.7198199521207842,0.0,False
vit_cifar10_adaptive_blend_0_01,before_attention_residual_droppath,droppath,matched_sigma0.2,0.2,0.5018921006944445,0.5018921006944445,0.0,False
vit_tiny_blend_0_01,before_attention_residual_droppath,droppath,matched_sigma0.8,0.4,0.8318840553628273,0.8318840553628273,0.0,False
vit_gtsrb_lf_0_1,pre_residual_droppath,droppath,matched_sigma0.4,0.15,0.7763523672976312,0.7763523672976312,0.0,False
vit_cifar10_wanet_0_05,before_attention_residual_droppath,droppath,matched_sigma0.2,0.2,0.3811806520061728,0.38118065200617285,5.551115123125783e-17,False
vit_gtsrb_badnet_a2o_0_01,pre_residual_droppath,droppath,oracle,0.3,0.7029290797894194,0.7029290797894194,0.0,False
vit_gtsrb_adaptive_blend_0_05,before_attention_residual_droppath,droppath,matched_sigma0.4,0.4,0.937406565659003,0.937406565659003,0.0,False
vit_cifar100_blend_0_01,before_mlp_residual_droppath,droppath,oracle,0.3,0.5005598731627778,0.5005598731627778,0.0,False
vit_tiny_adaptive_blend_0_05,before_mlp_residual_droppath,droppath,matched_sigma0.2,0.05,0.5963131330137567,0.5963131330137567,0.0,False
vit_gtsrb_lf_0_01,before_mlp_residual_droppath,droppath,matched_sigma0.8,0.4,0.749704877158653,0.749704877158653,0.0,False
vit_gtsrb_bpp_0_1,before_attention_residual_droppath,droppath,matched_sigma0.4,0.2,0.95616746368825,0.95616746368825,0.0,False
vit_tiny_benign,pre_residual_droppath,droppath,matched_sigma0.6,0.15,0.4986222028302134,0.4986222028302134,0.0,False
vit_gtsrb_adaptive_blend_0_1,before_attention_residual_droppath,droppath,matched_sigma0.2,0.2,0.8033195079375242,0.8033195079375242,0.0,False
vit_tiny_lc_0_1,pre_residual_droppath,droppath,matched_sigma0.6,0.15,0.6105770889099764,0.6105770889099764,0.0,False
vit_cifar100_lc_0_1,pre_residual_droppath,droppath,matched_sigma0.4,0.1,0.5585956121759583,0.5585956121759583,0.0,False
vit_gtsrb_lf_0_1,pre_residual_droppath,droppath,matched_sigma0.2,0.1,0.744921728837782,0.744921728837782,0.0,False
vit_gtsrb_blend_0_05,before_mlp_residual_droppath,droppath,matched_sigma0.2,0.15,0.6194140701844433,0.6194140701844433,0.0,False
vit_tiny_badnet_a2o_0_1,pre_residual_droppath,droppath,matched_sigma0.2,0.05,0.7756365820741591,0.7756365820741591,0.0,False
vit_tiny_lf_0_01,before_mlp_residual_droppath,droppath,matched_sigma0.4,0.15,0.6533783810769986,0.6533783810769986,0.0,False
vit_gtsrb_badnet_a2o_0_01,before_attention_residual_droppath,droppath,adaptive,0.7,0.4308660590134506,0.4308660590134506,0.0,False
vit_tiny_adaptive_blend_0_05,pre_residual_droppath,droppath,matched_sigma0.2,0.05,0.656712531040593,0.656712531040593,0.0,False
vit_tiny_blend_0_01,before_attention_residual_droppath,droppath,adaptive,0.5,0.7452353460372461,0.7452353460372461,0.0,False
vit_cifar100_lc_0_1,before_mlp_residual_droppath,droppath,adaptive,0.5,0.6696020214782059,0.6696020214782059,0.0,False
vit_gtsrb_benign,pre_residual_droppath,droppath,matched_sigma0.6,0.3,0.4985523318641225,0.4985523318641225,0.0,False
vit_cifar100_wanet_0_05,pre_residual_droppath,droppath,oracle,0.5,0.7573297300878052,0.7573297300878052,0.0,False
vit_cifar100_lc_0_01,before_attention_residual_droppath,droppath,matched_sigma0.8,0.4,0.6499457238528921,0.6499457238528921,0.0,False
vit_gtsrb_bpp_0_01,before_mlp_residual_droppath,droppath,matched_sigma0.4,0.2,0.5574730519264987,0.5574730519264987,0.0,False
vit_tiny_wanet_0_05,pre_residual_droppath,droppath,matched_sigma0.4,0.1,0.6742812189516125,0.6742812189516125,0.0,False
vit_tiny_blend_0_05,pre_residual_droppath,droppath,matched_sigma0.6,0.15,0.7247174831067015,0.7247174831067015,0.0,False
vit_gtsrb_blend_0_05,before_attention_residual_droppath,droppath,matched_sigma0.6,0.5,0.8012570664593849,0.8012570664593849,0.0,False
vit_tiny_adaptive_blend_0_05,before_attention_residual_droppath,droppath,oracle,0.4,0.9299619653627214,0.9299619653627214,0.0,False
vit_tiny_lf_0_05,pre_residual_droppath,droppath,matched_sigma0.2,0.05,0.7677585706277276,0.7677585706277276,0.0,False
vit_tiny_badnet_a2a_0_05,before_mlp_residual_droppath,droppath,adaptive,0.4,0.554568578125,0.554568578125,0.0,False
vit_cifar100_wanet_0_05,before_attention_residual_droppath,droppath,matched_sigma0.4,0.2,0.486736587294968,0.486736587294968,0.0,False
vit_gtsrb_adaptive_blend_0_1,pre_residual_droppath,droppath,matched_sigma0.6,0.2,0.8843767155732738,0.8843767155732738,0.0,False
vit_gtsrb_lf_0_05,before_mlp_residual_droppath,droppath,matched_sigma0.6,0.3,0.7845125484918399,0.7845125484918399,0.0,False
vit_cifar100_badnet_a2o_0_05,before_attention_residual_droppath,droppath,adaptive,0.5,0.770601507089899,0.770601507089899,0.0,False
vit_cifar10_wanet_0_05,before_attention_residual_droppath,droppath,matched_sigma0.8,0.5,0.8609733121141975,0.8609733121141975,0.0,False
vit_cifar100_adaptive_blend_0_01,before_mlp_residual_droppath,droppath,matched_sigma0.4,0.2,0.5653048718438846,0.5653048718438846,0.0,False
vit_gtsrb_wanet_0_05,before_attention_residual_droppath,droppath,adaptive,0.5,0.9155185541355342,0.9155185541355342,0.0,False
vit_gtsrb_blend_0_01,before_attention_residual_droppath,droppath,matched_sigma0.2,0.2,0.807877161763083,0.807877161763083,0.0,False
vit_tiny_lc_0_05,pre_residual_droppath,droppath,matched_sigma0.2,0.05,0.5907451527752934,0.5907451527752934,0.0,False
vit_gtsrb_badnet_a2o_0_1,before_mlp_residual_droppath,droppath,matched_sigma0.6,0.3,0.6785970605916931,0.6785970605916931,0.0,False
vit_cifar100_adaptive_blend_0_01,before_mlp_residual_droppath,droppath,matched_sigma0.6,0.3,0.6232069417280653,0.6232069417280653,0.0,False
vit_gtsrb_blend_0_01,before_attention_residual_droppath,droppath,matched_sigma0.4,0.3,0.8967012143376589,0.8967012143376589,0.0,False
vit_tiny_badnet_a2o_0_1,before_mlp_residual_droppath,droppath,oracle,0.3,0.8062885376510516,0.8062885376510516,0.0,False
vit_cifar100_lc_0_05,before_mlp_residual_droppath,droppath,matched_sigma0.2,0.1,0.466733618288759,0.466733618288759,0.0,False
vit_cifar100_bpp_0_1,before_mlp_residual_droppath,droppath,matched_sigma0.4,0.2,0.6617813239133895,0.6617813239133895,0.0,False
vit_tiny_badnet_a2o_0_01,pre_residual_droppath,droppath,matched_sigma0.6,0.15,0.7930027384187408,0.7930027384187408,0.0,False
vit_tiny_adaptive_blend_0_1,before_attention_residual_droppath,droppath,matched_sigma0.6,0.3,0.8568283842429603,0.8568283842429603,0.0,False
vit_cifar100_badnet_a2a_0_05,pre_residual_droppath,droppath,adaptive,0.3,0.561488015625,0.561488015625,0.0,False
vit_gtsrb_lf_0_01,pre_residual_droppath,droppath,matched_sigma0.6,0.3,0.7817210961752008,0.7817210961752008,0.0,False
vit_tiny_bpp_0_01,before_mlp_residual_droppath,droppath,oracle,0.3,0.622851966813649,0.622851966813649,0.0,False
vit_gtsrb_badnet_a2a_0_1,before_attention_residual_droppath,droppath,matched_sigma0.2,0.15,0.3475893143971206,0.3475893143971206,0.0,False
vit_gtsrb_blend_0_1,before_mlp_residual_droppath,droppath,oracle,0.4,0.8621890680118531,0.8621890680118531,0.0,False
vit_tiny_lc_0_1,before_attention_residual_droppath,droppath,matched_sigma0.6,0.3,0.6335548827709343,0.6335548827709343,0.0,False
vit_gtsrb_adaptive_blend_0_1,before_attention_residual_droppath,droppath,adaptive,0.5,0.992270869298148,0.992270869298148,0.0,False
vit_gtsrb_bpp_0_1,pre_residual_droppath,droppath,adaptive,0.3,0.95664783314192,0.9566478331419201,1.1102230246251565e-16,False
vit_cifar100_badnet_a2o_0_05,before_mlp_residual_droppath,droppath,adaptive,0.5,0.7367527851393257,0.7367527851393257,0.0,False
vit_tiny_badnet_a2a_0_05,pre_residual_droppath,droppath,matched_sigma0.4,0.1,0.449584875,0.44958487500000005,5.551115123125783e-17,False
vit_gtsrb_badnet_a2o_0_05,before_mlp_residual_droppath,droppath,matched_sigma0.4,0.2,0.7193175914465684,0.7193175914465684,0.0,False
vit_gtsrb_blend_0_01,before_attention_residual_droppath,droppath,adaptive,0.5,0.968152342173872,0.9681523421738721,1.1102230246251565e-16,False
vit_tiny_blend_0_1,pre_residual_droppath,droppath,matched_sigma0.2,0.05,0.6855838521966477,0.6855838521966477,0.0,False
vit_cifar100_badnet_a2o_0_01,before_attention_residual_droppath,droppath,matched_sigma0.4,0.2,0.7393904358892194,0.7393904358892194,0.0,False
vit_gtsrb_badnet_a2o_0_05,pre_residual_droppath,droppath,matched_sigma0.2,0.1,0.7656280961198985,0.7656280961198985,0.0,False
vit_gtsrb_benign,before_mlp_residual_droppath,droppath,matched_sigma0.2,0.15,0.4981146188211345,0.4981146188211345,0.0,False
vit_cifar100_wanet_0_1,before_mlp_residual_droppath,droppath,oracle,0.5,0.8146001039950294,0.8146001039950294,0.0,False
vit_tiny_bpp_0_1,before_mlp_residual_droppath,droppath,adaptive,0.4,0.7003890367837391,0.7003890367837391,0.0,False
vit_cifar100_badnet_a2a_0_1,pre_residual_droppath,droppath,matched_sigma0.6,0.2,0.458768328125,0.458768328125,0.0,False
vit_tiny_lc_0_05,before_attention_residual_droppath,droppath,oracle,0.4,0.7238536278424412,0.7238536278424412,0.0,False
vit_gtsrb_badnet_a2o_0_01,before_mlp_residual_droppath,droppath,matched_sigma0.2,0.15,0.5395594328293531,0.5395594328293531,0.0,False
vit_cifar100_blend_0_05,before_attention_residual_droppath,droppath,adaptive,0.5,0.8617832154576679,0.8617832154576679,0.0,False
vit_cifar100_blend_0_01,before_mlp_residual_droppath,droppath,adaptive,0.5,0.4421160234950551,0.4421160234950551,0.0,False
vit_cifar100_bpp_0_01,before_attention_residual_droppath,droppath,matched_sigma0.4,0.2,0.5706472553253555,0.5706472553253555,0.0,False
vit_gtsrb_badnet_a2o_0_05,before_attention_residual_droppath,droppath,adaptive,0.7,0.9631820481232948,0.9631820481232949,1.1102230246251565e-16,False
vit_cifar100_bpp_0_1,pre_residual_droppath,droppath,matched_sigma0.2,0.05,0.6684697925566536,0.6684697925566536,0.0,False
vit_cifar10_adaptive_blend_0_01,pre_residual_droppath,droppath,matched_sigma0.6,0.3,0.69903359375,0.69903359375,0.0,False
vit_gtsrb_lf_0_1,before_attention_residual_droppath,droppath,matched_sigma0.2,0.2,0.8616003594971116,0.8616003594971116,0.0,False
vit_cifar100_bpp_0_05,before_mlp_residual_droppath,droppath,oracle,0.5,0.6547185449954088,0.6547185449954088,0.0,False
vit_gtsrb_badnet_a2o_0_1,before_attention_residual_droppath,droppath,matched_sigma0.2,0.2,0.9175547028920672,0.9175547028920671,1.1102230246251565e-16,False
vit_gtsrb_badnet_a2a_0_1,before_mlp_residual_droppath,droppath,matched_sigma0.4,0.1,0.3902239309219987,0.3902239309219987,0.0,False
vit_gtsrb_badnet_a2a_0_05,before_attention_residual_droppath,droppath,oracle,0.7,0.6873918178286308,0.6873918178286308,0.0,False
vit_cifar100_badnet_a2a_0_05,before_mlp_residual_droppath,droppath,matched_sigma0.4,0.2,0.3666467890625,0.3666467890625,0.0,False
vit_cifar10_adaptive_blend_0_01,before_mlp_residual_droppath,droppath,matched_sigma0.4,0.3,0.5414605806327161,0.5414605806327161,0.0,False
vit_tiny_badnet_a2a_0_05,before_mlp_residual_droppath,droppath,matched_sigma0.4,0.15,0.4507302343749999,0.4507302343749999,0.0,False
vit_gtsrb_blend_0_01,pre_residual_droppath,droppath,matched_sigma0.4,0.15,0.7496906985716958,0.7496906985716958,0.0,False
vit_cifar100_bpp_0_1,before_mlp_residual_droppath,droppath,matched_sigma0.6,0.3,0.6835700224551047,0.6835700224551047,0.0,False
vit_gtsrb_blend_0_01,before_mlp_residual_droppath,droppath,matched_sigma0.6,0.3,0.7577375538460103,0.7577375538460103,0.0,False
vit_gtsrb_blend_0_1,pre_residual_droppath,droppath,oracle,0.2,0.8694862500505389,0.8694862500505389,0.0,False
vit_gtsrb_bpp_0_1,before_mlp_residual_droppath,droppath,matched_sigma0.8,0.3,0.8946981459716852,0.8946981459716852,0.0,False
vit_cifar100_benign,before_mlp_residual_droppath,droppath,matched_sigma0.4,0.2,0.4910934442826478,0.4910934442826478,0.0,False
vit_tiny_blend_0_05,before_mlp_residual_droppath,droppath,adaptive,0.4,0.593340838817409,0.593340838817409,0.0,False
vit_tiny_badnet_a2o_0_01,before_attention_residual_droppath,droppath,matched_sigma0.4,0.2,0.7591996840321285,0.7591996840321285,0.0,False
vit_gtsrb_bpp_0_01,before_mlp_residual_droppath,droppath,adaptive,0.4,0.757911495124264,0.757911495124264,0.0,False
vit_gtsrb_bpp_0_01,pre_residual_droppath,droppath,matched_sigma0.8,0.3,0.7840290153320348,0.7840290153320348,0.0,False
vit_cifar100_lf_0_05,pre_residual_droppath,droppath,matched_sigma0.4,0.1,0.6826038423888688,0.6826038423888688,0.0,False
vit_cifar100_blend_0_01,before_mlp_residual_droppath,droppath,matched_sigma0.2,0.1,0.4831847779370913,0.48318477793709136,5.551115123125783e-17,False
vit_cifar100_wanet_0_1,before_attention_residual_droppath,droppath,adaptive,0.5,0.7478946753028566,0.7478946753028566,0.0,False
vit_gtsrb_bpp_0_05,pre_residual_droppath,droppath,adaptive,0.4,0.784040664741489,0.784040664741489,0.0,False
vit_gtsrb_badnet_a2o_0_05,before_mlp_residual_droppath,droppath,oracle,0.4,0.8035457442057437,0.8035457442057437,0.0,False
vit_tiny_blend_0_1,before_attention_residual_droppath,droppath,matched_sigma0.4,0.2,0.941206536243568,0.9412065362435681,1.1102230246251565e-16,False
vit_cifar100_adaptive_blend_0_05,before_attention_residual_droppath,droppath,matched_sigma0.2,0.1,0.7128150209366817,0.7128150209366817,0.0,False
vit_gtsrb_benign,pre_residual_droppath,droppath,adaptive,0.4,0.4983546046992082,0.4983546046992082,0.0,False
vit_gtsrb_adaptive_blend_0_1,before_mlp_residual_droppath,droppath,oracle,0.5,0.9798462535338328,0.9798462535338329,1.1102230246251565e-16,False
vit_tiny_badnet_a2o_0_1,before_mlp_residual_droppath,droppath,matched_sigma0.2,0.05,0.6517880674453558,0.6517880674453558,0.0,False
vit_cifar10_sig_0_05,before_mlp_residual_droppath,droppath,matched_sigma0.4,0.3,0.4820786361882716,0.4820786361882716,0.0,False
vit_cifar100_adaptive_blend_0_05,before_mlp_residual_droppath,droppath,matched_sigma0.6,0.3,0.7527929688825004,0.7527929688825004,0.0,False
vit_cifar100_bpp_0_01,pre_residual_droppath,droppath,matched_sigma0.2,0.05,0.5186864861133114,0.5186864861133114,0.0,False
vit_gtsrb_badnet_a2o_0_01,pre_residual_droppath,droppath,adaptive,0.4,0.5976796950230183,0.5976796950230183,0.0,False
vit_cifar100_badnet_a2o_0_1,before_mlp_residual_droppath,droppath,matched_sigma0.4,0.2,0.73421386182708,0.73421386182708,0.0,False
vit_tiny_lf_0_01,before_mlp_residual_droppath,droppath,adaptive,0.4,0.6777256053179064,0.6777256053179064,0.0,False
vit_cifar100_lf_0_01,before_mlp_residual_droppath,droppath,matched_sigma0.6,0.3,0.646503528288763,0.646503528288763,0.0,False
vit_cifar100_wanet_0_1,pre_residual_droppath,droppath,matched_sigma0.6,0.15,0.6271234200716791,0.6271234200716791,0.0,False
vit_cifar100_lf_0_05,pre_residual_droppath,droppath,oracle,0.2,0.7277328006148718,0.7277328006148718,0.0,False
vit_tiny_lc_0_05,before_attention_residual_droppath,droppath,matched_sigma0.6,0.3,0.7093404442206565,0.7093404442206565,0.0,False
vit_gtsrb_benign,before_attention_residual_droppath,droppath,matched_sigma0.6,0.5,0.5040206325832204,0.5040206325832204,0.0,False
vit_tiny_lc_0_05,before_mlp_residual_droppath,droppath,matched_sigma0.2,0.05,0.5725480400155458,0.5725480400155458,0.0,False
vit_gtsrb_blend_0_05,pre_residual_droppath,droppath,matched_sigma0.4,0.15,0.6727818067664775,0.6727818067664775,0.0,False
vit_gtsrb_bpp_0_05,before_attention_residual_droppath,droppath,adaptive,0.7,0.9744711346848328,0.9744711346848329,1.1102230246251565e-16,False
vit_gtsrb_lf_0_05,pre_residual_droppath,droppath,matched_sigma0.8,0.3,0.8490417196676814,0.8490417196676814,0.0,False
vit_cifar100_adaptive_blend_0_05,before_attention_residual_droppath,droppath,adaptive,0.5,0.8346222837484023,0.8346222837484023,0.0,False
vit_cifar100_adaptive_blend_0_1,before_mlp_residual_droppath,droppath,adaptive,0.5,0.7140383392879733,0.7140383392879733,0.0,False
vit_cifar10_adaptive_blend_0_01,before_attention_residual_droppath,droppath,adaptive,0.7,0.866744598765432,0.866744598765432,0.0,False
vit_gtsrb_blend_0_05,before_mlp_residual_droppath,droppath,adaptive,0.5,0.5431883199472816,0.5431883199472816,0.0,False
vit_tiny_badnet_a2o_0_05,before_mlp_residual_droppath,droppath,matched_sigma0.4,0.15,0.73526806823657,0.73526806823657,0.0,False
vit_cifar100_bpp_0_05,before_attention_residual_droppath,droppath,matched_sigma0.8,0.4,0.868721759024442,0.868721759024442,0.0,False
vit_tiny_blend_0_01,before_attention_residual_droppath,droppath,matched_sigma0.4,0.2,0.8383622160443742,0.8383622160443742,0.0,False
vit_cifar100_badnet_a2a_0_05,before_mlp_residual_droppath,droppath,oracle,0.7,0.7211862265625001,0.7211862265625001,0.0,False
vit_cifar100_lc_0_01,before_mlp_residual_droppath,droppath,matched_sigma0.2,0.1,0.5313337821427845,0.5313337821427845,0.0,False
vit_cifar100_adaptive_blend_0_1,before_attention_residual_droppath,droppath,adaptive,0.5,0.8387264719227387,0.8387264719227387,0.0,False
vit_cifar10_adaptive_blend_0_05,before_attention_residual_droppath,droppath,matched_sigma0.2,0.2,0.6159636574074074,0.6159636574074074,0.0,False
vit_cifar100_badnet_a2a_0_1,pre_residual_droppath,droppath,oracle,0.7,0.6651280546874999,0.6651280546874999,0.0,False
vit_gtsrb_wanet_0_05,pre_residual_droppath,droppath,oracle,0.5,0.9411405611041956,0.9411405611041956,0.0,False
vit_cifar100_benign,pre_residual_droppath,droppath,matched_sigma0.6,0.2,0.4997124852696987,0.4997124852696987,0.0,False
vit_cifar100_blend_0_1,before_mlp_residual_droppath,droppath,matched_sigma0.6,0.3,0.8230203891712682,0.8230203891712682,0.0,False
vit_gtsrb_bpp_0_1,pre_residual_droppath,droppath,matched_sigma0.2,0.05,0.7500123464972465,0.7500123464972465,0.0,False
vit_cifar100_benign,pre_residual_droppath,droppath,matched_sigma0.2,0.05,0.4867504187136781,0.4867504187136781,0.0,False
vit_tiny_lf_0_05,pre_residual_droppath,droppath,oracle,0.2,0.83745099369916,0.83745099369916,0.0,False
vit_cifar100_badnet_a2o_0_05,before_attention_residual_droppath,droppath,matched_sigma0.8,0.4,0.8234064078656318,0.8234064078656318,0.0,False
vit_cifar100_wanet_0_1,before_attention_residual_droppath,droppath,matched_sigma0.2,0.1,0.4770383045697555,0.4770383045697555,0.0,False
vit_cifar100_badnet_a2a_0_05,pre_residual_droppath,droppath,matched_sigma0.2,0.05,0.3791231953125,0.3791231953125,0.0,False
vit_gtsrb_lf_0_1,before_mlp_residual_droppath,droppath,matched_sigma0.2,0.15,0.6903285119166801,0.6903285119166801,0.0,False
vit_gtsrb_wanet_0_05,before_mlp_residual_droppath,droppath,matched_sigma0.4,0.2,0.6041551848263935,0.6041551848263935,0.0,False
vit_gtsrb_blend_0_01,pre_residual_droppath,droppath,adaptive,0.3,0.8404873666064419,0.8404873666064419,0.0,False
vit_cifar100_bpp_0_05,before_mlp_residual_droppath,droppath,matched_sigma0.6,0.3,0.6104499121868527,0.6104499121868527,0.0,False
vit_gtsrb_bpp_0_05,pre_residual_droppath,droppath,matched_sigma0.6,0.3,0.7197621904657623,0.7197621904657623,0.0,False
vit_tiny_bpp_0_1,before_mlp_residual_droppath,droppath,oracle,0.3,0.712502696119093,0.712502696119093,0.0,False
vit_tiny_badnet_a2o_0_05,before_attention_residual_droppath,droppath,matched_sigma0.6,0.3,0.8181357305164972,0.8181357305164972,0.0,False
vit_tiny_lf_0_01,before_attention_residual_droppath,droppath,matched_sigma0.2,0.1,0.7366270638088175,0.7366270638088175,0.0,False
vit_tiny_lf_0_1,before_attention_residual_droppath,droppath,matched_sigma0.6,0.3,0.7967027065349571,0.7967027065349571,0.0,False
vit_cifar100_lc_0_05,before_mlp_residual_droppath,droppath,adaptive,0.5,0.7297956453777482,0.7297956453777482,0.0,False
vit_gtsrb_blend_0_01,pre_residual_droppath,droppath,matched_sigma0.2,0.1,0.6832361441021314,0.6832361441021314,0.0,False
vit_gtsrb_blend_0_05,pre_residual_droppath,droppath,matched_sigma0.8,0.3,0.6515975009009413,0.6515975009009413,0.0,False
vit_tiny_lf_0_05,before_attention_residual_droppath,droppath,matched_sigma0.2,0.1,0.8747723068917674,0.8747723068917674,0.0,False
vit_gtsrb_blend_0_1,before_mlp_residual_droppath,droppath,matched_sigma0.6,0.2,0.8088592333442759,0.8088592333442759,0.0,False
vit_tiny_benign,pre_residual_droppath,droppath,adaptive,0.3,0.4980006924228977,0.49800069242289774,5.551115123125783e-17,False
vit_tiny_bpp_0_05,before_attention_residual_droppath,droppath,oracle,0.4,0.888403575612361,0.888403575612361,0.0,False
vit_cifar100_lf_0_1,before_mlp_residual_droppath,droppath,matched_sigma0.8,0.4,0.7146484461203191,0.7146484461203191,0.0,False
vit_cifar100_wanet_0_1,before_attention_residual_droppath,droppath,matched_sigma0.8,0.4,0.6635477628897369,0.6635477628897369,0.0,False
vit_cifar100_badnet_a2a_0_1,before_mlp_residual_droppath,droppath,matched_sigma0.6,0.3,0.4552560156249999,0.45525601562499995,5.551115123125783e-17,False
vit_cifar100_lf_0_05,before_mlp_residual_droppath,droppath,matched_sigma0.4,0.2,0.6047142151946874,0.6047142151946874,0.0,False
vit_cifar100_lf_0_05,before_mlp_residual_droppath,droppath,matched_sigma0.6,0.3,0.6230712693179945,0.6230712693179945,0.0,False
vit_cifar100_lf_0_1,before_attention_residual_droppath,droppath,matched_sigma0.8,0.4,0.865270919821269,0.865270919821269,0.0,False
vit_gtsrb_badnet_a2o_0_05,before_mlp_residual_droppath,droppath,adaptive,0.5,0.7457515403584697,0.7457515403584697,0.0,False
vit_tiny_blend_0_1,before_mlp_residual_droppath,droppath,oracle,0.3,0.6129323639286473,0.6129323639286473,0.0,False
vit_tiny_badnet_a2o_0_01,before_mlp_residual_droppath,droppath,adaptive,0.4,0.7350920025628898,0.7350920025628898,0.0,False
vit_gtsrb_bpp_0_05,pre_residual_droppath,droppath,oracle,0.7,0.8412018056289733,0.8412018056289733,0.0,False
vit_tiny_badnet_a2o_0_1,before_attention_residual_droppath,droppath,adaptive,0.5,0.7842956412450599,0.7842956412450599,0.0,False
vit_tiny_lf_0_05,before_mlp_residual_droppath,droppath,adaptive,0.4,0.7280696769208307,0.7280696769208307,0.0,False
vit_gtsrb_adaptive_blend_0_1,before_mlp_residual_droppath,droppath,adaptive,0.4,0.9540297322600184,0.9540297322600183,1.1102230246251565e-16,False
vit_cifar100_bpp_0_05,pre_residual_droppath,droppath,adaptive,0.3,0.7621416591078056,0.7621416591078056,0.0,False
vit_tiny_badnet_a2o_0_1,pre_residual_droppath,droppath,adaptive,0.3,0.8569126757039678,0.8569126757039678,0.0,False
vit_tiny_badnet_a2o_0_01,pre_residual_droppath,droppath,matched_sigma0.4,0.1,0.7568790838320927,0.7568790838320927,0.0,False
vit_cifar100_wanet_0_1,before_attention_residual_droppath,droppath,matched_sigma0.4,0.2,0.5179967907596865,0.5179967907596865,0.0,False
vit_tiny_bpp_0_01,before_mlp_residual_droppath,droppath,matched_sigma0.2,0.05,0.5559252098023857,0.5559252098023857,0.0,False
vit_cifar100_bpp_0_05,pre_residual_droppath,droppath,matched_sigma0.4,0.1,0.6434228890425713,0.6434228890425713,0.0,False
vit_cifar100_badnet_a2a_0_1,before_attention_residual_droppath,droppath,matched_sigma0.4,0.2,0.3963435624999999,0.39634356249999997,5.551115123125783e-17,False
vit_tiny_badnet_a2a_0_1,pre_residual_droppath,droppath,matched_sigma0.6,0.15,0.469744796875,0.46974479687500004,5.551115123125783e-17,False
vit_tiny_lc_0_1,before_mlp_residual_droppath,droppath,adaptive,0.4,0.6083988662147306,0.6083988662147306,0.0,False
vit_tiny_bpp_0_05,pre_residual_droppath,droppath,adaptive,0.3,0.7607714881145567,0.7607714881145567,0.0,False
vit_cifar100_lf_0_01,before_mlp_residual_droppath,droppath,matched_sigma0.2,0.1,0.5843781827527077,0.5843781827527077,0.0,False
vit_gtsrb_benign,before_attention_residual_droppath,droppath,matched_sigma0.2,0.3,0.5012581094099666,0.5012581094099666,0.0,False
vit_cifar100_bpp_0_1,pre_residual_droppath,droppath,matched_sigma0.4,0.1,0.7151749897940411,0.7151749897940411,0.0,False
vit_gtsrb_adaptive_blend_0_05,before_mlp_residual_droppath,droppath,matched_sigma0.2,0.1,0.6421049793838967,0.6421049793838967,0.0,False
vit_cifar100_badnet_a2o_0_1,pre_residual_droppath,droppath,matched_sigma0.4,0.1,0.7663766830853243,0.7663766830853243,0.0,False
vit_tiny_badnet_a2a_0_1,before_mlp_residual_droppath,droppath,matched_sigma0.6,0.3,0.4767781015625,0.4767781015625,0.0,False
vit_gtsrb_wanet_0_1,pre_residual_droppath,droppath,adaptive,0.4,0.9354352550041876,0.9354352550041877,1.1102230246251565e-16,False
vit_tiny_lf_0_05,before_mlp_residual_droppath,droppath,matched_sigma0.2,0.05,0.6383340641645324,0.6383340641645324,0.0,False
vit_cifar100_badnet_a2o_0_1,before_attention_residual_droppath,droppath,adaptive,0.5,0.6325055818513909,0.6325055818513909,0.0,False
vit_tiny_lf_0_01,before_attention_residual_droppath,droppath,adaptive,0.5,0.7654448848691041,0.7654448848691041,0.0,False
vit_cifar100_badnet_a2a_0_1,before_attention_residual_droppath,droppath,matched_sigma0.6,0.3,0.4187668593749999,0.41876685937499997,5.551115123125783e-17,False
vit_gtsrb_bpp_0_01,before_attention_residual_droppath,droppath,matched_sigma0.2,0.2,0.6099906184494972,0.6099906184494972,0.0,False
vit_tiny_badnet_a2a_0_1,before_attention_residual_droppath,droppath,matched_sigma0.8,0.4,0.5116958046875,0.5116958046875,0.0,False
vit_gtsrb_badnet_a2o_0_05,pre_residual_droppath,droppath,matched_sigma0.4,0.15,0.794659787375354,0.794659787375354,0.0,False
vit_tiny_blend_0_1,pre_residual_droppath,droppath,adaptive,0.3,0.7312492701751837,0.7312492701751837,0.0,False
vit_gtsrb_lf_0_05,pre_residual_droppath,droppath,matched_sigma0.4,0.15,0.7837979798824752,0.7837979798824752,0.0,False
vit_cifar100_badnet_a2o_0_1,pre_residual_droppath,droppath,adaptive,0.3,0.773363568777388,0.773363568777388,0.0,False
vit_cifar100_blend_0_05,before_mlp_residual_droppath,droppath,oracle,0.3,0.6521761897673839,0.6521761897673839,0.0,False
vit_cifar10_adaptive_blend_0_01,before_attention_residual_droppath,droppath,matched_sigma0.4,0.4,0.6623683834876544,0.6623683834876544,0.0,False
vit_tiny_bpp_0_1,pre_residual_droppath,droppath,oracle,0.2,0.8269314130508755,0.8269314130508755,0.0,False
vit_cifar100_lf_0_05,pre_residual_droppath,droppath,matched_sigma0.2,0.05,0.6380147005713341,0.6380147005713341,0.0,False
vit_cifar100_lc_0_05,before_attention_residual_droppath,droppath,oracle,0.7,0.7753390034434885,0.7753390034434885,0.0,False
vit_cifar100_wanet_0_05,before_attention_residual_droppath,droppath,matched_sigma0.6,0.3,0.559730881934515,0.559730881934515,0.0,False
vit_gtsrb_bpp_0_01,before_mlp_residual_droppath,droppath,matched_sigma0.2,0.1,0.5107817049559117,0.5107817049559117,0.0,False
vit_tiny_lf_0_01,pre_residual_droppath,droppath,oracle,0.2,0.7437892490255176,0.7437892490255176,0.0,False
vit_cifar100_badnet_a2a_0_05,before_attention_residual_droppath,droppath,matched_sigma0.2,0.1,0.3645804921874999,0.36458049218749994,5.551115123125783e-17,False
vit_gtsrb_adaptive_blend_0_05,before_mlp_residual_droppath,droppath,matched_sigma0.8,0.4,0.9164243839736872,0.9164243839736871,1.1102230246251565e-16,False
vit_gtsrb_lf_0_05,pre_residual_droppath,droppath,oracle,0.5,0.8668963141965575,0.8668963141965575,0.0,False
vit_tiny_lf_0_1,before_mlp_residual_droppath,droppath,matched_sigma0.6,0.3,0.7053658796406341,0.7053658796406341,0.0,False
vit_tiny_adaptive_blend_0_1,pre_residual_droppath,droppath,matched_sigma0.2,0.05,0.6439925004516094,0.6439925004516094,0.0,False
vit_cifar10_adaptive_blend_0_05,pre_residual_droppath,droppath,matched_sigma0.8,0.4,0.7936647665895061,0.7936647665895061,0.0,False
vit_tiny_blend_0_05,before_attention_residual_droppath,droppath,matched_sigma0.8,0.4,0.9061960909379124,0.9061960909379124,0.0,False
vit_cifar100_adaptive_blend_0_1,pre_residual_droppath,droppath,matched_sigma0.2,0.05,0.6881119474964773,0.6881119474964773,0.0,False
vit_tiny_badnet_a2a_0_1,before_attention_residual_droppath,droppath,matched_sigma0.2,0.1,0.4418945078125,0.4418945078125,0.0,False
vit_tiny_benign,before_mlp_residual_droppath,droppath,oracle,0.5,0.5069646421513725,0.5069646421513725,0.0,False
vit_cifar100_blend_0_05,before_mlp_residual_droppath,droppath,matched_sigma0.2,0.1,0.6395000975701637,0.6395000975701637,0.0,False
vit_cifar100_blend_0_01,pre_residual_droppath,droppath,adaptive,0.3,0.550354943894163,0.550354943894163,0.0,False
vit_gtsrb_badnet_a2a_0_05,before_mlp_residual_droppath,droppath,matched_sigma0.6,0.3,0.3863086907693928,0.38630869076939284,5.551115123125783e-17,False
vit_cifar100_badnet_a2a_0_05,before_attention_residual_droppath,droppath,matched_sigma0.6,0.3,0.4130060312499999,0.41300603124999996,5.551115123125783e-17,False
vit_cifar100_wanet_0_05,before_mlp_residual_droppath,droppath,matched_sigma0.2,0.1,0.5291830563923622,0.5291830563923622,0.0,False
vit_cifar10_adaptive_blend_0_05,before_mlp_residual_droppath,droppath,matched_sigma0.4,0.3,0.5597708622685185,0.5597708622685185,0.0,False
vit_cifar100_lf_0_1,before_mlp_residual_droppath,droppath,matched_sigma0.2,0.1,0.6695658586633326,0.6695658586633326,0.0,False
vit_cifar100_lc_0_01,before_mlp_residual_droppath,droppath,matched_sigma0.6,0.3,0.597725038898371,0.597725038898371,0.0,False
vit_cifar100_blend_0_05,before_mlp_residual_droppath,droppath,matched_sigma0.4,0.2,0.6514024444019668,0.6514024444019668,0.0,False
vit_tiny_blend_0_01,before_attention_residual_droppath,droppath,oracle,0.3,0.8536453258747032,0.8536453258747032,0.0,False
vit_tiny_bpp_0_01,before_attention_residual_droppath,droppath,adaptive,0.5,0.8222251569132235,0.8222251569132235,0.0,False
vit_cifar100_bpp_0_1,before_attention_residual_droppath,droppath,matched_sigma0.4,0.2,0.7688521239368544,0.7688521239368544,0.0,False
vit_gtsrb_blend_0_01,pre_residual_droppath,droppath,oracle,0.4,0.8412115022989062,0.8412115022989062,0.0,False
vit_cifar100_lc_0_05,before_mlp_residual_droppath,droppath,matched_sigma0.4,0.2,0.4961386637636383,0.49613866376363835,5.551115123125783e-17,False
vit_tiny_badnet_a2o_0_01,before_attention_residual_droppath,droppath,matched_sigma0.2,0.1,0.7225122656744349,0.7225122656744349,0.0,False
vit_tiny_lf_0_01,pre_residual_droppath,droppath,matched_sigma0.2,0.05,0.6685138249599053,0.6685138249599053,0.0,False
vit_tiny_adaptive_blend_0_1,pre_residual_droppath,droppath,matched_sigma0.4,0.1,0.7003120702104378,0.7003120702104378,0.0,False
vit_gtsrb_adaptive_blend_0_05,before_mlp_residual_droppath,droppath,matched_sigma0.4,0.2,0.717275691715748,0.717275691715748,0.0,False
vit_cifar100_lc_0_01,pre_residual_droppath,droppath,matched_sigma0.6,0.2,0.6294528688222024,0.6294528688222024,0.0,False
vit_cifar100_adaptive_blend_0_1,pre_residual_droppath,droppath,matched_sigma0.4,0.1,0.7416465054916638,0.7416465054916638,0.0,False
vit_cifar100_adaptive_blend_0_01,before_mlp_residual_droppath,droppath,matched_sigma0.2,0.1,0.5277902891947728,0.5277902891947728,0.0,False
vit_tiny_badnet_a2a_0_05,before_attention_residual_droppath,droppath,matched_sigma0.6,0.3,0.4216567578125,0.4216567578125,0.0,False
vit_gtsrb_badnet_a2a_0_05,pre_residual_droppath,droppath,matched_sigma0.2,0.1,0.3135567435920808,0.31355674359208086,5.551115123125783e-17,False
vit_cifar100_blend_0_01,before_attention_residual_droppath,droppath,matched_sigma0.4,0.2,0.6007978964750633,0.6007978964750633,0.0,False
vit_gtsrb_wanet_0_1,before_mlp_residual_droppath,droppath,matched_sigma0.8,0.4,0.8656402558333647,0.8656402558333647,0.0,False
vit_tiny_wanet_0_05,before_attention_residual_droppath,droppath,adaptive,0.4,0.7620656331723705,0.7620656331723705,0.0,False
vit_tiny_benign,before_attention_residual_droppath,droppath,adaptive,0.5,0.5050873870943151,0.5050873870943151,0.0,False
vit_tiny_adaptive_blend_0_1,pre_residual_droppath,droppath,matched_sigma0.6,0.15,0.7504412494989201,0.7504412494989201,0.0,False
vit_cifar100_blend_0_01,before_mlp_residual_droppath,droppath,matched_sigma0.4,0.2,0.4974284256006551,0.49742842560065514,5.551115123125783e-17,False
vit_cifar100_wanet_0_05,before_mlp_residual_droppath,droppath,matched_sigma0.6,0.3,0.6431943713388741,0.6431943713388741,0.0,False
vit_tiny_benign,before_attention_residual_droppath,droppath,matched_sigma0.6,0.3,0.5035157250894501,0.5035157250894501,0.0,False
vit_cifar100_lc_0_1,pre_residual_droppath,droppath,matched_sigma0.6,0.2,0.6303057158557303,0.6303057158557303,0.0,False
vit_cifar10_sig_0_05,pre_residual_droppath,droppath,matched_sigma0.4,0.2,0.4992968557098766,0.4992968557098766,0.0,False
vit_tiny_badnet_a2o_0_05,pre_residual_droppath,droppath,oracle,0.2,0.8553464126465069,0.8553464126465069,0.0,False
vit_gtsrb_wanet_0_05,pre_residual_droppath,droppath,matched_sigma0.6,0.2,0.7065060874889508,0.7065060874889508,0.0,False
vit_cifar100_adaptive_blend_0_1,pre_residual_droppath,droppath,adaptive,0.3,0.796065292596759,0.796065292596759,0.0,False
vit_cifar100_lc_0_05,before_mlp_residual_droppath,droppath,matched_sigma0.8,0.4,0.6373190272992938,0.6373190272992938,0.0,False
vit_cifar10_wanet_0_05,before_attention_residual_droppath,droppath,adaptive,0.7,0.928834297839506,0.9288342978395061,1.1102230246251565e-16,False
vit_gtsrb_badnet_a2o_0_05,pre_residual_droppath,droppath,adaptive,0.4,0.8335913764663376,0.8335913764663376,0.0,False
vit_gtsrb_badnet_a2o_0_1,before_mlp_residual_droppath,droppath,matched_sigma0.2,0.1,0.5770051346056866,0.5770051346056866,0.0,False
vit_cifar100_badnet_a2a_0_05,before_attention_residual_droppath,droppath,oracle,0.7,0.72009484375,0.72009484375,0.0,False
vit_cifar10_adaptive_blend_0_05,before_mlp_residual_droppath,droppath,matched_sigma0.6,0.4,0.6271762345679013,0.6271762345679013,0.0,False
vit_gtsrb_badnet_a2o_0_1,before_mlp_residual_droppath,droppath,oracle,0.7,0.8509860628556556,0.8509860628556556,0.0,False
vit_tiny_bpp_0_01,pre_residual_droppath,droppath,matched_sigma0.4,0.1,0.6838638296429398,0.6838638296429398,0.0,False
vit_tiny_blend_0_01,before_mlp_residual_droppath,droppath,matched_sigma0.2,0.05,0.5182242258947378,0.5182242258947378,0.0,False
vit_gtsrb_lf_0_05,pre_residual_droppath,droppath,adaptive,0.4,0.8638941939057296,0.8638941939057296,0.0,False
vit_tiny_blend_0_01,pre_residual_droppath,droppath,matched_sigma0.6,0.15,0.68612805662315,0.68612805662315,0.0,False
vit_cifar100_badnet_a2o_0_05,before_attention_residual_droppath,droppath,matched_sigma0.2,0.1,0.7882622654076058,0.7882622654076058,0.0,False
vit_cifar100_blend_0_01,pre_residual_droppath,droppath,matched_sigma0.4,0.1,0.5419324878316637,0.5419324878316637,0.0,False
vit_tiny_benign,before_mlp_residual_droppath,droppath,matched_sigma0.4,0.15,0.4979254623531476,0.49792546235314766,5.551115123125783e-17,False
vit_gtsrb_wanet_0_05,before_mlp_residual_droppath,droppath,oracle,0.7,0.9416365167259424,0.9416365167259424,0.0,False
vit_cifar100_wanet_0_1,before_mlp_residual_droppath,droppath,adaptive,0.4,0.7733106294811942,0.7733106294811942,0.0,False
vit_cifar100_blend_0_1,before_attention_residual_droppath,droppath,matched_sigma0.4,0.2,0.8937661724042845,0.8937661724042845,0.0,False
vit_cifar100_blend_0_1,pre_residual_droppath,droppath,adaptive,0.3,0.9005399840136574,0.9005399840136574,0.0,False
vit_cifar100_bpp_0_05,before_attention_residual_droppath,droppath,adaptive,0.5,0.8836488607436324,0.8836488607436324,0.0,False
vit_tiny_wanet_0_05,before_mlp_residual_droppath,droppath,matched_sigma0.2,0.05,0.5953143277439862,0.5953143277439862,0.0,False
vit_cifar100_adaptive_blend_0_1,before_attention_residual_droppath,droppath,oracle,0.4,0.8759833815464293,0.8759833815464293,0.0,False
vit_cifar100_lf_0_01,pre_residual_droppath,droppath,adaptive,0.3,0.7143041291932724,0.7143041291932724,0.0,False
vit_tiny_lc_0_05,pre_residual_droppath,droppath,matched_sigma0.4,0.1,0.6371829122809494,0.6371829122809494,0.0,False
vit_tiny_badnet_a2o_0_1,pre_residual_droppath,droppath,matched_sigma0.4,0.1,0.8268943387000606,0.8268943387000606,0.0,False
vit_tiny_adaptive_blend_0_05,before_mlp_residual_droppath,droppath,matched_sigma0.4,0.15,0.6529173393841958,0.6529173393841958,0.0,False
vit_cifar10_wanet_0_05,before_attention_residual_droppath,droppath,matched_sigma0.6,0.4,0.6685542824074073,0.6685542824074073,0.0,False
vit_tiny_bpp_0_05,before_attention_residual_droppath,droppath,matched_sigma0.6,0.3,0.8793313785670723,0.8793313785670723,0.0,False
vit_gtsrb_badnet_a2o_0_01,before_mlp_residual_droppath,droppath,matched_sigma0.4,0.2,0.560939973376966,0.560939973376966,0.0,False
vit_tiny_lf_0_05,before_attention_residual_droppath,droppath,matched_sigma0.4,0.2,0.9139962675592672,0.9139962675592673,1.1102230246251565e-16,False
vit_tiny_bpp_0_05,pre_residual_droppath,droppath,matched_sigma0.2,0.05,0.6945370671758979,0.6945370671758979,0.0,False
vit_gtsrb_badnet_a2a_0_05,pre_residual_droppath,droppath,matched_sigma0.4,0.15,0.326060617592164,0.32606061759216404,5.551115123125783e-17,False
vit_cifar100_blend_0_05,pre_residual_droppath,droppath,matched_sigma0.4,0.1,0.7314097871054943,0.7314097871054943,0.0,False
vit_cifar100_adaptive_blend_0_05,pre_residual_droppath,droppath,adaptive,0.3,0.8219251930153331,0.8219251930153331,0.0,False
vit_gtsrb_blend_0_1,pre_residual_droppath,droppath,matched_sigma0.2,0.05,0.7494159521427424,0.7494159521427424,0.0,False
vit_gtsrb_wanet_0_05,before_attention_residual_droppath,droppath,matched_sigma0.6,0.4,0.7428210726493816,0.7428210726493816,0.0,False
vit_cifar100_lf_0_01,before_mlp_residual_droppath,droppath,matched_sigma0.4,0.2,0.6116073457363834,0.6116073457363834,0.0,False
vit_tiny_badnet_a2o_0_01,pre_residual_droppath,droppath,matched_sigma0.2,0.05,0.7035200316182567,0.7035200316182567,0.0,False
vit_tiny_badnet_a2o_0_01,before_mlp_residual_droppath,droppath,matched_sigma0.2,0.05,0.6280411603752432,0.6280411603752432,0.0,False
vit_cifar100_badnet_a2a_0_05,pre_residual_droppath,droppath,oracle,0.7,0.7230364140625,0.7230364140625,0.0,False
vit_tiny_badnet_a2o_0_1,before_attention_residual_droppath,droppath,matched_sigma0.8,0.4,0.8627608881495803,0.8627608881495803,0.0,False
vit_cifar100_wanet_0_1,pre_residual_droppath,droppath,oracle,0.4,0.7910041825475909,0.7910041825475909,0.0,False
vit_cifar100_lf_0_1,before_attention_residual_droppath,droppath,matched_sigma0.2,0.1,0.8301538416107019,0.8301538416107019,0.0,False
vit_tiny_bpp_0_1,pre_residual_droppath,droppath,adaptive,0.3,0.8041477445005287,0.8041477445005287,0.0,False
vit_tiny_badnet_a2a_0_1,before_attention_residual_droppath,droppath,oracle,0.7,0.6267087421875,0.6267087421875,0.0,False
vit_tiny_bpp_0_05,pre_residual_droppath,droppath,oracle,0.2,0.7821997051385398,0.7821997051385398,0.0,False
vit_cifar100_badnet_a2o_0_1,before_mlp_residual_droppath,droppath,matched_sigma0.2,0.1,0.6790697273502536,0.6790697273502536,0.0,False
vit_cifar100_wanet_0_05,before_attention_residual_droppath,droppath,adaptive,0.5,0.7269894716006975,0.7269894716006975,0.0,False
vit_gtsrb_bpp_0_1,before_attention_residual_droppath,droppath,matched_sigma0.2,0.15,0.9368281302521768,0.9368281302521767,1.1102230246251565e-16,False
vit_gtsrb_blend_0_1,before_attention_residual_droppath,droppath,matched_sigma0.4,0.2,0.8704314787544978,0.8704314787544978,0.0,False
vit_gtsrb_bpp_0_1,pre_residual_droppath,droppath,matched_sigma0.6,0.15,0.8813367201790578,0.8813367201790578,0.0,False
vit_tiny_wanet_0_1,pre_residual_droppath,droppath,matched_sigma0.4,0.1,0.6831548547090369,0.6831548547090369,0.0,False
vit_cifar100_badnet_a2o_0_1,before_mlp_residual_droppath,droppath,adaptive,0.4,0.7824840366033771,0.7824840366033771,0.0,False
vit_gtsrb_bpp_0_05,before_mlp_residual_droppath,droppath,adaptive,0.5,0.7579916378778346,0.7579916378778346,0.0,False
vit_gtsrb_lf_0_1,before_attention_residual_droppath,droppath,adaptive,0.5,0.9771800223146738,0.9771800223146738,0.0,False
vit_cifar100_blend_0_1,before_attention_residual_droppath,droppath,oracle,0.4,0.9654104710942903,0.9654104710942903,0.0,False
vit_cifar100_lf_0_01,pre_residual_droppath,droppath,oracle,0.2,0.7310084445081166,0.7310084445081166,0.0,False
vit_gtsrb_wanet_0_1,pre_residual_droppath,droppath,matched_sigma0.8,0.3,0.878175114244646,0.878175114244646,0.0,False
vit_tiny_lf_0_1,before_attention_residual_droppath,droppath,matched_sigma0.4,0.2,0.7628384167185762,0.7628384167185762,0.0,False
vit_tiny_wanet_0_1,pre_residual_droppath,droppath,matched_sigma0.6,0.15,0.7101504363020424,0.7101504363020424,0.0,False
vit_cifar100_badnet_a2o_0_05,pre_residual_droppath,droppath,matched_sigma0.4,0.1,0.7583674536262381,0.7583674536262381,0.0,False
vit_tiny_wanet_0_05,pre_residual_droppath,droppath,adaptive,0.3,0.7629574619301985,0.7629574619301985,0.0,False
vit_cifar100_adaptive_blend_0_1,before_attention_residual_droppath,droppath,matched_sigma0.4,0.2,0.8168183187683093,0.8168183187683093,0.0,False
vit_tiny_badnet_a2a_0_1,before_attention_residual_droppath,droppath,adaptive,0.5,0.5783133984375,0.5783133984375,0.0,False
vit_cifar100_bpp_0_05,before_attention_residual_droppath,droppath,matched_sigma0.2,0.1,0.7180736018235445,0.7180736018235445,0.0,False
vit_tiny_lf_0_1,before_attention_residual_droppath,droppath,matched_sigma0.2,0.1,0.7551608609275192,0.7551608609275192,0.0,False
vit_gtsrb_blend_0_05,before_attention_residual_droppath,droppath,matched_sigma0.4,0.3,0.809572229037596,0.809572229037596,0.0,False
vit_tiny_wanet_0_1,before_mlp_residual_droppath,droppath,matched_sigma0.2,0.05,0.6087687256847077,0.6087687256847077,0.0,False
vit_cifar10_wanet_0_05,before_mlp_residual_droppath,droppath,matched_sigma0.4,0.3,0.6324647858796295,0.6324647858796295,0.0,False
vit_gtsrb_badnet_a2a_0_1,before_attention_residual_droppath,droppath,matched_sigma0.4,0.2,0.3447059255607897,0.3447059255607897,0.0,False
vit_gtsrb_blend_0_1,before_attention_residual_droppath,droppath,adaptive,0.5,0.9191070414410828,0.9191070414410829,1.1102230246251565e-16,False
vit_tiny_benign,before_attention_residual_droppath,droppath,matched_sigma0.4,0.2,0.5007267109497173,0.5007267109497173,0.0,False
vit_cifar100_bpp_0_1,before_attention_residual_droppath,droppath,matched_sigma0.2,0.1,0.7147172919470894,0.7147172919470894,0.0,False
vit_gtsrb_wanet_0_1,before_attention_residual_droppath,droppath,oracle,0.7,0.9614652772884758,0.9614652772884758,0.0,False
vit_tiny_badnet_a2o_0_01,pre_residual_droppath,droppath,oracle,0.2,0.8019489915973907,0.8019489915973907,0.0,False
vit_gtsrb_badnet_a2a_0_05,before_mlp_residual_droppath,droppath,matched_sigma0.4,0.2,0.3486326748786914,0.34863267487869143,5.551115123125783e-17,False
vit_tiny_bpp_0_05,before_mlp_residual_droppath,droppath,matched_sigma0.4,0.15,0.6449257369259318,0.6449257369259318,0.0,False
vit_gtsrb_badnet_a2o_0_01,before_mlp_residual_droppath,droppath,matched_sigma0.6,0.3,0.6208572474662735,0.6208572474662735,0.0,False
vit_cifar100_badnet_a2o_0_05,before_attention_residual_droppath,droppath,oracle,0.3,0.8386100820906273,0.8386100820906273,0.0,False
vit_tiny_blend_0_1,before_attention_residual_droppath,droppath,matched_sigma0.2,0.1,0.9074126300733903,0.9074126300733905,1.1102230246251565e-16,False
vit_tiny_badnet_a2a_0_05,before_mlp_residual_droppath,droppath,matched_sigma0.6,0.3,0.485326671875,0.485326671875,0.0,False
vit_cifar100_badnet_a2a_0_1,before_attention_residual_droppath,droppath,oracle,0.7,0.6605182890625,0.6605182890625,0.0,False
vit_tiny_bpp_0_01,pre_residual_droppath,droppath,oracle,0.2,0.742633156000012,0.742633156000012,0.0,False
vit_gtsrb_lf_0_01,before_attention_residual_droppath,droppath,adaptive,0.7,0.9304296284332604,0.9304296284332603,1.1102230246251565e-16,False
vit_tiny_blend_0_1,before_mlp_residual_droppath,droppath,matched_sigma0.4,0.15,0.5756193859530849,0.5756193859530849,0.0,False
vit_cifar100_benign,pre_residual_droppath,droppath,adaptive,0.3,0.5013864061815986,0.5013864061815986,0.0,False
vit_gtsrb_adaptive_blend_0_1,pre_residual_droppath,droppath,matched_sigma0.2,0.1,0.7134529471638554,0.7134529471638554,0.0,False
vit_gtsrb_wanet_0_1,before_attention_residual_droppath,droppath,matched_sigma0.4,0.3,0.621826963613197,0.621826963613197,0.0,False
vit_tiny_badnet_a2a_0_05,pre_residual_droppath,droppath,oracle,0.7,0.6832398515625,0.6832398515625,0.0,False
vit_gtsrb_lf_0_01,before_attention_residual_droppath,droppath,matched_sigma0.6,0.5,0.9125130154334165,0.9125130154334165,0.0,False
vit_tiny_bpp_0_01,pre_residual_droppath,droppath,matched_sigma0.2,0.05,0.6494898997139205,0.6494898997139205,0.0,False
vit_tiny_adaptive_blend_0_1,before_attention_residual_droppath,droppath,matched_sigma0.2,0.1,0.70443566626113,0.70443566626113,0.0,False
vit_cifar100_blend_0_05,pre_residual_droppath,droppath,adaptive,0.3,0.7401335494110074,0.7401335494110074,0.0,False
vit_tiny_lc_0_1,before_mlp_residual_droppath,droppath,matched_sigma0.2,0.05,0.5345427338605768,0.5345427338605768,0.0,False
vit_cifar100_adaptive_blend_0_01,before_attention_residual_droppath,droppath,adaptive,0.5,0.7865224836375434,0.7865224836375434,0.0,False
vit_cifar100_lc_0_05,before_attention_residual_droppath,droppath,matched_sigma0.8,0.4,0.6349979189022339,0.6349979189022339,0.0,False
vit_cifar100_lc_0_1,pre_residual_droppath,droppath,oracle,0.4,0.7090407116995207,0.7090407116995207,0.0,False
vit_gtsrb_badnet_a2a_0_05,before_attention_residual_droppath,droppath,matched_sigma0.2,0.2,0.2635744431926893,0.2635744431926893,0.0,False
vit_gtsrb_blend_0_1,pre_residual_droppath,droppath,adaptive,0.3,0.8661115899568025,0.8661115899568025,0.0,False
vit_cifar100_lc_0_05,before_mlp_residual_droppath,droppath,matched_sigma0.6,0.3,0.5490156906391305,0.5490156906391305,0.0,False
vit_cifar100_lc_0_1,before_mlp_residual_droppath,droppath,matched_sigma0.2,0.1,0.5181142899785266,0.5181142899785266,0.0,False
vit_cifar100_lf_0_05,before_attention_residual_droppath,droppath,oracle,0.4,0.8694914738841186,0.8694914738841186,0.0,False
vit_cifar10_adaptive_blend_0_05,before_attention_residual_droppath,droppath,matched_sigma0.4,0.4,0.7672491512345679,0.7672491512345679,0.0,False
vit_tiny_bpp_0_05,before_mlp_residual_droppath,droppath,matched_sigma0.2,0.05,0.5925780007006318,0.5925780007006318,0.0,False
vit_tiny_blend_0_05,pre_residual_droppath,droppath,matched_sigma0.4,0.1,0.6912659286116128,0.6912659286116128,0.0,False
vit_gtsrb_wanet_0_05,before_attention_residual_droppath,droppath,matched_sigma0.2,0.2,0.437375942949763,0.43737594294976306,5.551115123125783e-17,False
vit_gtsrb_lf_0_01,pre_residual_droppath,droppath,adaptive,0.4,0.8282566082760908,0.8282566082760908,0.0,False
vit_cifar100_lf_0_1,pre_residual_droppath,droppath,matched_sigma0.2,0.05,0.7325547699838262,0.7325547699838262,0.0,False
vit_cifar100_badnet_a2o_0_05,pre_residual_droppath,droppath,matched_sigma0.2,0.05,0.7102581558879902,0.7102581558879902,0.0,False
vit_tiny_adaptive_blend_0_05,before_mlp_residual_droppath,droppath,matched_sigma0.6,0.3,0.7159088794072638,0.7159088794072638,0.0,False
vit_gtsrb_adaptive_blend_0_1,before_mlp_residual_droppath,droppath,matched_sigma0.6,0.3,0.8701344746698138,0.8701344746698138,0.0,False
vit_tiny_blend_0_05,before_attention_residual_droppath,droppath,matched_sigma0.4,0.2,0.9019767977551618,0.9019767977551618,0.0,False
vit_tiny_lf_0_1,pre_residual_droppath,droppath,adaptive,0.3,0.6944728875832908,0.6944728875832908,0.0,False
vit_tiny_badnet_a2a_0_05,pre_residual_droppath,droppath,matched_sigma0.2,0.05,0.4365865234375,0.4365865234375,0.0,False
vit_gtsrb_badnet_a2a_0_1,before_mlp_residual_droppath,droppath,adaptive,0.3,0.4512397021511209,0.45123970215112097,5.551115123125783e-17,False
vit_gtsrb_blend_0_1,before_mlp_residual_droppath,droppath,matched_sigma0.4,0.15,0.7597329631832903,0.7597329631832903,0.0,False
vit_cifar100_badnet_a2o_0_05,before_mlp_residual_droppath,droppath,matched_sigma0.4,0.2,0.7013348556141155,0.7013348556141155,0.0,False
vit_tiny_lf_0_05,pre_residual_droppath,droppath,matched_sigma0.4,0.1,0.8078359359653897,0.8078359359653897,0.0,False
vit_cifar10_sig_0_05,before_mlp_residual_droppath,droppath,matched_sigma0.2,0.2,0.4575613908179012,0.4575613908179012,0.0,False
vit_gtsrb_bpp_0_1,before_mlp_residual_droppath,droppath,matched_sigma0.4,0.15,0.7596259512701314,0.7596259512701314,0.0,False
vit_gtsrb_bpp_0_01,pre_residual_droppath,droppath,oracle,0.5,0.8962247235519618,0.8962247235519618,0.0,False
vit_gtsrb_benign,before_mlp_residual_droppath,droppath,matched_sigma0.6,0.4,0.4984623449797399,0.4984623449797399,0.0,False
vit_gtsrb_badnet_a2a_0_1,pre_residual_droppath,droppath,adaptive,0.2,0.4269328539101515,0.42693285391015157,5.551115123125783e-17,False
vit_tiny_benign,before_attention_residual_droppath,droppath,matched_sigma0.8,0.4,0.5045433642113659,0.5045433642113659,0.0,False
vit_gtsrb_badnet_a2a_0_05,before_mlp_residual_droppath,droppath,matched_sigma0.2,0.1,0.3516308810241697,0.35163088102416973,5.551115123125783e-17,False
vit_gtsrb_wanet_0_05,before_mlp_residual_droppath,droppath,matched_sigma0.6,0.3,0.7174879236689582,0.7174879236689582,0.0,False
vit_gtsrb_lf_0_1,before_mlp_residual_droppath,droppath,oracle,0.7,0.943860570859135,0.943860570859135,0.0,False
vit_cifar10_adaptive_blend_0_01,before_mlp_residual_droppath,droppath,adaptive,0.7,0.8685965856481481,0.8685965856481481,0.0,False
vit_tiny_bpp_0_1,before_attention_residual_droppath,droppath,matched_sigma0.6,0.3,0.9327561811199092,0.9327561811199093,1.1102230246251565e-16,False
vit_tiny_benign,before_attention_residual_droppath,droppath,matched_sigma0.2,0.1,0.4991063952726311,0.4991063952726311,0.0,False
vit_cifar100_badnet_a2o_0_1,pre_residual_droppath,droppath,oracle,0.2,0.8193384862617619,0.8193384862617619,0.0,False
vit_cifar100_badnet_a2o_0_01,before_mlp_residual_droppath,droppath,adaptive,0.4,0.7255787387230639,0.7255787387230639,0.0,False
vit_tiny_lc_0_1,pre_residual_droppath,droppath,matched_sigma0.4,0.1,0.5864735513696664,0.5864735513696664,0.0,False
vit_gtsrb_wanet_0_1,before_attention_residual_droppath,droppath,matched_sigma0.6,0.4,0.7903669196666376,0.7903669196666376,0.0,False
vit_cifar10_adaptive_blend_0_05,pre_residual_droppath,droppath,matched_sigma0.4,0.2,0.6450768711419753,0.6450768711419753,0.0,False
vit_cifar100_badnet_a2o_0_01,before_attention_residual_droppath,droppath,oracle,0.3,0.7546122593618472,0.7546122593618472,0.0,False
vit_cifar100_lc_0_01,before_mlp_residual_droppath,droppath,adaptive,0.5,0.6483918481624684,0.6483918481624684,0.0,False
vit_tiny_lf_0_01,pre_residual_droppath,droppath,matched_sigma0.6,0.15,0.7329549192154079,0.7329549192154079,0.0,False
vit_cifar100_blend_0_05,before_attention_residual_droppath,droppath,oracle,0.4,0.8651430689866949,0.8651430689866949,0.0,False
vit_gtsrb_lf_0_1,before_attention_residual_droppath,droppath,matched_sigma0.6,0.4,0.9565716137414376,0.9565716137414377,1.1102230246251565e-16,False
vit_gtsrb_badnet_a2o_0_01,pre_residual_droppath,droppath,matched_sigma0.4,0.2,0.6830840225654826,0.6830840225654826,0.0,False
vit_gtsrb_benign,before_mlp_residual_droppath,droppath,adaptive,0.5,0.4972334775089628,0.49723347750896285,5.551115123125783e-17,False
vit_gtsrb_bpp_0_01,before_attention_residual_droppath,droppath,oracle,0.7,0.9497733186680362,0.9497733186680362,0.0,False
vit_gtsrb_bpp_0_01,before_attention_residual_droppath,droppath,adaptive,0.5,0.8935041418275519,0.8935041418275519,0.0,False
vit_cifar100_badnet_a2a_0_1,before_mlp_residual_droppath,droppath,oracle,0.7,0.65796753125,0.65796753125,0.0,False
vit_tiny_bpp_0_05,before_attention_residual_droppath,droppath,matched_sigma0.4,0.2,0.8447981875828283,0.8447981875828283,0.0,False
vit_tiny_bpp_0_01,before_mlp_residual_droppath,droppath,matched_sigma0.4,0.15,0.5889960832530949,0.5889960832530949,0.0,False
vit_tiny_wanet_0_05,pre_residual_droppath,droppath,matched_sigma0.8,0.2,0.7462266606621533,0.7462266606621533,0.0,False
vit_cifar100_lc_0_1,pre_residual_droppath,droppath,adaptive,0.3,0.6789136629754949,0.6789136629754949,0.0,False
vit_tiny_lf_0_01,before_mlp_residual_droppath,droppath,matched_sigma0.2,0.05,0.5858963296961003,0.5858963296961003,0.0,False
vit_tiny_badnet_a2o_0_01,pre_residual_droppath,droppath,adaptive,0.3,0.7580552729396027,0.7580552729396027,0.0,False
vit_gtsrb_benign,before_attention_residual_droppath,droppath,oracle,0.4,0.5069248790668861,0.5069248790668861,0.0,False
vit_cifar100_badnet_a2a_0_05,pre_residual_droppath,droppath,matched_sigma0.4,0.1,0.3744071953125,0.3744071953125,0.0,False
vit_gtsrb_lf_0_01,before_mlp_residual_droppath,droppath,matched_sigma0.2,0.15,0.5871808110963221,0.5871808110963221,0.0,False
vit_cifar10_adaptive_blend_0_01,before_attention_residual_droppath,droppath,matched_sigma0.6,0.5,0.7659629050925926,0.7659629050925926,0.0,False
vit_cifar100_lf_0_05,before_mlp_residual_droppath,droppath,adaptive,0.5,0.6174226073062294,0.6174226073062294,0.0,False
vit_tiny_badnet_a2a_0_1,before_mlp_residual_droppath,droppath,matched_sigma0.4,0.15,0.4579076875,0.4579076875,0.0,False
vit_tiny_blend_0_01,before_attention_residual_droppath,droppath,matched_sigma0.2,0.1,0.8034579421444691,0.8034579421444691,0.0,False
vit_tiny_wanet_0_05,pre_residual_droppath,droppath,matched_sigma0.2,0.05,0.6242551958672604,0.6242551958672604,0.0,False
vit_tiny_lf_0_1,pre_residual_droppath,droppath,oracle,0.2,0.7494862593710216,0.7494862593710216,0.0,False
vit_gtsrb_wanet_0_1,before_mlp_residual_droppath,droppath,adaptive,0.5,0.934766841650002,0.9347668416500019,1.1102230246251565e-16,False
vit_cifar100_adaptive_blend_0_1,before_attention_residual_droppath,droppath,matched_sigma0.2,0.15,0.7847097377417754,0.7847097377417754,0.0,False
vit_cifar100_lf_0_05,before_mlp_residual_droppath,droppath,matched_sigma0.2,0.1,0.5885637312746095,0.5885637312746095,0.0,False
vit_cifar10_wanet_0_05,before_mlp_residual_droppath,droppath,matched_sigma0.6,0.4,0.7552492283950618,0.7552492283950618,0.0,False
vit_cifar100_wanet_0_05,before_mlp_residual_droppath,droppath,adaptive,0.4,0.7166797811076229,0.7166797811076229,0.0,False
vit_cifar100_lc_0_1,before_attention_residual_droppath,droppath,matched_sigma0.6,0.4,0.7187459779742837,0.7187459779742837,0.0,False
vit_tiny_adaptive_blend_0_05,before_attention_residual_droppath,droppath,adaptive,0.5,0.9138181338677216,0.9138181338677217,1.1102230246251565e-16,False
vit_cifar10_sig_0_05,before_mlp_residual_droppath,droppath,matched_sigma0.6,0.4,0.5340115258487654,0.5340115258487654,0.0,False
vit_cifar100_badnet_a2o_0_05,pre_residual_droppath,droppath,oracle,0.2,0.8148072400653023,0.8148072400653023,0.0,False
vit_cifar100_badnet_a2o_0_01,pre_residual_droppath,droppath,adaptive,0.3,0.7461672085236017,0.7461672085236017,0.0,False
vit_gtsrb_wanet_0_1,pre_residual_droppath,droppath,matched_sigma0.4,0.15,0.6646410367861806,0.6646410367861806,0.0,False
vit_tiny_lc_0_1,before_attention_residual_droppath,droppath,matched_sigma0.4,0.2,0.5933239000145882,0.5933239000145882,0.0,False
vit_cifar100_benign,before_mlp_residual_droppath,droppath,adaptive,0.4,0.495975847294114,0.495975847294114,0.0,False
vit_tiny_lf_0_05_evade_l1,mlp_norm_out_gain_scale,gain_scale,matched_sigma0.4,0.5,0.5415092309134699,0.5415092309134699,0.0,False
vit_gtsrb_adaptive_blend_0_05,mlp_norm_out_gain_scale,gain_scale,matched_sigma0.2,1.0,0.1914466362672042,0.19144663626720426,5.551115123125783e-17,False
swin_cifar100_adaptive_blend_0_05,mlp_norm_out_gain_scale,gain_scale,adaptive,1.0,0.9604102655784036,0.9604102655784036,0.0,False
swin_tiny_badnet_a2o_0_05_evade_l1,mlp_norm_out_gain_scale,gain_scale,oracle,0.5,0.971992818263332,0.971992818263332,0.0,False
swin_tiny_badnet_a2o_0_05_evade_l1,mlp_norm_out_gain_scale,gain_scale,matched_sigma0.2,0.25,0.7412172978296657,0.7412172978296657,0.0,False
swin_cifar100_wanet_0_05,mlp_norm_out_gain_scale,gain_scale,matched_sigma0.4,0.5,0.7534480816987505,0.7534480816987505,0.0,False
swin_tiny_lc_0_1_evade_l1,mlp_norm_out_gain_scale,gain_scale,adaptive,0.5,0.5564377625050712,0.5564377625050712,0.0,False
swin_cifar100_lc_0_05,final_norm_out_gain_scale,gain_scale,matched_sigma0.2,0.25,0.7137319170960884,0.7137319170960884,0.0,False
swin_cifar100_wanet_0_05,attention_norm_out_gain_scale,gain_scale,adaptive,1.0,0.7602877621474854,0.7602877621474854,0.0,False
vit_gtsrb_bpp_0_01,mlp_norm_out_gain_scale,gain_scale,oracle,4.0,0.9461067307186678,0.9461067307186678,0.0,False
vit_tiny_bpp_0_1,final_norm_out_gain_scale,gain_scale,matched_sigma0.2,1.0,0.0105244112854355,0.01052441128543554,3.9898639947466563e-17,False
vit_cifar100_lc_0_01,attention_norm_out_gain_scale,gain_scale,matched_sigma0.2,0.25,0.6663532263400335,0.6663532263400335,0.0,False
swin_cifar100_wanet_0_05,mlp_norm_out_gain_scale,gain_scale,matched_sigma0.2,0.25,0.6437262943410502,0.6437262943410502,0.0,False
swin_cifar100_bpp_0_05_evade_l1,mlp_norm_out_gain_scale,gain_scale,matched_sigma0.4,0.5,0.9221634797072016,0.9221634797072015,1.1102230246251565e-16,False
vit_tiny_blend_0_01_evade_l1,mlp_norm_out_gain_scale,gain_scale,adaptive,2.0,0.7671446929428386,0.7671446929428386,0.0,False
vit_tiny_badnet_a2a_0_05,mlp_norm_out_gain_scale,gain_scale,matched_sigma0.2,0.5,0.4190503046875,0.4190503046875,0.0,False
swin_cifar100_tact_0_1_evade_l1,mlp_norm_out_gain_scale,gain_scale,matched_sigma0.4,0.5,0.4846965049130268,0.48469650491302685,5.551115123125783e-17,False
vit_gtsrb_adaptive_blend_0_05,attention_norm_out_gain_scale,gain_scale,adaptive,2.0,0.973147423057684,0.9731474230576839,1.1102230246251565e-16,False
vit_gtsrb_badnet_a2o_0_01,attention_norm_out_gain_scale,gain_scale,matched_sigma0.2,0.5,0.38813900563322,0.38813900563322007,5.551115123125783e-17,False
vit_tiny_lf_0_01,mlp_norm_out_gain_scale,gain_scale,oracle,1.0,0.932951190468692,0.932951190468692,0.0,False
vit_tiny_bpp_0_1_evade_l1,mlp_norm_out_gain_scale,gain_scale,matched_sigma0.2,0.25,0.4078681544208201,0.4078681544208201,0.0,False
swin_tiny_lf_0_01_evade_l1,mlp_norm_out_gain_scale,gain_scale,matched_sigma0.2,0.25,0.5395016039057186,0.5395016039057186,0.0,False
vit_gtsrb_adaptive_blend_0_1,mlp_norm_out_gain_scale,gain_scale,adaptive,3.0,0.963678736580926,0.963678736580926,0.0,False
vit_cifar100_wanet_0_05_evade_l1,mlp_norm_out_gain_scale,gain_scale,oracle,3.0,0.782096317913523,0.782096317913523,0.0,False
vit_cifar100_sig_0_01_evade_l1,mlp_norm_out_gain_scale,gain_scale,matched_sigma0.2,0.5,0.4270738089356711,0.42707380893567115,5.551115123125783e-17,False
vit_gtsrb_badnet_a2o_0_05,attention_norm_out_gain_scale,gain_scale,oracle,1.0,0.6846322098673241,0.6846322098673241,0.0,False
vit_gtsrb_bpp_0_01,attention_norm_out_gain_scale,gain_scale,matched_sigma0.4,1.0,0.6739256161210453,0.6739256161210453,0.0,False
vit_tiny_lf_0_05_evade_l1,mlp_norm_out_gain_scale,gain_scale,matched_sigma0.2,0.25,0.4138264138323811,0.41382641383238117,5.551115123125783e-17,False
swin_cifar100_benign,mlp_norm_out_gain_scale,gain_scale,oracle,0.25,0.511202579204426,0.511202579204426,0.0,False
vit_tiny_bpp_0_01,final_norm_out_gain_scale,gain_scale,oracle,0.25,0.1639864918335947,0.16398649183359476,5.551115123125783e-17,False
vit_gtsrb_badnet_a2o_0_01,mlp_norm_out_gain_scale,gain_scale,matched_sigma0.2,1.0,0.9437274717758984,0.9437274717758983,1.1102230246251565e-16,False
swin_cifar100_tact_0_01_evade_l1,mlp_norm_out_gain_scale,gain_scale,matched_sigma0.4,0.5,0.475708253637731,0.475708253637731,0.0,False
vit_cifar10_adaptive_blend_0_01,mlp_norm_out_gain_scale,gain_scale,adaptive,3.0,0.9027247685185186,0.9027247685185186,0.0,False
vit_tiny_lf_0_05_evade_l1,mlp_norm_out_gain_scale,gain_scale,adaptive,2.0,0.4868848596007674,0.48688485960076744,5.551115123125783e-17,False
swin_cifar100_wanet_0_01_evade_l1,mlp_norm_out_gain_scale,gain_scale,matched_sigma0.2,0.25,0.5337233931750369,0.5337233931750369,0.0,False
vit_tiny_wanet_0_01_evade_l1,mlp_norm_out_gain_scale,gain_scale,oracle,9.0,0.5439525624485748,0.5439525624485748,0.0,False
vit_cifar10_sig_0_05,final_norm_out_gain_scale,gain_scale,matched_sigma0.2,0.25,0.7275899980709876,0.7275899980709876,0.0,False
vit_tiny_badnet_a2o_0_01,final_norm_out_gain_scale,gain_scale,matched_sigma0.2,3.0,0.2586333312921523,0.2586333312921523,0.0,False
vit_cifar100_bpp_0_05,mlp_norm_out_gain_scale,gain_scale,oracle,1.0,0.9363780119550388,0.9363780119550388,0.0,False
vit_tiny_bpp_0_05,mlp_norm_out_gain_scale,gain_scale,adaptive,2.0,0.984105696172088,0.984105696172088,0.0,False
vit_tiny_badnet_a2a_0_1,mlp_norm_out_gain_scale,gain_scale,matched_sigma0.6,1.0,0.5973284062499999,0.5973284062499999,0.0,False
vit_cifar100_badnet_a2o_0_1,attention_norm_out_gain_scale,gain_scale,oracle,0.5,0.8867972364298659,0.8867972364298659,0.0,False
swin_tiny_badnet_a2a_0_01_evade_l1,mlp_norm_out_gain_scale,gain_scale,matched_sigma0.2,0.25,0.376799421875,0.376799421875,0.0,False
vit_tiny_badnet_a2o_0_01,attention_norm_out_gain_scale,gain_scale,oracle,0.5,0.7950175719162289,0.7950175719162289,0.0,False
swin_cifar100_benign,attention_norm_out_gain_scale,gain_scale,matched_sigma0.2,0.25,0.5015116391827412,0.5015116391827412,0.0,False
swin_cifar100_adaptive_blend_0_01,mlp_norm_out_gain_scale,gain_scale,matched_sigma0.4,0.5,0.4652666179547458,0.4652666179547458,0.0,False
swin_cifar100_wanet_0_01_evade_l1,mlp_norm_out_gain_scale,gain_scale,oracle,9.0,0.5956518904069574,0.5956518904069574,0.0,False
swin_cifar100_badnet_a2o_0_05,final_norm_out_gain_scale,gain_scale,oracle,0.5,0.0433066029660531,0.043306602966053195,9.71445146547012e-17,False
vit_cifar100_adaptive_blend_0_05,final_norm_out_gain_scale,gain_scale,oracle,6.0,0.5133357702595766,0.5133357702595766,0.0,False
vit_cifar100_wanet_0_1,final_norm_out_gain_scale,gain_scale,matched_sigma0.2,4.0,0.3764304324732659,0.3764304324732659,0.0,False
swin_cifar100_wanet_0_01,mlp_norm_out_gain_scale,gain_scale,adaptive,1.0,0.5592819075386021,0.5592819075386021,0.0,False
swin_cifar100_badnet_a2o_0_05_evade_l1,mlp_norm_out_gain_scale,gain_scale,matched_sigma0.4,0.5,0.7449250625227216,0.7449250625227216,0.0,False
vit_cifar100_badnet_a2a_0_01_evade_l1,mlp_norm_out_gain_scale,gain_scale,matched_sigma0.4,1.0,0.55099825,0.55099825,0.0,False
vit_cifar100_sig_0_05_evade_l1,mlp_norm_out_gain_scale,gain_scale,adaptive,2.0,0.656293953962047,0.656293953962047,0.0,False
swin_tiny_badnet_a2a_0_1_evade_l1,mlp_norm_out_gain_scale,gain_scale,oracle,9.0,0.59272259375,0.59272259375,0.0,False
vit_cifar10_wanet_0_05,final_norm_out_gain_scale,gain_scale,matched_sigma0.2,2.0,0.6979500385802468,0.6979500385802468,0.0,False
vit_cifar100_lf_0_1,final_norm_out_gain_scale,gain_scale,matched_sigma0.2,2.0,0.0681386286463606,0.06813862864636064,4.163336342344337e-17,False
vit_cifar100_badnet_a2o_0_1,attention_norm_out_gain_scale,gain_scale,adaptive,1.0,0.0054536892895096,0.0054536892895096275,2.7755575615628914e-17,False
swin_cifar100_lc_0_01,final_norm_out_gain_scale,gain_scale,oracle,0.5,0.4564180536328624,0.4564180536328624,0.0,False
swin_tiny_adaptive_blend_0_01_evade_l1,mlp_norm_out_gain_scale,gain_scale,adaptive,1.0,0.8073823138786683,0.8073823138786683,0.0,False
vit_cifar100_lf_0_1,mlp_norm_out_gain_scale,gain_scale,matched_sigma0.2,0.5,0.6424960802334022,0.6424960802334022,0.0,False
vit_cifar100_bpp_0_1,final_norm_out_gain_scale,gain_scale,matched_sigma0.2,2.0,0.0198405196718609,0.019840519671860943,4.163336342344337e-17,False
vit_cifar100_badnet_a2a_0_05,mlp_norm_out_gain_scale,gain_scale,adaptive,2.0,0.7125616171875,0.7125616171875,0.0,False
vit_tiny_sig_0_1_evade_l1,mlp_norm_out_gain_scale,gain_scale,matched_sigma0.4,0.5,0.4152043136137411,0.4152043136137411,0.0,False
swin_tiny_wanet_0_1_evade_l1,mlp_norm_out_gain_scale,gain_scale,matched_sigma0.2,0.25,0.51416149429351,0.51416149429351,0.0,False
vit_cifar100_badnet_a2o_0_1,mlp_norm_out_gain_scale,gain_scale,matched_sigma0.2,0.5,0.3938478599810286,0.3938478599810286,0.0,False
vit_tiny_blend_0_1,mlp_norm_out_gain_scale,gain_scale,adaptive,2.0,0.9961832993791636,0.9961832993791635,1.1102230246251565e-16,False
swin_cifar100_lc_0_05,mlp_norm_out_gain_scale,gain_scale,oracle,0.5,0.8449862144731869,0.8449862144731869,0.0,False
vit_tiny_benign,attention_norm_out_gain_scale,gain_scale,matched_sigma0.6,0.5,0.5024494803363153,0.5024494803363153,0.0,False
vit_tiny_lf_0_01_evade_l1,mlp_norm_out_gain_scale,gain_scale,oracle,1.0,0.8307117181359215,0.8307117181359215,0.0,False
swin_cifar100_benign,attention_norm_out_gain_scale,gain_scale,oracle,3.0,0.506660941486235,0.506660941486235,0.0,False
swin_tiny_wanet_0_05_evade_l1,mlp_norm_out_gain_scale,gain_scale,oracle,9.0,0.9488216805183608,0.9488216805183608,0.0,False
vit_cifar100_badnet_a2o_0_05,final_norm_out_gain_scale,gain_scale,matched_sigma0.2,0.5,0.0200006225335599,0.020000622533559945,4.5102810375396984e-17,False
vit_cifar100_lc_0_01,attention_norm_out_gain_scale,gain_scale,adaptive,1.0,0.5508409829804911,0.5508409829804911,0.0,False
vit_cifar100_sig_0_05_evade_l1,mlp_norm_out_gain_scale,gain_scale,matched_sigma0.4,1.0,0.4529528163458157,0.45295281634581575,5.551115123125783e-17,False
vit_tiny_wanet_0_05,mlp_norm_out_gain_scale,gain_scale,matched_sigma0.2,0.5,0.4994443977956445,0.49944439779564453,5.551115123125783e-17,False
vit_tiny_tact_0_05_evade_l1,mlp_norm_out_gain_scale,gain_scale,matched_sigma0.6,1.0,0.4968136343817979,0.4968136343817979,0.0,False
vit_cifar100_adaptive_blend_0_1_evade_l1,mlp_norm_out_gain_scale,gain_scale,matched_sigma0.2,0.5,0.3425010525206823,0.3425010525206823,0.0,False
vit_gtsrb_lf_0_1,mlp_norm_out_gain_scale,gain_scale,matched_sigma0.2,1.0,0.9739647987108954,0.9739647987108954,0.0,False
vit_cifar100_lf_0_01_evade_l1,mlp_norm_out_gain_scale,gain_scale,matched_sigma0.4,1.0,0.5829153007176295,0.5829153007176295,0.0,False
vit_tiny_badnet_a2o_0_05,mlp_norm_out_gain_scale,gain_scale,matched_sigma0.6,1.0,0.9697251261692176,0.9697251261692175,1.1102230246251565e-16,False
vit_gtsrb_blend_0_1,mlp_norm_out_gain_scale,gain_scale,matched_sigma0.2,0.25,0.9974496060041924,0.9974496060041923,1.1102230246251565e-16,False
vit_tiny_benign,attention_norm_out_gain_scale,gain_scale,oracle,6.0,0.5035276674979625,0.5035276674979625,0.0,False
swin_cifar100_badnet_a2o_0_05,mlp_norm_out_gain_scale,gain_scale,adaptive,1.0,0.8850350514328448,0.8850350514328448,0.0,False
vit_tiny_badnet_a2o_0_01_evade_l1,mlp_norm_out_gain_scale,gain_scale,adaptive,2.0,0.8906088719766072,0.8906088719766072,0.0,False
vit_tiny_lf_0_05,mlp_norm_out_gain_scale,gain_scale,matched_sigma0.4,0.5,0.6411599316455372,0.6411599316455372,0.0,False
swin_cifar100_sig_0_05_evade_l1,mlp_norm_out_gain_scale,gain_scale,adaptive,1.0,0.6540540861945601,0.6540540861945601,0.0,False
swin_cifar100_badnet_a2o_0_1,attention_norm_out_gain_scale,gain_scale,oracle,0.5,0.8918008499179335,0.8918008499179335,0.0,False
vit_cifar100_wanet_0_1,mlp_norm_out_gain_scale,gain_scale,adaptive,2.0,0.7599980047001283,0.7599980047001283,0.0,False
vit_tiny_wanet_0_1,mlp_norm_out_gain_scale,gain_scale,matched_sigma0.2,0.5,0.6041527993045019,0.6041527993045019,0.0,False
vit_gtsrb_bpp_0_1,final_norm_out_gain_scale,gain_scale,matched_sigma0.2,1.0,0.5251243488440371,0.5251243488440371,0.0,False
swin_tiny_bpp_0_1_evade_l1,mlp_norm_out_gain_scale,gain_scale,matched_sigma0.2,0.25,0.6972326811041781,0.6972326811041781,0.0,False
vit_gtsrb_wanet_0_1,mlp_norm_out_gain_scale,gain_scale,matched_sigma0.2,1.0,0.2470527887783593,0.24705278877835934,5.551115123125783e-17,False
vit_cifar100_lc_0_05,mlp_norm_out_gain_scale,gain_scale,matched_sigma0.2,0.5,0.3516237311389292,0.3516237311389292,0.0,False
swin_cifar100_lc_0_1_evade_l1,mlp_norm_out_gain_scale,gain_scale,oracle,3.0,0.7707043608076815,0.7707043608076815,0.0,False
vit_cifar100_wanet_0_1_evade_l1,mlp_norm_out_gain_scale,gain_scale,matched_sigma0.2,0.5,0.2887349359847942,0.2887349359847942,0.0,False
vit_cifar100_bpp_0_1,attention_norm_out_gain_scale,gain_scale,adaptive,1.0,0.9202042229324604,0.9202042229324603,1.1102230246251565e-16,False
vit_gtsrb_badnet_a2a_0_1,attention_norm_out_gain_scale,gain_scale,matched_sigma0.2,0.5,0.1129675061882228,0.11296750618822285,5.551115123125783e-17,False
swin_cifar100_wanet_0_1_evade_l1,mlp_norm_out_gain_scale,gain_scale,matched_sigma0.2,0.25,0.4317568256215658,0.43175682562156587,5.551115123125783e-17,False
vit_gtsrb_blend_0_05,attention_norm_out_gain_scale,gain_scale,oracle,0.5,0.7182081449453575,0.7182081449453575,0.0,False
swin_cifar100_adaptive_blend_0_1_evade_l1,mlp_norm_out_gain_scale,gain_scale,adaptive,1.0,0.9751811911860424,0.9751811911860423,1.1102230246251565e-16,False
vit_tiny_badnet_a2a_0_1,mlp_norm_out_gain_scale,gain_scale,matched_sigma0.2,0.5,0.4993315703125,0.49933157031250003,5.551115123125783e-17,False
vit_cifar100_blend_0_1,attention_norm_out_gain_scale,gain_scale,matched_sigma0.4,0.5,0.949252612545887,0.949252612545887,0.0,False
swin_cifar100_blend_0_01,final_norm_out_gain_scale,gain_scale,oracle,0.5,0.2578966506497295,0.2578966506497295,0.0,False
swin_cifar100_blend_0_1,attention_norm_out_gain_scale,gain_scale,matched_sigma0.4,0.5,0.8690381178096875,0.8690381178096875,0.0,False
vit_cifar100_badnet_a2a_0_05,mlp_norm_out_gain_scale,gain_scale,oracle,9.0,0.7266069062500001,0.7266069062500001,0.0,False
vit_tiny_adaptive_blend_0_1_evade_l1,mlp_norm_out_gain_scale,gain_scale,matched_sigma0.6,1.0,0.8247149793843087,0.8247149793843087,0.0,False
vit_gtsrb_blend_0_01,mlp_norm_out_gain_scale,gain_scale,adaptive,2.0,0.9999997140152648,0.9999997140152647,1.1102230246251565e-16,False
vit_cifar100_lf_0_05_evade_l1,mlp_norm_out_gain_scale,gain_scale,matched_sigma0.2,0.5,0.468821619792417,0.468821619792417,0.0,False
vit_tiny_sig_0_1_evade_l1,mlp_norm_out_gain_scale,gain_scale,matched_sigma0.6,1.0,0.5142067302110147,0.5142067302110147,0.0,False
vit_tiny_wanet_0_05,attention_norm_out_gain_scale,gain_scale,oracle,0.5,0.8984577969885585,0.8984577969885585,0.0,False
vit_cifar100_bpp_0_05,attention_norm_out_gain_scale,gain_scale,adaptive,1.0,0.972709637178662,0.972709637178662,0.0,False
swin_cifar100_wanet_0_01_evade_l1,mlp_norm_out_gain_scale,gain_scale,matched_sigma0.4,0.5,0.5157828459281317,0.5157828459281317,0.0,False
vit_gtsrb_bpp_0_05,mlp_norm_out_gain_scale,gain_scale,adaptive,3.0,0.9967563656001688,0.9967563656001688,0.0,False
swin_cifar100_badnet_a2o_0_01,attention_norm_out_gain_scale,gain_scale,matched_sigma0.2,0.25,0.7039865931811026,0.7039865931811026,0.0,False
vit_cifar10_wanet_0_05,attention_norm_out_gain_scale,gain_scale,adaptive,2.0,0.9227165895061727,0.9227165895061729,1.1102230246251565e-16,False
vit_tiny_adaptive_blend_0_05_evade_l1,mlp_norm_out_gain_scale,gain_scale,adaptive,2.0,0.929703281586001,0.929703281586001,0.0,False
swin_cifar100_badnet_a2o_0_01,mlp_norm_out_gain_scale,gain_scale,matched_sigma0.2,0.25,0.6626448737354288,0.6626448737354288,0.0,False
vit_tiny_bpp_0_01,final_norm_out_gain_scale,gain_scale,matched_sigma0.2,4.0,0.1630976467045954,0.1630976467045954,0.0,False
swin_tiny_tact_0_01_evade_l1,mlp_norm_out_gain_scale,gain_scale,oracle,2.0,0.5102212730178084,0.5102212730178084,0.0,False
vit_tiny_lc_0_1,final_norm_out_gain_scale,gain_scale,matched_sigma0.2,2.0,0.6164144561015927,0.6164144561015927,0.0,False
vit_tiny_lc_0_01_evade_l1,mlp_norm_out_gain_scale,gain_scale,oracle,1.0,0.6959425142181358,0.6959425142181358,0.0,False
vit_cifar100_wanet_0_1,mlp_norm_out_gain_scale,gain_scale,oracle,3.0,0.7605135343185591,0.7605135343185591,0.0,False
swin_cifar100_blend_0_1,attention_norm_out_gain_scale,gain_scale,adaptive,1.0,0.9622530447278392,0.9622530447278391,1.1102230246251565e-16,False
swin_tiny_adaptive_blend_0_1_evade_l1,mlp_norm_out_gain_scale,gain_scale,adaptive,1.0,0.8531983340742679,0.8531983340742679,0.0,False
swin_cifar100_sig_0_1_evade_l1,mlp_norm_out_gain_scale,gain_scale,adaptive,1.0,0.645987487873565,0.645987487873565,0.0,False
swin_cifar100_benign,attention_norm_out_gain_scale,gain_scale,adaptive,1.0,0.5024244888740084,0.5024244888740084,0.0,False
swin_cifar100_adaptive_blend_0_01_evade_l1,mlp_norm_out_gain_scale,gain_scale,adaptive,1.0,0.8331323933342618,0.8331323933342618,0.0,False
vit_cifar100_blend_0_05_evade_l1,mlp_norm_out_gain_scale,gain_scale,matched_sigma0.4,1.0,0.6510520058949139,0.6510520058949139,0.0,False
vit_cifar100_tact_0_01_evade_l1,mlp_norm_out_gain_scale,gain_scale,oracle,4.0,0.5691154875575095,0.5691154875575095,0.0,False
swin_tiny_wanet_0_01_evade_l1,mlp_norm_out_gain_scale,gain_scale,adaptive,1.0,0.5728105046340887,0.5728105046340887,0.0,False
swin_tiny_badnet_a2a_0_1_evade_l1,mlp_norm_out_gain_scale,gain_scale,adaptive,1.0,0.5730304140625,0.5730304140625,0.0,False
vit_cifar100_badnet_a2o_0_05_evade_l1,mlp_norm_out_gain_scale,gain_scale,matched_sigma0.4,1.0,0.7986815058448319,0.7986815058448319,0.0,False
vit_cifar100_lc_0_1,attention_norm_out_gain_scale,gain_scale,matched_sigma0.4,0.5,0.6745450656433705,0.6745450656433705,0.0,False
swin_tiny_lf_0_01_evade_l1,mlp_norm_out_gain_scale,gain_scale,matched_sigma0.6,0.5,0.8673612491434104,0.8673612491434104,0.0,False
vit_gtsrb_blend_0_05,attention_norm_out_gain_scale,gain_scale,adaptive,2.0,0.693533940543273,0.693533940543273,0.0,False
vit_cifar100_lf_0_05,attention_norm_out_gain_scale,gain_scale,matched_sigma0.2,0.25,0.5562836262899116,0.5562836262899116,0.0,False
vit_gtsrb_badnet_a2o_0_01,attention_norm_out_gain_scale,gain_scale,adaptive,2.0,0.1404972402294298,0.14049724022942983,2.7755575615628914e-17,False
vit_cifar100_lc_0_01,final_norm_out_gain_scale,gain_scale,oracle,0.25,0.6304520750919135,0.6304520750919135,0.0,False
vit_tiny_blend_0_01_evade_l1,mlp_norm_out_gain_scale,gain_scale,matched_sigma0.2,0.5,0.4655500822542266,0.4655500822542266,0.0,False
vit_tiny_adaptive_blend_0_1,mlp_norm_out_gain_scale,gain_scale,oracle,1.0,0.9425630217788644,0.9425630217788643,1.1102230246251565e-16,False
vit_tiny_lf_0_01,attention_norm_out_gain_scale,gain_scale,adaptive,1.0,0.6301630493166535,0.6301630493166535,0.0,False
vit_tiny_tact_0_05_evade_l1,mlp_norm_out_gain_scale,gain_scale,adaptive,2.0,0.5086483717808638,0.5086483717808638,0.0,False
vit_cifar100_wanet_0_05_evade_l1,mlp_norm_out_gain_scale,gain_scale,matched_sigma0.2,0.5,0.3171353000871147,0.31713530008711477,5.551115123125783e-17,False
vit_tiny_blend_0_1,attention_norm_out_gain_scale,gain_scale,matched_sigma0.2,0.25,0.8402966415342508,0.8402966415342508,0.0,False
swin_tiny_blend_0_01_evade_l1,mlp_norm_out_gain_scale,gain_scale,matched_sigma0.2,0.25,0.8146099179200552,0.8146099179200552,0.0,False
vit_tiny_lf_0_1,attention_norm_out_gain_scale,gain_scale,adaptive,1.0,0.6374661991557087,0.6374661991557087,0.0,False
vit_cifar100_lf_0_01,mlp_norm_out_gain_scale,gain_scale,matched_sigma0.4,1.0,0.8598838416226736,0.8598838416226736,0.0,False
swin_tiny_badnet_a2a_0_01_evade_l1,mlp_norm_out_gain_scale,gain_scale,matched_sigma0.6,0.5,0.697050296875,0.697050296875,0.0,False
vit_cifar100_lf_0_05_evade_l1,mlp_norm_out_gain_scale,gain_scale,adaptive,2.0,0.98023842237226,0.9802384223722599,1.1102230246251565e-16,False
vit_cifar100_blend_0_1,attention_norm_out_gain_scale,gain_scale,adaptive,1.0,0.999038887995438,0.999038887995438,0.0,False
vit_gtsrb_lf_0_1,mlp_norm_out_gain_scale,gain_scale,adaptive,2.0,0.9984570855417164,0.9984570855417163,1.1102230246251565e-16,False
vit_tiny_benign,attention_norm_out_gain_scale,gain_scale,matched_sigma0.2,0.25,0.5014539902096876,0.5014539902096876,0.0,False
swin_cifar100_adaptive_blend_0_01_evade_l1,mlp_norm_out_gain_scale,gain_scale,matched_sigma0.4,0.5,0.677260628862651,0.677260628862651,0.0,False
swin_cifar100_badnet_a2o_0_05_evade_l1,mlp_norm_out_gain_scale,gain_scale,matched_sigma0.2,0.25,0.4872330099218281,0.48723300992182816,5.551115123125783e-17,False
vit_tiny_adaptive_blend_0_05,final_norm_out_gain_scale,gain_scale,oracle,6.0,0.4805892212288316,0.48058922122883163,5.551115123125783e-17,False
vit_cifar10_adaptive_blend_0_01,final_norm_out_gain_scale,gain_scale,matched_sigma0.2,0.25,0.9094690875771604,0.9094690875771605,1.1102230246251565e-16,False
vit_tiny_badnet_a2a_0_05,mlp_norm_out_gain_scale,gain_scale,adaptive,2.0,0.68006978125,0.68006978125,0.0,False
vit_tiny_lf_0_01,mlp_norm_out_gain_scale,gain_scale,matched_sigma0.2,0.5,0.695627062561692,0.695627062561692,0.0,False
swin_cifar100_wanet_0_05,final_norm_out_gain_scale,gain_scale,oracle,0.25,0.5725744755653582,0.5725744755653582,0.0,False
vit_tiny_bpp_0_1,final_norm_out_gain_scale,gain_scale,oracle,6.0,0.0121436140216094,0.012143614021609446,4.5102810375396984e-17,False
swin_cifar100_wanet_0_01,attention_norm_out_gain_scale,gain_scale,oracle,2.0,0.568828739022359,0.568828739022359,0.0,False
vit_cifar100_badnet_a2o_0_01,mlp_norm_out_gain_scale,gain_scale,matched_sigma0.2,0.5,0.3420383025744555,0.34203830257445555,5.551115123125783e-17,False
swin_cifar100_wanet_0_05,attention_norm_out_gain_scale,gain_scale,matched_sigma0.2,0.25,0.565210941107128,0.565210941107128,0.0,False
swin_tiny_adaptive_blend_0_1_evade_l1,mlp_norm_out_gain_scale,gain_scale,oracle,0.5,0.9159661256147834,0.9159661256147834,0.0,False
vit_cifar100_lf_0_05,mlp_norm_out_gain_scale,gain_scale,matched_sigma0.2,0.5,0.5495496169223776,0.5495496169223776,0.0,False
swin_cifar100_wanet_0_1,final_norm_out_gain_scale,gain_scale,oracle,0.25,0.5926690368168742,0.5926690368168742,0.0,False
vit_cifar100_lc_0_1_evade_l1,mlp_norm_out_gain_scale,gain_scale,adaptive,2.0,0.7158578612221052,0.7158578612221052,0.0,False
vit_cifar100_lc_0_05_evade_l1,mlp_norm_out_gain_scale,gain_scale,matched_sigma0.4,1.0,0.5068592343874769,0.5068592343874769,0.0,False
swin_tiny_sig_0_05_evade_l1,mlp_norm_out_gain_scale,gain_scale,oracle,9.0,0.629200726407851,0.629200726407851,0.0,False
swin_cifar100_wanet_0_05_evade_l1,mlp_norm_out_gain_scale,gain_scale,matched_sigma0.4,0.5,0.4921689268758513,0.4921689268758513,0.0,False
vit_cifar100_lc_0_05,mlp_norm_out_gain_scale,gain_scale,matched_sigma0.4,1.0,0.504599828643647,0.504599828643647,0.0,False
vit_tiny_lc_0_1_evade_l1,mlp_norm_out_gain_scale,gain_scale,matched_sigma0.2,0.25,0.3842435445598887,0.38424354455988874,5.551115123125783e-17,False
vit_cifar100_lc_0_1,mlp_norm_out_gain_scale,gain_scale,matched_sigma0.2,0.5,0.4774218251486797,0.47742182514867976,5.551115123125783e-17,False
swin_tiny_sig_0_01_evade_l1,mlp_norm_out_gain_scale,gain_scale,adaptive,1.0,0.6337153593786449,0.6337153593786449,0.0,False
swin_cifar100_lc_0_1,mlp_norm_out_gain_scale,gain_scale,matched_sigma0.2,0.25,0.7167462166121484,0.7167462166121484,0.0,False
vit_gtsrb_badnet_a2o_0_1,attention_norm_out_gain_scale,gain_scale,adaptive,2.0,0.0876930633794723,0.08769306337947232,1.3877787807814457e-17,False
vit_cifar100_badnet_a2o_0_1_evade_l1,mlp_norm_out_gain_scale,gain_scale,matched_sigma0.4,1.0,0.7509544357311915,0.7509544357311915,0.0,False
swin_tiny_blend_0_1_evade_l1,mlp_norm_out_gain_scale,gain_scale,matched_sigma0.2,0.25,0.6381077661790391,0.6381077661790391,0.0,False
vit_cifar100_benign,final_norm_out_gain_scale,gain_scale,matched_sigma0.2,6.0,0.5100827131608783,0.5100827131608783,0.0,False
swin_cifar100_wanet_0_1,mlp_norm_out_gain_scale,gain_scale,adaptive,1.0,0.9688139099537132,0.9688139099537131,1.1102230246251565e-16,False
vit_tiny_wanet_0_05_evade_l1,mlp_norm_out_gain_scale,gain_scale,oracle,1.0,0.6397393059836234,0.6397393059836234,0.0,False
vit_cifar100_badnet_a2a_0_1,attention_norm_out_gain_scale,gain_scale,adaptive,1.0,0.644290015625,0.644290015625,0.0,False
vit_gtsrb_bpp_0_1,final_norm_out_gain_scale,gain_scale,oracle,0.25,0.5281347939717707,0.5281347939717707,0.0,False
vit_gtsrb_benign,final_norm_out_gain_scale,gain_scale,oracle,2.0,0.4975708724690039,0.4975708724690039,0.0,False
swin_cifar100_badnet_a2o_0_01,mlp_norm_out_gain_scale,gain_scale,adaptive,1.0,0.873262247449907,0.873262247449907,0.0,False
vit_cifar100_tact_0_05_evade_l1,mlp_norm_out_gain_scale,gain_scale,matched_sigma0.4,1.0,0.4667235939022039,0.46672359390220397,5.551115123125783e-17,False
swin_tiny_lc_0_05_evade_l1,mlp_norm_out_gain_scale,gain_scale,adaptive,0.5,0.7913829989451056,0.7913829989451056,0.0,False
swin_cifar100_badnet_a2o_0_05,mlp_norm_out_gain_scale,gain_scale,matched_sigma0.2,0.25,0.6530268659146514,0.6530268659146514,0.0,False
swin_cifar100_badnet_a2o_0_1_evade_l1,mlp_norm_out_gain_scale,gain_scale,adaptive,1.0,0.9989894045586216,0.9989894045586216,0.0,False
vit_tiny_badnet_a2o_0_1_evade_l1,mlp_norm_out_gain_scale,gain_scale,oracle,1.0,0.876577749633791,0.876577749633791,0.0,False
swin_cifar100_lc_0_01,final_norm_out_gain_scale,gain_scale,matched_sigma0.2,6.0,0.4559228840543217,0.4559228840543217,0.0,False
vit_cifar100_lc_0_1_evade_l1,mlp_norm_out_gain_scale,gain_scale,matched_sigma0.2,0.5,0.318517204872203,0.31851720487220303,5.551115123125783e-17,False
vit_gtsrb_badnet_a2o_0_05,attention_norm_out_gain_scale,gain_scale,adaptive,2.0,0.1344515810147746,0.13445158101477464,2.7755575615628914e-17,False
vit_cifar100_blend_0_05,final_norm_out_gain_scale,gain_scale,oracle,0.25,0.0435063165208035,0.04350631652080359,9.020562075079397e-17,False
vit_tiny_lc_0_1,mlp_norm_out_gain_scale,gain_scale,matched_sigma0.6,1.0,0.7471372357651345,0.7471372357651345,0.0,False
vit_gtsrb_badnet_a2o_0_01,mlp_norm_out_gain_scale,gain_scale,oracle,2.0,0.9999991331087712,0.9999991331087711,1.1102230246251565e-16,False
swin_cifar100_bpp_0_01_evade_l1,mlp_norm_out_gain_scale,gain_scale,matched_sigma0.4,0.5,0.8956927940543257,0.8956927940543257,0.0,False
vit_cifar100_sig_0_01_evade_l1,mlp_norm_out_gain_scale,gain_scale,matched_sigma0.4,1.0,0.4385861783981652,0.43858617839816527,5.551115123125783e-17,False
vit_tiny_lf_0_05,attention_norm_out_gain_scale,gain_scale,oracle,0.5,0.9646773076762724,0.9646773076762724,0.0,False
vit_cifar100_tact_0_1_evade_l1,mlp_norm_out_gain_scale,gain_scale,adaptive,2.0,0.5254591643923574,0.5254591643923574,0.0,False
vit_tiny_badnet_a2o_0_1,mlp_norm_out_gain_scale,gain_scale,adaptive,2.0,0.9901500309073952,0.9901500309073953,1.1102230246251565e-16,False
vit_tiny_blend_0_1,final_norm_out_gain_scale,gain_scale,matched_sigma0.2,4.0,0.0055874685442248,0.00558746854422483,3.0357660829594124e-17,False
vit_tiny_tact_0_05_evade_l1,mlp_norm_out_gain_scale,gain_scale,oracle,3.0,0.5087674012060901,0.5087674012060901,0.0,False
swin_cifar100_wanet_0_01,mlp_norm_out_gain_scale,gain_scale,matched_sigma0.2,0.25,0.5121745296778908,0.5121745296778908,0.0,False
vit_gtsrb_badnet_a2o_0_01,attention_norm_out_gain_scale,gain_scale,oracle,1.0,0.8470785551093123,0.8470785551093123,0.0,False
swin_tiny_sig_0_1_evade_l1,mlp_norm_out_gain_scale,gain_scale,matched_sigma0.2,0.25,0.4181683594182214,0.4181683594182214,0.0,False
vit_tiny_wanet_0_05,attention_norm_out_gain_scale,gain_scale,adaptive,1.0,0.6551312235478217,0.6551312235478217,0.0,False
vit_tiny_badnet_a2o_0_1_evade_l1,mlp_norm_out_gain_scale,gain_scale,adaptive,2.0,0.7534761367550851,0.7534761367550851,0.0,False
vit_tiny_blend_0_05,attention_norm_out_gain_scale,gain_scale,oracle,0.5,0.955571864481179,0.955571864481179,0.0,False
swin_cifar100_lf_0_05_evade_l1,mlp_norm_out_gain_scale,gain_scale,matched_sigma0.2,0.25,0.5532205057765927,0.5532205057765927,0.0,False
vit_tiny_lf_0_01,attention_norm_out_gain_scale,gain_scale,matched_sigma0.2,0.25,0.6785464268668925,0.6785464268668925,0.0,False
vit_gtsrb_benign,attention_norm_out_gain_scale,gain_scale,matched_sigma0.2,0.5,0.5007633826288796,0.5007633826288796,0.0,False
swin_cifar100_wanet_0_1,attention_norm_out_gain_scale,gain_scale,matched_sigma0.2,0.25,0.5399859451077043,0.5399859451077043,0.0,False
vit_cifar100_wanet_0_1,mlp_norm_out_gain_scale,gain_scale,matched_sigma0.2,0.5,0.369300731197591,0.369300731197591,0.0,False
vit_gtsrb_adaptive_blend_0_1,mlp_norm_out_gain_scale,gain_scale,matched_sigma0.2,1.0,0.1423582590836527,0.1423582590836527,0.0,False
vit_cifar100_tact_0_05_evade_l1,mlp_norm_out_gain_scale,gain_scale,adaptive,2.0,0.5378204780818304,0.5378204780818304,0.0,False
vit_cifar100_blend_0_01_evade_l1,mlp_norm_out_gain_scale,gain_scale,adaptive,2.0,0.9950125644032916,0.9950125644032916,0.0,False
swin_tiny_lc_0_01_evade_l1,mlp_norm_out_gain_scale,gain_scale,matched_sigma0.2,0.25,0.4941479435669813,0.49414794356698133,5.551115123125783e-17,False
vit_cifar100_wanet_0_05,attention_norm_out_gain_scale,gain_scale,matched_sigma0.2,0.25,0.593351493222565,0.593351493222565,0.0,False
swin_cifar100_wanet_0_01,attention_norm_out_gain_scale,gain_scale,matched_sigma0.2,0.25,0.4644524398327301,0.4644524398327301,0.0,False
vit_tiny_wanet_0_1,final_norm_out_gain_scale,gain_scale,oracle,9.0,0.1549750645193947,0.15497506451939477,8.326672684688674e-17,False
vit_tiny_tact_0_05_evade_l1,mlp_norm_out_gain_scale,gain_scale,matched_sigma0.4,0.5,0.4966043462379069,0.4966043462379069,0.0,False
vit_gtsrb_wanet_0_05,attention_norm_out_gain_scale,gain_scale,adaptive,1.0,0.8271918156101981,0.8271918156101981,0.0,False
vit_cifar100_tact_0_01_evade_l1,mlp_norm_out_gain_scale,gain_scale,adaptive,2.0,0.5413651203225682,0.5413651203225682,0.0,False
vit_cifar100_bpp_0_01,mlp_norm_out_gain_scale,gain_scale,matched_sigma0.2,0.5,0.4041892917044609,0.40418929170446094,5.551115123125783e-17,False
swin_tiny_adaptive_blend_0_05_evade_l1,mlp_norm_out_gain_scale,gain_scale,matched_sigma0.6,0.5,0.9413286203364046,0.9413286203364046,0.0,False
vit_tiny_lc_0_1,final_norm_out_gain_scale,gain_scale,oracle,9.0,0.6185674679225566,0.6185674679225566,0.0,False
vit_tiny_bpp_0_1,mlp_norm_out_gain_scale,gain_scale,adaptive,2.0,0.9877874941466016,0.9877874941466016,0.0,False
swin_cifar100_wanet_0_05,final_norm_out_gain_scale,gain_scale,matched_sigma0.2,0.5,0.5714141448404139,0.5714141448404139,0.0,False
swin_cifar100_adaptive_blend_0_1_evade_l1,mlp_norm_out_gain_scale,gain_scale,matched_sigma0.2,0.25,0.7710465228108667,0.7710465228108667,0.0,False
swin_cifar100_lc_0_05,mlp_norm_out_gain_scale,gain_scale,adaptive,1.0,0.6981214251708674,0.6981214251708674,0.0,False
vit_cifar100_lc_0_01_evade_l1,mlp_norm_out_gain_scale,gain_scale,adaptive,2.0,0.7313577337224434,0.7313577337224434,0.0,False
swin_cifar100_blend_0_05,mlp_norm_out_gain_scale,gain_scale,oracle,0.5,0.9183127265413592,0.9183127265413593,1.1102230246251565e-16,False
swin_cifar100_wanet_0_05,mlp_norm_out_gain_scale,gain_scale,matched_sigma0.8,9.0,0.7432128797404833,0.7432128797404833,0.0,False
vit_gtsrb_wanet_0_05,mlp_norm_out_gain_scale,gain_scale,matched_sigma0.2,1.0,0.2224550718874467,0.2224550718874467,0.0,False
vit_tiny_adaptive_blend_0_05,final_norm_out_gain_scale,gain_scale,matched_sigma0.2,4.0,0.4796283585616516,0.4796283585616516,0.0,False
swin_tiny_badnet_a2o_0_1_evade_l1,mlp_norm_out_gain_scale,gain_scale,oracle,0.5,0.953987597039173,0.953987597039173,0.0,False
swin_cifar100_adaptive_blend_0_1,attention_norm_out_gain_scale,gain_scale,oracle,2.0,0.9922569116189904,0.9922569116189903,1.1102230246251565e-16,False
swin_cifar100_badnet_a2o_0_05,attention_norm_out_gain_scale,gain_scale,matched_sigma0.2,0.25,0.7450588992569105,0.7450588992569105,0.0,False
swin_cifar100_lf_0_01_evade_l1,mlp_norm_out_gain_scale,gain_scale,adaptive,1.0,0.9082475560569524,0.9082475560569523,1.1102230246251565e-16,False
swin_cifar100_blend_0_05,final_norm_out_gain_scale,gain_scale,matched_sigma0.2,2.0,0.1356819555854229,0.13568195558542298,8.326672684688674e-17,False
vit_cifar100_adaptive_blend_0_1,mlp_norm_out_gain_scale,gain_scale,oracle,1.0,0.7657139641859636,0.7657139641859636,0.0,False
swin_cifar100_sig_0_05_evade_l1,mlp_norm_out_gain_scale,gain_scale,matched_sigma0.4,0.5,0.3996840402747288,0.39968404027472887,5.551115123125783e-17,False
vit_cifar100_adaptive_blend_0_01,attention_norm_out_gain_scale,gain_scale,adaptive,1.0,0.7574639658819683,0.7574639658819683,0.0,False
swin_tiny_badnet_a2o_0_1_evade_l1,mlp_norm_out_gain_scale,gain_scale,matched_sigma0.2,0.25,0.7377038144084361,0.7377038144084361,0.0,False
vit_tiny_lc_0_1,attention_norm_out_gain_scale,gain_scale,matched_sigma0.2,0.25,0.586232927229877,0.586232927229877,0.0,False
swin_cifar100_badnet_a2a_0_05_evade_l1,mlp_norm_out_gain_scale,gain_scale,matched_sigma0.2,0.25,0.4652670546875,0.4652670546875,0.0,False
vit_tiny_lf_0_05_evade_l1,mlp_norm_out_gain_scale,gain_scale,oracle,1.0,0.8596198610604564,0.8596198610604564,0.0,False
vit_cifar100_adaptive_blend_0_01,attention_norm_out_gain_scale,gain_scale,matched_sigma0.2,0.25,0.5050059200547192,0.5050059200547192,0.0,False
vit_tiny_bpp_0_1_evade_l1,mlp_norm_out_gain_scale,gain_scale,matched_sigma0.6,1.0,0.9331592314873054,0.9331592314873054,0.0,False
vit_cifar100_badnet_a2o_0_01_evade_l1,mlp_norm_out_gain_scale,gain_scale,matched_sigma0.4,1.0,0.658311361756247,0.658311361756247,0.0,False
vit_cifar100_sig_0_1_evade_l1,mlp_norm_out_gain_scale,gain_scale,matched_sigma0.2,0.5,0.4408898797991451,0.4408898797991451,0.0,False
vit_cifar100_lc_0_05,final_norm_out_gain_scale,gain_scale,matched_sigma0.2,4.0,0.7784655904551238,0.7784655904551238,0.0,False
vit_tiny_badnet_a2a_0_05_evade_l1,mlp_norm_out_gain_scale,gain_scale,matched_sigma0.6,1.0,0.5922962499999999,0.5922962499999999,0.0,False
swin_tiny_sig_0_1_evade_l1,mlp_norm_out_gain_scale,gain_scale,adaptive,1.0,0.6001545945965914,0.6001545945965914,0.0,False
vit_cifar100_badnet_a2a_0_05_evade_l1,mlp_norm_out_gain_scale,gain_scale,matched_sigma0.4,1.0,0.4759870859375,0.47598708593750005,5.551115123125783e-17,False
swin_cifar100_blend_0_01,attention_norm_out_gain_scale,gain_scale,oracle,3.0,0.9983771108776168,0.9983771108776167,1.1102230246251565e-16,False
vit_tiny_bpp_0_05,mlp_norm_out_gain_scale,gain_scale,matched_sigma0.2,0.5,0.6017628573603938,0.6017628573603938,0.0,False
vit_cifar100_wanet_0_1_evade_l1,mlp_norm_out_gain_scale,gain_scale,oracle,3.0,0.7388400443914316,0.7388400443914316,0.0,False
vit_cifar100_lf_0_05,final_norm_out_gain_scale,gain_scale,oracle,6.0,0.1935400809852312,0.1935400809852312,0.0,False
vit_gtsrb_bpp_0_05,attention_norm_out_gain_scale,gain_scale,adaptive,2.0,0.5676593232578766,0.5676593232578766,0.0,False
vit_tiny_lc_0_01_evade_l1,mlp_norm_out_gain_scale,gain_scale,adaptive,2.0,0.6503202720324375,0.6503202720324375,0.0,False
swin_cifar100_lc_0_1,mlp_norm_out_gain_scale,gain_scale,adaptive,1.0,0.7050017059813902,0.7050017059813902,0.0,False
swin_tiny_lf_0_1_evade_l1,mlp_norm_out_gain_scale,gain_scale,oracle,1.0,0.9804006843023756,0.9804006843023757,1.1102230246251565e-16,False
swin_cifar100_wanet_0_01,mlp_norm_out_gain_scale,gain_scale,oracle,9.0,0.5675356330627573,0.5675356330627573,0.0,False
swin_cifar100_sig_0_05_evade_l1,mlp_norm_out_gain_scale,gain_scale,matched_sigma0.2,0.25,0.4582210385216584,0.4582210385216584,0.0,False
vit_tiny_blend_0_1_evade_l1,mlp_norm_out_gain_scale,gain_scale,adaptive,2.0,0.9959413176093252,0.9959413176093252,0.0,False
vit_gtsrb_blend_0_01,attention_norm_out_gain_scale,gain_scale,oracle,1.0,0.889348332303252,0.889348332303252,0.0,False
vit_tiny_lf_0_05,final_norm_out_gain_scale,gain_scale,matched_sigma0.2,4.0,0.0493921440358341,0.04939214403583411,1.3877787807814457e-17,False
swin_tiny_sig_0_1_evade_l1,mlp_norm_out_gain_scale,gain_scale,matched_sigma0.6,0.5,0.5311540655786777,0.5311540655786777,0.0,False
vit_gtsrb_bpp_0_01,final_norm_out_gain_scale,gain_scale,oracle,0.25,0.9136224664031388,0.9136224664031388,0.0,False
vit_tiny_badnet_a2a_0_1,attention_norm_out_gain_scale,gain_scale,matched_sigma0.6,0.5,0.5076654609375,0.5076654609375,0.0,False
vit_cifar100_bpp_0_01_evade_l1,mlp_norm_out_gain_scale,gain_scale,adaptive,2.0,0.9715797706921576,0.9715797706921575,1.1102230246251565e-16,False
vit_cifar100_blend_0_01,final_norm_out_gain_scale,gain_scale,oracle,0.25,0.4067484952446017,0.40674849524460177,5.551115123125783e-17,False
vit_cifar100_badnet_a2a_0_05,attention_norm_out_gain_scale,gain_scale,matched_sigma0.4,0.5,0.38410459375,0.38410459375000006,5.551115123125783e-17,False
vit_gtsrb_lf_0_1,final_norm_out_gain_scale,gain_scale,matched_sigma0.2,0.5,0.4020692237848786,0.4020692237848786,0.0,False
swin_cifar100_adaptive_blend_0_1,mlp_norm_out_gain_scale,gain_scale,adaptive,1.0,0.9883631397879156,0.9883631397879156,0.0,False
vit_tiny_badnet_a2o_0_01,mlp_norm_out_gain_scale,gain_scale,oracle,1.0,0.9330401941688812,0.9330401941688811,1.1102230246251565e-16,False
swin_cifar100_blend_0_1,mlp_norm_out_gain_scale,gain_scale,adaptive,1.0,0.5426169076124281,0.5426169076124281,0.0,False
vit_gtsrb_badnet_a2a_0_05,attention_norm_out_gain_scale,gain_scale,adaptive,2.0,0.6842172749871899,0.6842172749871899,0.0,False
vit_gtsrb_lf_0_01,attention_norm_out_gain_scale,gain_scale,matched_sigma0.2,1.0,0.3077923360094712,0.30779233600947126,5.551115123125783e-17,False
vit_cifar100_blend_0_1,mlp_norm_out_gain_scale,gain_scale,adaptive,2.0,0.99901227867635,0.99901227867635,0.0,False
vit_cifar100_lf_0_01,attention_norm_out_gain_scale,gain_scale,oracle,0.5,0.6574678926321158,0.6574678926321158,0.0,False
vit_cifar10_sig_0_05,attention_norm_out_gain_scale,gain_scale,oracle,9.0,0.6195373456790123,0.6195373456790123,0.0,False
vit_gtsrb_blend_0_1,attention_norm_out_gain_scale,gain_scale,adaptive,2.0,0.139893504110548,0.139893504110548,0.0,False
vit_tiny_sig_0_01_evade_l1,mlp_norm_out_gain_scale,gain_scale,matched_sigma0.6,1.0,0.536464269758186,0.536464269758186,0.0,False
vit_tiny_badnet_a2o_0_01_evade_l1,mlp_norm_out_gain_scale,gain_scale,matched_sigma0.2,0.25,0.3397565336774893,0.33975653367748937,5.551115123125783e-17,False
swin_cifar100_tact_0_1_evade_l1,mlp_norm_out_gain_scale,gain_scale,matched_sigma0.2,0.25,0.4669919856785356,0.4669919856785356,0.0,False
vit_cifar100_badnet_a2a_0_05_evade_l1,mlp_norm_out_gain_scale,gain_scale,matched_sigma0.2,0.5,0.361130421875,0.361130421875,0.0,False
swin_cifar100_blend_0_01_evade_l1,mlp_norm_out_gain_scale,gain_scale,matched_sigma0.2,0.25,0.5754671416012441,0.5754671416012441,0.0,False
vit_tiny_badnet_a2o_0_05,mlp_norm_out_gain_scale,gain_scale,matched_sigma0.2,0.5,0.612820690963919,0.612820690963919,0.0,False
swin_tiny_adaptive_blend_0_1_evade_l1,mlp_norm_out_gain_scale,gain_scale,matched_sigma0.2,0.25,0.7644134412257719,0.7644134412257719,0.0,False
swin_cifar100_adaptive_blend_0_05,attention_norm_out_gain_scale,gain_scale,oracle,2.0,0.8918952196206615,0.8918952196206615,0.0,False
swin_tiny_wanet_0_1_evade_l1,mlp_norm_out_gain_scale,gain_scale,matched_sigma0.6,0.5,0.3307619899137243,0.33076198991372435,5.551115123125783e-17,False
vit_gtsrb_badnet_a2a_0_1,mlp_norm_out_gain_scale,gain_scale,matched_sigma0.6,1.0,0.3992697366033935,0.39926973660339354,5.551115123125783e-17,False
vit_cifar100_badnet_a2o_0_01,mlp_norm_out_gain_scale,gain_scale,matched_sigma0.4,1.0,0.7285123483123154,0.7285123483123154,0.0,False
vit_tiny_lf_0_1_evade_l1,mlp_norm_out_gain_scale,gain_scale,oracle,1.0,0.8589522780566523,0.8589522780566523,0.0,False
vit_tiny_lf_0_01,final_norm_out_gain_scale,gain_scale,oracle,6.0,0.2328971804723356,0.2328971804723356,0.0,False
vit_cifar100_benign,attention_norm_out_gain_scale,gain_scale,matched_sigma0.2,0.25,0.4947797208894727,0.4947797208894727,0.0,False
vit_tiny_lc_0_1_evade_l1,mlp_norm_out_gain_scale,gain_scale,matched_sigma0.6,1.0,0.5541874354464671,0.5541874354464671,0.0,False
vit_gtsrb_blend_0_1,mlp_norm_out_gain_scale,gain_scale,adaptive,1.0,0.9999601766256024,0.9999601766256024,0.0,False
swin_cifar100_badnet_a2o_0_01_evade_l1,mlp_norm_out_gain_scale,gain_scale,matched_sigma0.2,0.25,0.678112294678655,0.678112294678655,0.0,False
vit_cifar100_wanet_0_1,attention_norm_out_gain_scale,gain_scale,oracle,0.5,0.8126766109751868,0.8126766109751868,0.0,False
vit_cifar10_adaptive_blend_0_01,mlp_norm_out_gain_scale,gain_scale,oracle,6.0,0.9109464699074076,0.9109464699074075,1.1102230246251565e-16,False
vit_cifar100_badnet_a2o_0_05,attention_norm_out_gain_scale,gain_scale,matched_sigma0.4,0.5,0.7010040907637969,0.7010040907637969,0.0,False
vit_tiny_blend_0_05,mlp_norm_out_gain_scale,gain_scale,matched_sigma0.2,0.5,0.6504396961175618,0.6504396961175618,0.0,False
vit_tiny_lc_0_05_evade_l1,mlp_norm_out_gain_scale,gain_scale,matched_sigma0.2,0.5,0.3522342036231326,0.3522342036231326,0.0,False
vit_cifar100_lc_0_05_evade_l1,mlp_norm_out_gain_scale,gain_scale,matched_sigma0.2,0.5,0.3821710618467139,0.3821710618467139,0.0,False
vit_cifar100_lf_0_01,attention_norm_out_gain_scale,gain_scale,adaptive,1.0,0.5523258691825536,0.5523258691825536,0.0,False
swin_cifar100_badnet_a2o_0_05,attention_norm_out_gain_scale,gain_scale,adaptive,1.0,0.6882476358689471,0.6882476358689471,0.0,False
vit_gtsrb_badnet_a2a_0_1,mlp_norm_out_gain_scale,gain_scale,matched_sigma0.2,0.5,0.2026523470997877,0.2026523470997877,0.0,False
vit_tiny_badnet_a2o_0_1_evade_l1,mlp_norm_out_gain_scale,gain_scale,matched_sigma0.4,0.5,0.5654682045331552,0.5654682045331552,0.0,False
vit_tiny_sig_0_01_evade_l1,mlp_norm_out_gain_scale,gain_scale,oracle,3.0,0.5886416391987324,0.5886416391987324,0.0,False
vit_gtsrb_adaptive_blend_0_05,attention_norm_out_gain_scale,gain_scale,matched_sigma0.2,1.0,0.7644609656038652,0.7644609656038652,0.0,False
vit_cifar100_blend_0_05,attention_norm_out_gain_scale,gain_scale,oracle,0.5,0.9177399637414104,0.9177399637414105,1.1102230246251565e-16,False
vit_tiny_lf_0_05,final_norm_out_gain_scale,gain_scale,oracle,9.0,0.0499618434917449,0.04996184349174493,2.7755575615628914e-17,False
vit_cifar10_sig_0_05,mlp_norm_out_gain_scale,gain_scale,matched_sigma0.6,2.0,0.6171329861111111,0.6171329861111111,0.0,False
vit_cifar100_blend_0_05,attention_norm_out_gain_scale,gain_scale,matched_sigma0.2,0.25,0.68577929828496,0.68577929828496,0.0,False
vit_cifar100_badnet_a2a_0_1_evade_l1,mlp_norm_out_gain_scale,gain_scale,adaptive,2.0,0.6483679609375,0.6483679609375,0.0,False
swin_cifar100_benign,attention_norm_out_gain_scale,gain_scale,matched_sigma0.4,0.5,0.5004589588764705,0.5004589588764705,0.0,False
vit_cifar100_adaptive_blend_0_01,mlp_norm_out_gain_scale,gain_scale,matched_sigma0.4,1.0,0.5824294212552911,0.5824294212552911,0.0,False
swin_tiny_wanet_0_1_evade_l1,mlp_norm_out_gain_scale,gain_scale,adaptive,1.0,0.2386269870553605,0.23862698705536056,5.551115123125783e-17,False
swin_tiny_lc_0_1_evade_l1,mlp_norm_out_gain_scale,gain_scale,matched_sigma0.2,0.25,0.4762651458431712,0.47626514584317126,5.551115123125783e-17,False
vit_gtsrb_blend_0_05,mlp_norm_out_gain_scale,gain_scale,oracle,4.0,0.97479688023542,0.97479688023542,0.0,False
vit_tiny_bpp_0_01,mlp_norm_out_gain_scale,gain_scale,adaptive,2.0,0.9848713837333284,0.9848713837333284,0.0,False
vit_tiny_wanet_0_1_evade_l1,mlp_norm_out_gain_scale,gain_scale,matched_sigma0.4,0.5,0.5535137667870363,0.5535137667870363,0.0,False
swin_cifar100_wanet_0_01,attention_norm_out_gain_scale,gain_scale,matched_sigma0.4,0.5,0.4736604534358864,0.4736604534358864,0.0,False
swin_cifar100_wanet_0_05,mlp_norm_out_gain_scale,gain_scale,adaptive,1.0,0.9267244079845516,0.9267244079845516,0.0,False
vit_cifar100_lc_0_05_evade_l1,mlp_norm_out_gain_scale,gain_scale,adaptive,2.0,0.7103324289304114,0.7103324289304114,0.0,False
vit_cifar10_adaptive_blend_0_05,mlp_norm_out_gain_scale,gain_scale,matched_sigma0.2,1.0,0.7081338541666667,0.7081338541666667,0.0,False
vit_tiny_blend_0_05,attention_norm_out_gain_scale,gain_scale,adaptive,1.0,0.725307231285429,0.725307231285429,0.0,False
vit_tiny_blend_0_05,final_norm_out_gain_scale,gain_scale,matched_sigma0.2,3.0,0.0570628090650726,0.05706280906507265,4.85722573273506e-17,False
vit_cifar10_wanet_0_05,final_norm_out_gain_scale,gain_scale,oracle,6.0,0.6986710069444444,0.6986710069444444,0.0,False
swin_cifar100_sig_0_01_evade_l1,mlp_norm_out_gain_scale,gain_scale,adaptive,1.0,0.6721645531785327,0.6721645531785327,0.0,False
vit_cifar100_lf_0_01,final_norm_out_gain_scale,gain_scale,oracle,0.25,0.344835234122501,0.344835234122501,0.0,False
vit_cifar100_lf_0_01,attention_norm_out_gain_scale,gain_scale,matched_sigma0.8,2.0,0.5642202587584686,0.5642202587584686,0.0,False
vit_tiny_lf_0_01,final_norm_out_gain_scale,gain_scale,matched_sigma0.2,0.25,0.2316897500873027,0.2316897500873027,0.0,False
vit_cifar100_sig_0_01_evade_l1,mlp_norm_out_gain_scale,gain_scale,adaptive,2.0,0.6225060088455634,0.6225060088455634,0.0,False
swin_tiny_tact_0_01_evade_l1,mlp_norm_out_gain_scale,gain_scale,matched_sigma0.6,0.5,0.5035466269594608,0.5035466269594608,0.0,False
vit_tiny_sig_0_01_evade_l1,mlp_norm_out_gain_scale,gain_scale,adaptive,2.0,0.5882952777790801,0.5882952777790801,0.0,False
vit_cifar100_lc_0_1,attention_norm_out_gain_scale,gain_scale,matched_sigma0.2,0.25,0.6475890193061224,0.6475890193061224,0.0,False
vit_tiny_sig_0_05_evade_l1,mlp_norm_out_gain_scale,gain_scale,matched_sigma0.4,0.5,0.4740926457164459,0.47409264571644594,5.551115123125783e-17,False
vit_tiny_tact_0_01_evade_l1,mlp_norm_out_gain_scale,gain_scale,adaptive,2.0,0.5134667429023299,0.5134667429023299,0.0,False
vit_cifar100_blend_0_1,attention_norm_out_gain_scale,gain_scale,matched_sigma0.2,0.25,0.7909971910168406,0.7909971910168406,0.0,False
swin_cifar100_blend_0_05,attention_norm_out_gain_scale,gain_scale,matched_sigma0.4,0.5,0.872957676896303,0.872957676896303,0.0,False
swin_tiny_badnet_a2o_0_01_evade_l1,mlp_norm_out_gain_scale,gain_scale,matched_sigma0.6,0.5,0.9886553196894354,0.9886553196894354,0.0,False
swin_tiny_lf_0_1_evade_l1,mlp_norm_out_gain_scale,gain_scale,adaptive,0.5,0.977870811744845,0.977870811744845,0.0,False
vit_cifar100_wanet_0_01_evade_l1,mlp_norm_out_gain_scale,gain_scale,oracle,9.0,0.5626935111650995,0.5626935111650995,0.0,False
vit_cifar100_tact_0_05_evade_l1,mlp_norm_out_gain_scale,gain_scale,oracle,3.0,0.5417308109018396,0.5417308109018396,0.0,False
vit_cifar100_badnet_a2o_0_01_evade_l1,mlp_norm_out_gain_scale,gain_scale,adaptive,2.0,0.8289760081152837,0.8289760081152837,0.0,False
swin_cifar100_blend_0_01_evade_l1,mlp_norm_out_gain_scale,gain_scale,adaptive,1.0,0.9555983126148044,0.9555983126148045,1.1102230246251565e-16,False
swin_cifar100_bpp_0_1_evade_l1,mlp_norm_out_gain_scale,gain_scale,matched_sigma0.2,0.25,0.5278194844224944,0.5278194844224944,0.0,False
swin_cifar100_badnet_a2o_0_01_evade_l1,mlp_norm_out_gain_scale,gain_scale,matched_sigma0.4,0.5,0.9113824914032506,0.9113824914032506,0.0,False
swin_cifar100_badnet_a2a_0_05_evade_l1,mlp_norm_out_gain_scale,gain_scale,adaptive,1.0,0.6916117265624999,0.6916117265624999,0.0,False
vit_cifar100_wanet_0_05,mlp_norm_out_gain_scale,gain_scale,matched_sigma0.2,0.5,0.3925981158782372,0.39259811587823723,5.551115123125783e-17,False
vit_cifar100_badnet_a2o_0_1,mlp_norm_out_gain_scale,gain_scale,oracle,1.0,0.835278489988982,0.835278489988982,0.0,False
vit_cifar100_lf_0_05_evade_l1,mlp_norm_out_gain_scale,gain_scale,matched_sigma0.4,1.0,0.8345308032398882,0.8345308032398882,0.0,False
vit_cifar100_badnet_a2o_0_01,final_norm_out_gain_scale,gain_scale,oracle,0.25,0.2516394381395185,0.25163943813951856,5.551115123125783e-17,False
vit_tiny_blend_0_1,attention_norm_out_gain_scale,gain_scale,oracle,0.5,0.9778303591053034,0.9778303591053034,0.0,False
vit_gtsrb_blend_0_1,attention_norm_out_gain_scale,gain_scale,matched_sigma0.2,0.25,0.9768117275976808,0.9768117275976808,0.0,False
swin_cifar100_adaptive_blend_0_1,final_norm_out_gain_scale,gain_scale,oracle,0.25,0.6081632187219784,0.6081632187219784,0.0,False
vit_tiny_badnet_a2o_0_05_evade_l1,mlp_norm_out_gain_scale,gain_scale,oracle,1.0,0.7164262706402983,0.7164262706402983,0.0,False
vit_cifar100_badnet_a2o_0_05_evade_l1,mlp_norm_out_gain_scale,gain_scale,matched_sigma0.2,0.5,0.423830401107152,0.423830401107152,0.0,False
vit_gtsrb_wanet_0_05,attention_norm_out_gain_scale,gain_scale,matched_sigma0.2,0.5,0.5213748700065323,0.5213748700065323,0.0,False
vit_tiny_lc_0_05,attention_norm_out_gain_scale,gain_scale,adaptive,0.5,0.5820458540811961,0.5820458540811961,0.0,False
swin_cifar100_tact_0_01_evade_l1,mlp_norm_out_gain_scale,gain_scale,adaptive,1.0,0.5588616894044389,0.5588616894044389,0.0,False
vit_cifar100_badnet_a2o_0_01,mlp_norm_out_gain_scale,gain_scale,adaptive,2.0,0.9183629761733262,0.9183629761733262,0.0,False
vit_cifar100_tact_0_1_evade_l1,mlp_norm_out_gain_scale,gain_scale,oracle,3.0,0.5284105960000622,0.5284105960000622,0.0,False
swin_cifar100_lc_0_1,attention_norm_out_gain_scale,gain_scale,matched_sigma0.2,0.25,0.547557070564578,0.547557070564578,0.0,False
swin_cifar100_adaptive_blend_0_1,attention_norm_out_gain_scale,gain_scale,matched_sigma0.4,0.5,0.8677070692277272,0.8677070692277272,0.0,False
vit_cifar100_badnet_a2a_0_1,final_norm_out_gain_scale,gain_scale,matched_sigma0.2,4.0,0.7052070781249999,0.7052070781249999,0.0,False
swin_tiny_sig_0_05_evade_l1,mlp_norm_out_gain_scale,gain_scale,matched_sigma0.2,0.25,0.4562299361814422,0.45622993618144225,5.551115123125783e-17,False
swin_tiny_sig_0_01_evade_l1,mlp_norm_out_gain_scale,gain_scale,matched_sigma0.2,0.25,0.3920666903873052,0.39206669038730524,5.551115123125783e-17,False
vit_gtsrb_badnet_a2o_0_01,final_norm_out_gain_scale,gain_scale,oracle,2.0,0.7078437632145057,0.7078437632145057,0.0,False
vit_cifar100_blend_0_05,mlp_norm_out_gain_scale,gain_scale,matched_sigma0.2,0.5,0.6785158959554872,0.6785158959554872,0.0,False
vit_tiny_blend_0_01_evade_l1,mlp_norm_out_gain_scale,gain_scale,oracle,1.0,0.8074877827898006,0.8074877827898006,0.0,False
vit_cifar100_lf_0_01_evade_l1,mlp_norm_out_gain_scale,gain_scale,adaptive,2.0,0.7242536999843169,0.7242536999843169,0.0,False
vit_tiny_badnet_a2o_0_1,attention_norm_out_gain_scale,gain_scale,adaptive,1.0,0.2886545966725024,0.28865459667250243,5.551115123125783e-17,False
vit_tiny_lf_0_1_evade_l1,mlp_norm_out_gain_scale,gain_scale,matched_sigma0.2,0.5,0.5243909604508001,0.5243909604508001,0.0,False
vit_cifar100_lc_0_1_evade_l1,mlp_norm_out_gain_scale,gain_scale,matched_sigma0.4,1.0,0.4022460132910914,0.40224601329109144,5.551115123125783e-17,False
vit_gtsrb_bpp_0_1,attention_norm_out_gain_scale,gain_scale,adaptive,2.0,0.892272914982708,0.892272914982708,0.0,False
vit_tiny_adaptive_blend_0_05,attention_norm_out_gain_scale,gain_scale,matched_sigma0.2,0.25,0.7838953534969495,0.7838953534969495,0.0,False
swin_cifar100_badnet_a2o_0_05,attention_norm_out_gain_scale,gain_scale,oracle,0.5,0.9241860992246664,0.9241860992246664,0.0,False
vit_tiny_bpp_0_01,mlp_norm_out_gain_scale,gain_scale,matched_sigma0.2,0.5,0.5607645057916418,0.5607645057916418,0.0,False
vit_gtsrb_lf_0_1,attention_norm_out_gain_scale,gain_scale,oracle,1.0,0.9907566650261868,0.9907566650261868,0.0,False
vit_cifar100_benign,mlp_norm_out_gain_scale,gain_scale,adaptive,2.0,0.5061056335695635,0.5061056335695635,0.0,False
vit_cifar100_bpp_0_1,mlp_norm_out_gain_scale,gain_scale,matched_sigma0.4,1.0,0.9078314642029236,0.9078314642029236,0.0,False
vit_tiny_badnet_a2a_0_1,attention_norm_out_gain_scale,gain_scale,matched_sigma0.2,0.25,0.4322571171875,0.4322571171875,0.0,False
swin_cifar100_blend_0_1_evade_l1,mlp_norm_out_gain_scale,gain_scale,matched_sigma0.4,0.5,0.8201028457365829,0.8201028457365829,0.0,False
vit_cifar100_lf_0_05,attention_norm_out_gain_scale,gain_scale,adaptive,1.0,0.8304090005582849,0.8304090005582849,0.0,False
vit_gtsrb_badnet_a2o_0_05,mlp_norm_out_gain_scale,gain_scale,matched_sigma0.2,1.0,0.9435831924769142,0.9435831924769142,0.0,False
vit_cifar100_adaptive_blend_0_05,mlp_norm_out_gain_scale,gain_scale,adaptive,2.0,0.9174700874619746,0.9174700874619746,0.0,False
vit_tiny_badnet_a2o_0_05_evade_l1,mlp_norm_out_gain_scale,gain_scale,adaptive,2.0,0.3528434006416317,0.3528434006416317,0.0,False
swin_cifar100_adaptive_blend_0_1,final_norm_out_gain_scale,gain_scale,matched_sigma0.2,2.0,0.6064268768488948,0.6064268768488948,0.0,False
swin_cifar100_bpp_0_05_evade_l1,mlp_norm_out_gain_scale,gain_scale,matched_sigma0.2,0.25,0.6108950635882114,0.6108950635882114,0.0,False
swin_cifar100_badnet_a2o_0_1,final_norm_out_gain_scale,gain_scale,oracle,0.5,0.0111767041556908,0.011176704155690824,2.42861286636753e-17,False
swin_cifar100_tact_0_1_evade_l1,mlp_norm_out_gain_scale,gain_scale,adaptive,1.0,0.5282641489706846,0.5282641489706846,0.0,False
vit_cifar100_bpp_0_1_evade_l1,mlp_norm_out_gain_scale,gain_scale,matched_sigma0.2,0.5,0.3705086937210706,0.3705086937210706,0.0,False
swin_cifar100_adaptive_blend_0_05_evade_l1,mlp_norm_out_gain_scale,gain_scale,matched_sigma0.4,0.5,0.662900264137797,0.662900264137797,0.0,False
swin_tiny_blend_0_05_evade_l1,mlp_norm_out_gain_scale,gain_scale,matched_sigma0.2,0.25,0.6596838543735917,0.6596838543735917,0.0,False
vit_tiny_blend_0_1,attention_norm_out_gain_scale,gain_scale,adaptive,1.0,0.720965190981213,0.720965190981213,0.0,False
swin_cifar100_lc_0_01_evade_l1,mlp_norm_out_gain_scale,gain_scale,adaptive,1.0,0.7710720227432261,0.7710720227432261,0.0,False
vit_gtsrb_badnet_a2a_0_05,mlp_norm_out_gain_scale,gain_scale,adaptive,3.0,0.6704590524164822,0.6704590524164822,0.0,False
swin_cifar100_badnet_a2o_0_05_evade_l1,mlp_norm_out_gain_scale,gain_scale,adaptive,1.0,0.8865347427599548,0.8865347427599548,0.0,False
swin_cifar100_badnet_a2o_0_1,mlp_norm_out_gain_scale,gain_scale,matched_sigma0.4,0.5,0.9110662682983964,0.9110662682983964,0.0,False
vit_cifar100_lc_0_01_evade_l1,mlp_norm_out_gain_scale,gain_scale,matched_sigma0.2,0.5,0.4495733769532489,0.4495733769532489,0.0,False
swin_tiny_bpp_0_01_evade_l1,mlp_norm_out_gain_scale,gain_scale,adaptive,1.0,0.990169866513867,0.990169866513867,0.0,False
vit_cifar100_lf_0_01_evade_l1,mlp_norm_out_gain_scale,gain_scale,matched_sigma0.2,0.5,0.3904728262105783,0.3904728262105783,0.0,False
swin_tiny_badnet_a2a_0_01_evade_l1,mlp_norm_out_gain_scale,gain_scale,adaptive,1.0,0.8622639140625,0.8622639140625,0.0,False
vit_cifar100_adaptive_blend_0_05_evade_l1,mlp_norm_out_gain_scale,gain_scale,matched_sigma0.4,1.0,0.7329164699633544,0.7329164699633544,0.0,False
swin_cifar100_adaptive_blend_0_05,attention_norm_out_gain_scale,gain_scale,matched_sigma0.2,0.25,0.4713983181218322,0.4713983181218322,0.0,False
vit_tiny_blend_0_05_evade_l1,mlp_norm_out_gain_scale,gain_scale,matched_sigma0.2,0.25,0.4041091136110764,0.4041091136110764,0.0,False
vit_tiny_blend_0_01,final_norm_out_gain_scale,gain_scale,oracle,0.25,0.1156894737622285,0.11568947376222855,4.163336342344337e-17,False
vit_tiny_lc_0_05,final_norm_out_gain_scale,gain_scale,matched_sigma0.2,4.0,0.6245122299656073,0.6245122299656073,0.0,False
vit_cifar100_lc_0_05,attention_norm_out_gain_scale,gain_scale,matched_sigma0.2,0.25,0.588817126377106,0.588817126377106,0.0,False
vit_tiny_badnet_a2a_0_05,attention_norm_out_gain_scale,gain_scale,matched_sigma0.2,0.25,0.3105863125,0.3105863125,0.0,False
vit_tiny_adaptive_blend_0_1,mlp_norm_out_gain_scale,gain_scale,matched_sigma0.4,0.5,0.5753246539412845,0.5753246539412845,0.0,False
vit_tiny_adaptive_blend_0_1,attention_norm_out_gain_scale,gain_scale,matched_sigma0.8,2.0,0.653147339279532,0.653147339279532,0.0,False
swin_cifar100_badnet_a2o_0_01,attention_norm_out_gain_scale,gain_scale,adaptive,1.0,0.9201412432873124,0.9201412432873124,0.0,False
swin_tiny_tact_0_01_evade_l1,mlp_norm_out_gain_scale,gain_scale,matched_sigma0.2,0.25,0.5017238270751245,0.5017238270751245,0.0,False
swin_cifar100_lc_0_05_evade_l1,mlp_norm_out_gain_scale,gain_scale,adaptive,1.0,0.8951876559576262,0.8951876559576262,0.0,False
vit_cifar10_sig_0_05,attention_norm_out_gain_scale,gain_scale,adaptive,2.0,0.546879263117284,0.546879263117284,0.0,False
swin_cifar100_lc_0_01_evade_l1,mlp_norm_out_gain_scale,gain_scale,matched_sigma0.4,0.5,0.6894227477753404,0.6894227477753404,0.0,False
swin_tiny_sig_0_1_evade_l1,mlp_norm_out_gain_scale,gain_scale,oracle,9.0,0.6112327295052681,0.6112327295052681,0.0,False
swin_tiny_wanet_0_05_evade_l1,mlp_norm_out_gain_scale,gain_scale,adaptive,1.0,0.619706693184023,0.619706693184023,0.0,False
swin_tiny_blend_0_05_evade_l1,mlp_norm_out_gain_scale,gain_scale,adaptive,1.0,0.9762985182841432,0.9762985182841432,0.0,False
swin_cifar100_adaptive_blend_0_01_evade_l1,mlp_norm_out_gain_scale,gain_scale,matched_sigma0.2,0.25,0.5849281273033242,0.5849281273033242,0.0,False
vit_gtsrb_bpp_0_01,attention_norm_out_gain_scale,gain_scale,oracle,3.0,0.9173012355148286,0.9173012355148286,0.0,False
swin_cifar100_wanet_0_1_evade_l1,mlp_norm_out_gain_scale,gain_scale,adaptive,1.0,0.9045526916794796,0.9045526916794797,1.1102230246251565e-16,False
swin_cifar100_adaptive_blend_0_01,final_norm_out_gain_scale,gain_scale,oracle,0.25,0.8175845458438102,0.8175845458438102,0.0,False
vit_tiny_blend_0_05,mlp_norm_out_gain_scale,gain_scale,matched_sigma0.6,1.0,0.9765920663162496,0.9765920663162495,1.1102230246251565e-16,False
vit_cifar100_sig_0_05_evade_l1,mlp_norm_out_gain_scale,gain_scale,matched_sigma0.2,0.5,0.4221352980918149,0.42213529809181494,5.551115123125783e-17,False
vit_cifar100_badnet_a2a_0_05,mlp_norm_out_gain_scale,gain_scale,matched_sigma0.4,1.0,0.58050746875,0.58050746875,0.0,False
swin_cifar100_blend_0_1,mlp_norm_out_gain_scale,gain_scale,oracle,0.5,0.9019764003912384,0.9019764003912385,1.1102230246251565e-16,False
vit_gtsrb_wanet_0_1,final_norm_out_gain_scale,gain_scale,oracle,9.0,0.6928148453317692,0.6928148453317692,0.0,False
vit_cifar100_wanet_0_01_evade_l1,mlp_norm_out_gain_scale,gain_scale,adaptive,2.0,0.5491921070725798,0.5491921070725798,0.0,False
vit_tiny_badnet_a2a_0_1,final_norm_out_gain_scale,gain_scale,oracle,0.25,0.6587240624999999,0.6587240624999999,0.0,False
vit_tiny_lf_0_05,mlp_norm_out_gain_scale,gain_scale,adaptive,1.0,0.972444924856045,0.972444924856045,0.0,False
vit_cifar100_blend_0_01,attention_norm_out_gain_scale,gain_scale,oracle,0.5,0.7191424680023735,0.7191424680023735,0.0,False
swin_cifar100_wanet_0_01,mlp_norm_out_gain_scale,gain_scale,matched_sigma0.4,0.5,0.5000933401279946,0.5000933401279946,0.0,False
vit_cifar100_badnet_a2o_0_05,mlp_norm_out_gain_scale,gain_scale,adaptive,2.0,0.9650394091677644,0.9650394091677644,0.0,False
swin_cifar100_blend_0_01,attention_norm_out_gain_scale,gain_scale,matched_sigma0.4,0.5,0.8127419370929838,0.8127419370929838,0.0,False
vit_cifar100_lc_0_05,attention_norm_out_gain_scale,gain_scale,matched_sigma0.4,0.5,0.6155219724417164,0.6155219724417164,0.0,False
vit_cifar100_blend_0_05,attention_norm_out_gain_scale,gain_scale,adaptive,1.0,0.8521517433533569,0.8521517433533569,0.0,False
vit_gtsrb_wanet_0_05,final_norm_out_gain_scale,gain_scale,matched_sigma0.2,0.25,0.7579543526179633,0.7579543526179633,0.0,False
vit_tiny_sig_0_01_evade_l1,mlp_norm_out_gain_scale,gain_scale,matched_sigma0.4,0.5,0.4433618528783359,0.4433618528783359,0.0,False
vit_gtsrb_badnet_a2a_0_05,attention_norm_out_gain_scale,gain_scale,matched_sigma0.2,1.0,0.3283354631852732,0.3283354631852732,0.0,False
vit_cifar100_adaptive_blend_0_01_evade_l1,mlp_norm_out_gain_scale,gain_scale,adaptive,2.0,0.8103928705541227,0.8103928705541227,0.0,False
swin_cifar100_badnet_a2o_0_1,final_norm_out_gain_scale,gain_scale,matched_sigma0.2,0.25,0.0109233010719947,0.010923301071994788,8.847089727481716e-17,False
vit_tiny_badnet_a2a_0_1,mlp_norm_out_gain_scale,gain_scale,adaptive,2.0,0.6261985390625,0.6261985390625,0.0,False
vit_tiny_wanet_0_05_evade_l1,mlp_norm_out_gain_scale,gain_scale,matched_sigma0.2,0.25,0.4073081320256072,0.40730813202560723,5.551115123125783e-17,False
vit_cifar100_blend_0_01,attention_norm_out_gain_scale,gain_scale,matched_sigma0.2,0.25,0.6804769884061105,0.6804769884061105,0.0,False
vit_cifar100_badnet_a2o_0_01,attention_norm_out_gain_scale,gain_scale,oracle,0.5,0.8038171044288075,0.8038171044288075,0.0,False
vit_tiny_tact_0_1_evade_l1,mlp_norm_out_gain_scale,gain_scale,adaptive,2.0,0.5213178937961058,0.5213178937961058,0.0,False
vit_gtsrb_blend_0_05,mlp_norm_out_gain_scale,gain_scale,matched_sigma0.2,1.0,0.9233350755165932,0.9233350755165931,1.1102230246251565e-16,False
vit_tiny_wanet_0_05,attention_norm_out_gain_scale,gain_scale,matched_sigma0.2,0.25,0.8041807064952069,0.8041807064952069,0.0,False
vit_cifar100_bpp_0_05_evade_l1,mlp_norm_out_gain_scale,gain_scale,adaptive,2.0,0.9829279110128182,0.9829279110128182,0.0,False
swin_cifar100_tact_0_05_evade_l1,mlp_norm_out_gain_scale,gain_scale,oracle,3.0,0.5691181852029359,0.5691181852029359,0.0,False
vit_cifar10_adaptive_blend_0_05,final_norm_out_gain_scale,gain_scale,oracle,9.0,0.8977569155092593,0.8977569155092593,0.0,False
vit_cifar100_bpp_0_01,mlp_norm_out_gain_scale,gain_scale,adaptive,2.0,0.881071619692652,0.881071619692652,0.0,False
vit_tiny_bpp_0_1_evade_l1,mlp_norm_out_gain_scale,gain_scale,matched_sigma0.4,0.5,0.5852347849887352,0.5852347849887352,0.0,False
swin_tiny_adaptive_blend_0_01_evade_l1,mlp_norm_out_gain_scale,gain_scale,matched_sigma0.2,0.25,0.5422573876820426,0.5422573876820426,0.0,False
vit_cifar100_blend_0_05_evade_l1,mlp_norm_out_gain_scale,gain_scale,adaptive,2.0,0.98190658883933,0.98190658883933,0.0,False
vit_gtsrb_lf_0_01,mlp_norm_out_gain_scale,gain_scale,matched_sigma0.2,1.0,0.7237207598929002,0.7237207598929002,0.0,False
vit_gtsrb_lf_0_01,attention_norm_out_gain_scale,gain_scale,adaptive,2.0,0.6170496466998202,0.6170496466998202,0.0,False
vit_cifar100_badnet_a2a_0_1,attention_norm_out_gain_scale,gain_scale,oracle,9.0,0.6585224921875001,0.6585224921875001,0.0,False
vit_tiny_badnet_a2o_0_01,attention_norm_out_gain_scale,gain_scale,matched_sigma0.2,0.25,0.7291740931792966,0.7291740931792966,0.0,False
vit_tiny_adaptive_blend_0_1,mlp_norm_out_gain_scale,gain_scale,matched_sigma0.2,0.25,0.4214016737778855,0.4214016737778855,0.0,False
vit_cifar100_badnet_a2o_0_05,attention_norm_out_gain_scale,gain_scale,oracle,0.25,0.8093065175672187,0.8093065175672187,0.0,False
vit_cifar10_adaptive_blend_0_01,attention_norm_out_gain_scale,gain_scale,matched_sigma0.4,1.0,0.6038955922067901,0.6038955922067901,0.0,False
vit_tiny_badnet_a2a_0_1,attention_norm_out_gain_scale,gain_scale,oracle,9.0,0.6256416640625,0.6256416640625,0.0,False
vit_tiny_lf_0_1,mlp_norm_out_gain_scale,gain_scale,oracle,1.0,0.9390492542025084,0.9390492542025083,1.1102230246251565e-16,False
vit_tiny_wanet_0_05,final_norm_out_gain_scale,gain_scale,matched_sigma0.2,4.0,0.2595840985591425,0.2595840985591425,0.0,False
vit_cifar100_tact_0_1_evade_l1,mlp_norm_out_gain_scale,gain_scale,matched_sigma0.2,0.5,0.5076912664527439,0.5076912664527439,0.0,False
vit_tiny_badnet_a2o_0_05,final_norm_out_gain_scale,gain_scale,oracle,0.25,0.0619502851346724,0.0619502851346724,0.0,False
vit_cifar100_lc_0_05,attention_norm_out_gain_scale,gain_scale,adaptive,1.0,0.7605129516909966,0.7605129516909966,0.0,False
vit_gtsrb_blend_0_1,final_norm_out_gain_scale,gain_scale,oracle,0.25,0.5902409103237308,0.5902409103237308,0.0,False
vit_cifar100_lc_0_1,attention_norm_out_gain_scale,gain_scale,oracle,4.0,0.6915916227733949,0.6915916227733949,0.0,False
swin_cifar100_badnet_a2o_0_1,mlp_norm_out_gain_scale,gain_scale,matched_sigma0.2,0.25,0.6002294036168401,0.6002294036168401,0.0,False
vit_tiny_badnet_a2a_0_01_evade_l1,mlp_norm_out_gain_scale,gain_scale,oracle,9.0,0.5009280703125001,0.5009280703125001,0.0,False
vit_cifar100_lf_0_01,mlp_norm_out_gain_scale,gain_scale,adaptive,2.0,0.9634097839130144,0.9634097839130145,1.1102230246251565e-16,False
swin_cifar100_wanet_0_01,attention_norm_out_gain_scale,gain_scale,adaptive,1.0,0.5445051955613358,0.5445051955613358,0.0,False
vit_cifar10_wanet_0_05,mlp_norm_out_gain_scale,gain_scale,matched_sigma0.2,1.0,0.2305338445216049,0.2305338445216049,0.0,False
vit_tiny_bpp_0_05_evade_l1,mlp_norm_out_gain_scale,gain_scale,matched_sigma0.2,0.5,0.54409472683702,0.54409472683702,0.0,False
vit_tiny_badnet_a2a_0_05,attention_norm_out_gain_scale,gain_scale,adaptive,0.5,0.63912915625,0.63912915625,0.0,False
vit_gtsrb_badnet_a2o_0_1,final_norm_out_gain_scale,gain_scale,oracle,0.25,0.7065001845852726,0.7065001845852726,0.0,False
vit_gtsrb_lf_0_1,attention_norm_out_gain_scale,gain_scale,matched_sigma0.2,0.5,0.61579107703317,0.61579107703317,0.0,False
vit_cifar100_badnet_a2a_0_01_evade_l1,mlp_norm_out_gain_scale,gain_scale,oracle,9.0,0.9342609609375,0.9342609609375,0.0,False
swin_cifar100_bpp_0_1_evade_l1,mlp_norm_out_gain_scale,gain_scale,adaptive,1.0,0.9975162347574054,0.9975162347574054,0.0,False
swin_cifar100_wanet_0_1,attention_norm_out_gain_scale,gain_scale,matched_sigma0.4,0.5,0.5898166997819936,0.5898166997819936,0.0,False
vit_cifar100_badnet_a2a_0_05_evade_l1,mlp_norm_out_gain_scale,gain_scale,oracle,9.0,0.7570576015625,0.7570576015625,0.0,False
vit_gtsrb_bpp_0_05,mlp_norm_out_gain_scale,gain_scale,matched_sigma0.2,1.0,0.9314626633879948,0.9314626633879948,0.0,False
vit_tiny_blend_0_1,mlp_norm_out_gain_scale,gain_scale,matched_sigma0.6,1.0,0.9793307849985856,0.9793307849985857,1.1102230246251565e-16,False
vit_tiny_blend_0_01,final_norm_out_gain_scale,gain_scale,matched_sigma0.2,6.0,0.1147304581033709,0.11473045810337094,4.163336342344337e-17,False
swin_tiny_tact_0_1_evade_l1,mlp_norm_out_gain_scale,gain_scale,adaptive,1.0,0.5016379727609211,0.5016379727609211,0.0,False
swin_cifar100_wanet_0_1_evade_l1,mlp_norm_out_gain_scale,gain_scale,oracle,2.0,0.9713698571644636,0.9713698571644636,0.0,False
swin_tiny_adaptive_blend_0_05_evade_l1,mlp_norm_out_gain_scale,gain_scale,adaptive,1.0,0.9724658102578454,0.9724658102578454,0.0,False
vit_tiny_lc_0_01_evade_l1,mlp_norm_out_gain_scale,gain_scale,matched_sigma0.2,0.25,0.4919939214166787,0.49199392141667875,5.551115123125783e-17,False
vit_cifar100_badnet_a2o_0_1,mlp_norm_out_gain_scale,gain_scale,adaptive,2.0,0.7990161256145025,0.7990161256145025,0.0,False
vit_cifar100_wanet_0_05,before_attention_norm_gaussian,gaussian,matched_sigma0.4,0.2,0.5994354338919242,0.5930119889588086,0.006423444933115641,True
vit_tiny_wanet_0_01_evade_l1,before_mlp_gaussian,gaussian,matched_sigma0.4,0.75,0.5168882705673336,0.5168882705673336,0.0,False
vit_cifar100_blend_0_1,after_attention_residual_gaussian,gaussian,adaptive,0.5,0.7467066498156942,0.7456961182239119,0.0010105315917823265,True
vit_cifar100_bpp_0_1,after_attention_residual_gaussian,gaussian,adaptive,0.5,0.7017110015647141,0.6980763952433648,0.003634606321349265,True
vit_cifar100_badnet_a2o_0_01,after_attention_residual_gaussian,gaussian,adaptive,0.5,0.3632711345155352,0.36570892804908756,0.002437793533552335,True
vit_cifar100_lf_0_1,before_attention_norm_gaussian,gaussian,matched_sigma0.8,0.75,0.5881013404823598,0.5837496154059498,0.004351725076410018,True
vit_cifar100_blend_0_1,before_mlp_gaussian,gaussian,matched_sigma0.2,0.75,0.8162134795276246,0.8161486881501934,6.479137743120589e-05,True
vit_tiny_sig_0_1_evade_l1,before_mlp_gaussian,gaussian,adaptive,1.5,0.6313435481102492,0.6313435481102492,0.0,False
vit_cifar100_sig_0_1_evade_l1,before_mlp_gaussian,gaussian,oracle,0.05,0.4830787477019134,0.4830787477019134,0.0,False
vit_tiny_badnet_a2a_0_01_evade_l1,before_mlp_gaussian,gaussian,oracle,0.05,0.502390734375,0.502390734375,0.0,False
vit_cifar100_sig_0_01_evade_l1,before_mlp_gaussian,gaussian,matched_sigma0.4,1.0,0.4344843606400763,0.4344843606400763,0.0,False
vit_cifar100_bpp_0_05,before_attention_norm_gaussian,gaussian,adaptive,1.0,0.8646732157729251,0.8609298017589765,0.0037434140139486205,True
vit_cifar100_blend_0_01,before_mlp_gaussian,gaussian,adaptive,1.5,0.8343018625326182,0.8353928126904265,0.001090950157808357,True
vit_cifar100_lf_0_1,before_attention_norm_gaussian,gaussian,oracle,0.1,0.762414033502681,0.7288496417838141,0.03356439171886694,True
vit_cifar100_adaptive_blend_0_1,before_attention_norm_gaussian,gaussian,matched_sigma0.6,0.5,0.6787737206236987,0.6806768376412524,0.001903117017553746,True
vit_cifar100_badnet_a2a_0_05,after_attention_residual_gaussian,gaussian,matched_sigma0.2,0.2,0.212018328125,0.19413446875,0.017883859374999977,True
vit_cifar100_badnet_a2o_0_1,before_mlp_gaussian,gaussian,matched_sigma0.4,1.0,0.9011346711685952,0.901674790862644,0.0005401196940487685,True
vit_cifar100_bpp_0_05,before_mlp_gaussian,gaussian,adaptive,1.5,0.991008891455288,0.9909346024504676,7.4289004820427e-05,True
vit_cifar100_bpp_0_05,before_mlp_gaussian,gaussian,matched_sigma0.4,1.0,0.891435917552613,0.8898994807830675,0.0015364367695455128,True
vit_cifar100_lc_0_01,before_attention_norm_gaussian,gaussian,matched_sigma0.4,0.2,0.3786509059260007,0.3573573769628263,0.02129352896317438,True
vit_cifar100_lf_0_05,after_attention_residual_gaussian,gaussian,matched_sigma0.2,0.2,0.8884883967326566,0.8934353995727664,0.004947002840109849,True
vit_cifar100_badnet_a2a_0_05,before_attention_norm_gaussian,gaussian,adaptive,0.75,0.6116865234375,0.6113040625,0.0003824609374999399,True
vit_cifar100_badnet_a2a_0_05,after_attention_residual_gaussian,gaussian,oracle,3.0,0.7288528828125,0.72885475,1.8671874999487414e-06,True
vit_cifar100_badnet_a2a_0_05,before_attention_norm_gaussian,gaussian,matched_sigma0.6,0.3,0.5748331484375001,0.558973515625,0.015859632812500135,True
vit_cifar100_wanet_0_05,before_attention_norm_gaussian,gaussian,adaptive,0.75,0.7501717673847486,0.7478794950614333,0.002292272323315303,True
vit_cifar100_blend_0_01,before_attention_norm_gaussian,gaussian,matched_sigma0.8,0.75,0.3059132148311437,0.3094543692877059,0.0035411544565622233,True
vit_cifar100_badnet_a2o_0_1,after_attention_residual_gaussian,gaussian,matched_sigma0.2,0.2,0.5508499458675145,0.5445827249331474,0.006267220934367046,True
vit_cifar100_badnet_a2o_0_01,before_mlp_gaussian,gaussian,matched_sigma0.2,0.75,0.776258190207148,0.7754835110413908,0.0007746791657572416,True
vit_cifar100_badnet_a2o_0_05,before_mlp_gaussian,gaussian,adaptive,1.5,0.9911415868779504,0.9909595516800623,0.0001820351978880641,True
vit_cifar10_adaptive_blend_0_05,before_attention_norm_gaussian,gaussian,matched_sigma0.2,0.75,0.6424637731481482,0.6469777584876544,0.004513985339506199,True
vit_cifar100_badnet_a2o_0_01,after_attention_residual_gaussian,gaussian,matched_sigma0.4,0.3,0.3656334259019453,0.3965990911808145,0.03096566527886918,True
vit_cifar100_blend_0_01,before_attention_norm_gaussian,gaussian,matched_sigma0.2,0.1,0.4628552262290947,0.49012827782874663,0.027273051599651932,True
vit_cifar100_badnet_a2o_0_1,before_attention_norm_gaussian,gaussian,matched_sigma0.6,0.5,0.1457027266570865,0.14488855651627028,0.0008141701408162227,True
vit_cifar100_badnet_a2o_0_1,before_mlp_gaussian,gaussian,adaptive,1.5,0.9880452486123686,0.9881562351724279,0.00011098656005925633,True
vit_cifar100_badnet_a2o_0_1,after_attention_residual_gaussian,gaussian,adaptive,0.5,0.0567561931115065,0.06670047236729161,0.009944279255785109,True
vit_cifar100_badnet_a2a_0_05_evade_l1,before_mlp_gaussian,gaussian,oracle,0.05,0.49446003125,0.49592908593750007,0.001469054687500082,True
vit_cifar100_blend_0_05,after_attention_residual_gaussian,gaussian,matched_sigma0.2,0.2,0.8787653323830386,0.8978733934344258,0.019108061051387293,True
vit_cifar100_lc_0_1,after_attention_residual_gaussian,gaussian,matched_sigma0.4,0.3,0.4841231195795185,0.5000510317895166,0.01592791220999812,True
vit_tiny_badnet_a2a_0_01_evade_l1,before_mlp_gaussian,gaussian,matched_sigma0.2,0.5,0.49961878125,0.49961878125000003,5.551115123125783e-17,False
vit_cifar100_badnet_a2a_0_1,after_attention_residual_gaussian,gaussian,matched_sigma0.2,0.2,0.1764683828125,0.1635958671875,0.012872515624999997,True
vit_cifar100_badnet_a2o_0_05,after_attention_residual_gaussian,gaussian,oracle,0.1,0.7177201703666842,0.7258060592468383,0.008085888880154046,True
vit_cifar100_blend_0_01,before_mlp_gaussian,gaussian,matched_sigma0.2,0.75,0.6318655694645692,0.6308169116828399,0.0010486577817292453,True
vit_cifar10_adaptive_blend_0_05,before_attention_norm_gaussian,gaussian,matched_sigma0.4,1.0,0.8412899594907408,0.8444096450617283,0.003119685570987518,True
vit_cifar100_wanet_0_1,before_attention_norm_gaussian,gaussian,matched_sigma0.2,0.1,0.6652173500103158,0.6405145559120935,0.02470279409822229,True
vit_tiny_badnet_a2a_0_01_evade_l1,before_mlp_gaussian,gaussian,matched_sigma0.4,1.0,0.49859665625,0.49859665625000005,5.551115123125783e-17,False
vit_cifar100_blend_0_01,before_attention_norm_gaussian,gaussian,matched_sigma0.6,0.5,0.31980649581845,0.324338731683646,0.0045322358651960215,True
vit_cifar100_blend_0_01,before_attention_norm_gaussian,gaussian,adaptive,1.0,0.3916538362233921,0.3911255606293814,0.0005282755940106965,True
vit_cifar100_bpp_0_05,before_mlp_gaussian,gaussian,matched_sigma0.2,0.75,0.7961232839922279,0.7956898330293162,0.0004334509629116967,True
vit_cifar100_adaptive_blend_0_05,before_attention_norm_gaussian,gaussian,matched_sigma0.4,0.2,0.7114400917199446,0.6801854591324675,0.03125463258747707,True
vit_cifar100_wanet_0_05,before_attention_norm_gaussian,gaussian,matched_sigma0.2,0.1,0.6099723810591771,0.5947215140016178,0.015250867057559292,True
vit_cifar100_badnet_a2o_0_1,before_mlp_gaussian,gaussian,matched_sigma0.2,0.75,0.8047740103412402,0.8036758371978965,0.0010981731433437059,True
vit_cifar100_tact_0_1_evade_l1,before_mlp_gaussian,gaussian,oracle,0.05,0.502191358037008,0.502191358037008,0.0,False
vit_tiny_wanet_0_01_evade_l1,before_mlp_gaussian,gaussian,matched_sigma0.6,1.0,0.5238398573692815,0.5238398573692815,0.0,False
vit_cifar100_blend_0_1,before_attention_norm_gaussian,gaussian,matched_sigma0.2,0.1,0.7206508029685273,0.7169982628919318,0.003652540076595545,True
vit_cifar100_badnet_a2a_0_05,before_mlp_gaussian,gaussian,adaptive,1.5,0.5913888203125001,0.5896813046875,0.0017075156250000445,True
vit_cifar100_lc_0_01,after_attention_residual_gaussian,gaussian,adaptive,0.5,0.6263116762155068,0.6257637189835623,0.0005479572319444515,True
vit_tiny_tact_0_05_evade_l1,before_mlp_gaussian,gaussian,matched_sigma0.2,0.5,0.4927557728837109,0.4927557728837109,0.0,False
vit_cifar100_bpp_0_01,before_attention_norm_gaussian,gaussian,adaptive,0.75,0.3271097722205572,0.34114945235004424,0.014039680129487031,True
vit_cifar100_badnet_a2a_0_1,before_mlp_gaussian,gaussian,adaptive,1.5,0.5570403749999999,0.5556939609375,0.0013464140624999121,True
vit_cifar100_lc_0_1,before_attention_norm_gaussian,gaussian,matched_sigma0.2,0.2,0.4077433996477896,0.39223663937229464,0.015506760275494968,True
vit_tiny_sig_0_01_evade_l1,before_mlp_gaussian,gaussian,matched_sigma0.4,0.75,0.4714186433641781,0.47141864336417816,5.551115123125783e-17,False
vit_cifar100_adaptive_blend_0_01,before_attention_norm_gaussian,gaussian,matched_sigma0.2,0.2,0.6220636428828252,0.5728494518312662,0.049214191051559,True
vit_cifar100_badnet_a2a_0_05,before_mlp_gaussian,gaussian,matched_sigma0.4,1.0,0.4485483203124999,0.448109921875,0.0004383984374999317,True
vit_cifar100_lc_0_01,before_attention_norm_gaussian,gaussian,adaptive,0.75,0.5677307574278031,0.5694362759084699,0.0017055184806668011,True
vit_cifar100_lf_0_01,after_attention_residual_gaussian,gaussian,adaptive,0.5,0.5903497002461003,0.6034194730891911,0.013069772843090743,True
vit_cifar100_badnet_a2o_0_1,after_attention_residual_gaussian,gaussian,matched_sigma0.4,0.3,0.3653370280966155,0.3865892383900484,0.021252210293432883,True
vit_cifar100_adaptive_blend_0_05,before_attention_norm_gaussian,gaussian,oracle,0.1,0.740581007379018,0.729664873424162,0.010916133954856022,True
vit_cifar100_bpp_0_01,before_mlp_gaussian,gaussian,matched_sigma0.4,1.0,0.8145409952316325,0.8128484541813306,0.0016925410503019211,True
vit_cifar100_lc_0_05,after_attention_residual_gaussian,gaussian,matched_sigma0.2,0.2,0.3028609966363235,0.29106434482932003,0.011796651807003455,True
vit_tiny_sig_0_01_evade_l1,before_mlp_gaussian,gaussian,matched_sigma0.6,1.0,0.5092807511217695,0.5092807511217695,0.0,False
vit_cifar100_blend_0_1,before_mlp_gaussian,gaussian,adaptive,1.5,0.9983368616886062,0.9983622897901702,2.542810156391795e-05,True
vit_cifar100_badnet_a2a_0_05,before_attention_norm_gaussian,gaussian,matched_sigma0.4,0.2,0.5107318671875,0.5007043203125,0.01002754687499996,True
vit_cifar100_badnet_a2o_0_01,before_attention_norm_gaussian,gaussian,oracle,0.1,0.4298232523467719,0.4313621952129564,0.0015389428661845006,True
vit_cifar100_lf_0_05,after_attention_residual_gaussian,gaussian,oracle,0.3,0.9309471010088636,0.9289930479761873,0.0019540530326762617,True
vit_cifar100_badnet_a2o_0_05,before_attention_norm_gaussian,gaussian,adaptive,0.75,0.2899176380118992,0.2849611295632009,0.004956508448698271,True
vit_cifar100_lc_0_05,before_attention_norm_gaussian,gaussian,matched_sigma0.8,0.75,0.6665830928664438,0.6691507245532424,0.0025676316867986326,True
vit_cifar100_adaptive_blend_0_1,before_mlp_gaussian,gaussian,adaptive,1.5,0.9883555736108024,0.988536132286785,0.00018055867598265607,True
vit_tiny_sig_0_05_evade_l1,before_mlp_gaussian,gaussian,oracle,2.0,0.590131148799237,0.590131148799237,0.0,False
vit_tiny_tact_0_05_evade_l1,before_mlp_gaussian,gaussian,matched_sigma0.6,1.0,0.4813641990840702,0.4813641990840702,0.0,False
vit_cifar100_badnet_a2a_0_1,before_mlp_gaussian,gaussian,matched_sigma0.2,0.75,0.414262109375,0.4141946640625,6.744531250002517e-05,True
vit_cifar100_lc_0_01,before_attention_norm_gaussian,gaussian,matched_sigma0.8,0.5,0.5048150097630022,0.5051267075277477,0.0003116977647454888,True
vit_cifar100_adaptive_blend_0_05,after_attention_residual_gaussian,gaussian,oracle,0.3,0.95161936542281,0.9468245002073117,0.004794865215498323,True
vit_cifar100_bpp_0_05,before_attention_norm_gaussian,gaussian,matched_sigma0.4,0.2,0.6480539960070059,0.6206481133043005,0.027405882702705386,True
vit_cifar100_bpp_0_05,after_attention_residual_gaussian,gaussian,oracle,0.3,0.9786354782673932,0.9723114391738821,0.006324039093511091,True
vit_tiny_sig_0_05_evade_l1,before_mlp_gaussian,gaussian,adaptive,1.5,0.5864666132486601,0.5864666132486601,0.0,False
vit_cifar100_bpp_0_1,before_attention_norm_gaussian,gaussian,matched_sigma0.2,0.2,0.4936079451244647,0.48826947243074215,0.005338472693722562,True
vit_cifar100_badnet_a2a_0_1,before_attention_norm_gaussian,gaussian,matched_sigma0.2,0.1,0.3062255390625,0.323504109375,0.01727857031250002,True
vit_tiny_tact_0_01_evade_l1,before_mlp_gaussian,gaussian,matched_sigma0.4,0.75,0.4908663307290042,0.4908663307290042,0.0,False
vit_cifar100_adaptive_blend_0_05,before_attention_norm_gaussian,gaussian,adaptive,0.75,0.6634873930968211,0.6631656948891191,0.00032169820770200364,True
vit_cifar100_sig_0_1_evade_l1,before_mlp_gaussian,gaussian,matched_sigma0.2,0.2,0.4649579211210073,0.4649579211210073,0.0,False
vit_cifar100_badnet_a2a_0_1,before_mlp_gaussian,gaussian,matched_sigma0.4,1.0,0.428485484375,0.42808152343750006,0.00040396093749994755,True
vit_cifar100_bpp_0_05,before_attention_norm_gaussian,gaussian,matched_sigma0.2,0.1,0.7239002765086562,0.7041024961600454,0.019797780348610794,True
vit_cifar100_lc_0_1_evade_l1,before_mlp_gaussian,gaussian,oracle,0.75,0.5008275067251582,0.5008275067251582,0.0,False
vit_cifar100_bpp_0_01,after_attention_residual_gaussian,gaussian,adaptive,0.5,0.4820617273949484,0.5018615110246303,0.019799783629681877,True
vit_cifar100_adaptive_blend_0_01,before_attention_norm_gaussian,gaussian,matched_sigma0.8,0.75,0.8058821998899393,0.80734861759639,0.0014664177064507289,True
vit_cifar100_bpp_0_1,after_attention_residual_gaussian,gaussian,oracle,0.3,0.9655260388628544,0.9758046266215302,0.01027858775867585,True
vit_cifar100_lf_0_01,before_attention_norm_gaussian,gaussian,matched_sigma0.4,0.2,0.5585286339498676,0.5257238608733268,0.03280477307654084,True
vit_tiny_sig_0_01_evade_l1,before_mlp_gaussian,gaussian,oracle,2.0,0.5942527873368352,0.5942527873368352,0.0,False
vit_cifar100_adaptive_blend_0_01,after_attention_residual_gaussian,gaussian,matched_sigma0.2,0.2,0.5290196014268789,0.528238904436709,0.0007806969901699157,True
vit_cifar100_adaptive_blend_0_01,after_attention_residual_gaussian,gaussian,adaptive,0.5,0.7900151922132226,0.789673157909229,0.00034203430399359913,True
vit_cifar100_badnet_a2o_0_05,before_attention_norm_gaussian,gaussian,matched_sigma0.6,0.3,0.1884804235143695,0.21184299065122197,0.023362567136852475,True
vit_cifar100_bpp_0_1,before_mlp_gaussian,gaussian,matched_sigma0.2,0.75,0.8314771484291602,0.829771310700514,0.0017058377286461868,True
vit_cifar100_blend_0_05_evade_l1,before_mlp_gaussian,gaussian,oracle,0.2,0.5593790866235496,0.5588106496337228,0.0005684369898267816,True
vit_tiny_tact_0_01_evade_l1,before_mlp_gaussian,gaussian,matched_sigma0.6,1.0,0.4934849780839833,0.49348497808398334,5.551115123125783e-17,False
vit_cifar100_sig_0_01_evade_l1,before_mlp_gaussian,gaussian,oracle,0.05,0.4869047192433504,0.48690471924335044,5.551115123125783e-17,False
vit_cifar100_lf_0_05,before_attention_norm_gaussian,gaussian,adaptive,0.75,0.6068701526683744,0.6066661532094998,0.00020399945887461524,True
vit_tiny_sig_0_01_evade_l1,before_mlp_gaussian,gaussian,matched_sigma0.2,0.5,0.4615569765521978,0.4615569765521978,0.0,False
vit_cifar100_adaptive_blend_0_01,before_attention_norm_gaussian,gaussian,adaptive,1.0,0.8717523721122524,0.8729535825409664,0.0012012104287140168,True
vit_cifar100_blend_0_1,before_attention_norm_gaussian,gaussian,adaptive,0.3,0.9812086808314334,0.9537579836936112,0.027450697137822222,True
vit_cifar100_badnet_a2o_0_01,before_mlp_gaussian,gaussian,adaptive,1.5,0.992786368430525,0.9936014564092823,0.0008150879787572896,True
vit_cifar100_bpp_0_01,before_mlp_gaussian,gaussian,matched_sigma0.2,0.75,0.708632034379815,0.7074555656695088,0.0011764687103061888,True
vit_cifar100_adaptive_blend_0_1_evade_l1,before_mlp_gaussian,gaussian,oracle,0.2,0.5685801166771554,0.5681623328088355,0.00041778386831980985,True
vit_tiny_tact_0_1_evade_l1,before_mlp_gaussian,gaussian,adaptive,1.5,0.5084608530769446,0.5084608530769446,0.0,False
vit_cifar100_adaptive_blend_0_1,before_attention_norm_gaussian,gaussian,matched_sigma0.2,0.1,0.7187982069437234,0.7090186277205416,0.009779579223181845,True
vit_cifar100_lf_0_01,before_attention_norm_gaussian,gaussian,adaptive,0.75,0.647363630232624,0.6453950753604809,0.001968554872143091,True
vit_cifar100_adaptive_blend_0_1,before_attention_norm_gaussian,gaussian,adaptive,1.0,0.8614011953442471,0.8655611481593957,0.004159952815148582,True
vit_tiny_tact_0_1_evade_l1,before_mlp_gaussian,gaussian,matched_sigma0.4,1.0,0.4953295395150934,0.4953295395150934,0.0,False
vit_cifar100_badnet_a2o_0_1,after_attention_residual_gaussian,gaussian,oracle,0.05,0.5906369116908211,0.5919805386431721,0.001343626952351018,True
vit_cifar100_sig_0_01_evade_l1,before_mlp_gaussian,gaussian,matched_sigma0.2,0.75,0.4232457702635671,0.42324577026356713,5.551115123125783e-17,False
vit_cifar100_bpp_0_1,after_attention_residual_gaussian,gaussian,matched_sigma0.2,0.2,0.90594140442773,0.9170439313153934,0.011102526887663444,True
vit_cifar100_badnet_a2a_0_05,before_attention_norm_gaussian,gaussian,matched_sigma0.2,0.1,0.55109825,0.5383645859375,0.012733664062499983,True
vit_cifar100_badnet_a2a_0_05,before_mlp_gaussian,gaussian,matched_sigma0.2,0.75,0.4372179453124999,0.43741489843750003,0.00019695312500012108,True
vit_cifar100_bpp_0_01,after_attention_residual_gaussian,gaussian,oracle,0.3,0.6789545746040626,0.6953754376191444,0.016420863015081832,True
vit_cifar100_lf_0_01,before_attention_norm_gaussian,gaussian,oracle,1.5,0.7166713290173667,0.7146128579518087,0.0020584710655580096,True
vit_cifar100_blend_0_01_evade_l1,before_mlp_gaussian,gaussian,oracle,0.3,0.652407037981331,0.6499466496720325,0.0024603883092985113,True
vit_cifar100_badnet_a2o_0_01,before_attention_norm_gaussian,gaussian,adaptive,0.75,0.1372451213920488,0.14035387840403146,0.0031087570119826546,True
vit_tiny_wanet_0_01_evade_l1,before_mlp_gaussian,gaussian,matched_sigma0.2,0.5,0.5083695129901595,0.5083695129901595,0.0,False
vit_cifar100_wanet_0_1,before_attention_norm_gaussian,gaussian,matched_sigma0.4,0.2,0.6054828047052363,0.5978450681574483,0.007637736547787988,True
vit_cifar100_blend_0_01,after_attention_residual_gaussian,gaussian,oracle,0.2,0.5378881506722764,0.5434423392257198,0.005554188553443473,True
vit_cifar100_lc_0_01,after_attention_residual_gaussian,gaussian,matched_sigma0.4,0.3,0.4183457607260337,0.44463046846847565,0.02628470774244196,True
vit_cifar100_blend_0_05,before_mlp_gaussian,gaussian,adaptive,1.5,0.9969530334344416,0.9972985315790125,0.0003454981445708549,True
vit_cifar100_lc_0_01,before_attention_norm_gaussian,gaussian,oracle,3.0,0.672889509471489,0.672739726300726,0.00014978317076297376,True
vit_cifar10_adaptive_blend_0_01,before_attention_norm_gaussian,gaussian,oracle,3.0,0.8672992283950618,0.8671242959104939,0.00017493248456790234,True
vit_cifar100_badnet_a2o_0_1_evade_l1,before_mlp_gaussian,gaussian,oracle,0.2,0.6177858716008571,0.6187742234392664,0.0009883518384092849,True
vit_cifar100_lc_0_05,attention_heads_head_mask,head_mask,matched_sigma0.6,0.4,0.5672725727276826,0.5672725727276826,0.0,False
vit_tiny_badnet_a2a_0_1,attention_heads_head_mask,head_mask,adaptive,0.5,0.5291106015625,0.5291106015625,0.0,False
vit_cifar100_lf_0_01,attention_heads_head_mask,head_mask,adaptive,0.5,0.8078228365262786,0.8078228365262786,0.0,False
vit_gtsrb_lf_0_1,attention_heads_head_mask,head_mask,adaptive,0.6,0.9847865370612444,0.9847865370612444,0.0,False
vit_cifar10_adaptive_blend_0_01,attention_heads_head_mask,head_mask,matched_sigma0.4,0.4,0.5822379533179012,0.5822379533179012,0.0,False
vit_tiny_bpp_0_1,attention_heads_head_mask,head_mask,matched_sigma0.6,0.4,0.9396733377923586,0.9396733377923586,0.0,False
vit_tiny_blend_0_05,attention_heads_head_mask,head_mask,matched_sigma0.2,0.1,0.7887226518253074,0.7887226518253074,0.0,False
vit_cifar100_lf_0_05,attention_heads_head_mask,head_mask,matched_sigma0.4,0.3,0.707424478897509,0.707424478897509,0.0,False
vit_tiny_lc_0_1,attention_heads_head_mask,head_mask,matched_sigma0.2,0.1,0.5128561961469796,0.5128561961469796,0.0,False
vit_gtsrb_blend_0_05,attention_heads_head_mask,head_mask,matched_sigma0.6,0.6,0.894810229645385,0.894810229645385,0.0,False
vit_cifar100_blend_0_05,attention_heads_head_mask,head_mask,matched_sigma0.6,0.4,0.8919116688728033,0.8919116688728033,0.0,False
vit_tiny_lf_0_01,attention_heads_head_mask,head_mask,adaptive,0.5,0.7917692604804423,0.7917692604804423,0.0,False
vit_cifar100_badnet_a2a_0_05,attention_heads_head_mask,head_mask,oracle,0.9,0.7240549140625,0.7240549140625,0.0,False
vit_tiny_lf_0_05,attention_heads_head_mask,head_mask,matched_sigma0.2,0.1,0.7810322932671605,0.7810322932671605,0.0,False
vit_cifar100_adaptive_blend_0_05,attention_heads_head_mask,head_mask,adaptive,0.5,0.8845074063535935,0.8845074063535935,0.0,False
vit_tiny_blend_0_01,attention_heads_head_mask,head_mask,adaptive,0.5,0.8713154571658958,0.8713154571658958,0.0,False
vit_cifar100_adaptive_blend_0_1,attention_heads_head_mask,head_mask,matched_sigma0.4,0.3,0.7861898272429466,0.7861898272429466,0.0,False
vit_gtsrb_wanet_0_05,attention_heads_head_mask,head_mask,adaptive,0.6,0.9370908295741534,0.9370908295741534,0.0,False
vit_cifar100_blend_0_1,attention_heads_head_mask,head_mask,matched_sigma0.4,0.2,0.8592336053193098,0.8592336053193098,0.0,False
vit_cifar100_blend_0_1,attention_heads_head_mask,head_mask,adaptive,0.5,0.979840719201848,0.9798407192018481,1.1102230246251565e-16,False
vit_gtsrb_badnet_a2o_0_01,attention_heads_head_mask,head_mask,matched_sigma0.2,0.4,0.6699027894986834,0.6699027894986834,0.0,False
vit_gtsrb_bpp_0_05,attention_heads_head_mask,head_mask,matched_sigma0.2,0.3,0.710045465853226,0.710045465853226,0.0,False
vit_tiny_badnet_a2o_0_01,attention_heads_head_mask,head_mask,matched_sigma0.2,0.1,0.6551111511454111,0.6551111511454111,0.0,False
vit_tiny_badnet_a2o_0_01,attention_heads_head_mask,head_mask,matched_sigma0.4,0.3,0.7296513711803019,0.7296513711803019,0.0,False
vit_cifar100_lc_0_05,attention_heads_head_mask,head_mask,oracle,0.7,0.7792656019480512,0.7792656019480512,0.0,False
vit_cifar100_badnet_a2o_0_01,attention_heads_head_mask,head_mask,adaptive,0.6,0.663757429000247,0.663757429000247,0.0,False
vit_gtsrb_badnet_a2a_0_05,attention_heads_head_mask,head_mask,matched_sigma0.4,0.4,0.1966682758553553,0.19666827585535535,5.551115123125783e-17,False
vit_tiny_lf_0_01,attention_heads_head_mask,head_mask,matched_sigma0.2,0.1,0.6659053756166896,0.6659053756166896,0.0,False
vit_gtsrb_lf_0_01,attention_heads_head_mask,head_mask,matched_sigma0.8,0.6,0.9359621014458638,0.9359621014458638,0.0,False
vit_gtsrb_adaptive_blend_0_1,attention_heads_head_mask,head_mask,matched_sigma0.6,0.5,0.9918773543023062,0.9918773543023062,0.0,False
vit_tiny_wanet_0_05,attention_heads_head_mask,head_mask,matched_sigma0.2,0.1,0.6743281203338867,0.6743281203338867,0.0,False
vit_tiny_badnet_a2a_0_1,attention_heads_head_mask,head_mask,matched_sigma0.2,0.1,0.4390698359375,0.4390698359375,0.0,False
vit_gtsrb_lf_0_01,attention_heads_head_mask,head_mask,matched_sigma0.4,0.5,0.8801606437030219,0.8801606437030219,0.0,False
vit_cifar100_badnet_a2o_0_1,attention_heads_head_mask,head_mask,adaptive,0.5,0.7109431822399157,0.7109431822399157,0.0,False
vit_cifar100_wanet_0_05,attention_heads_head_mask,head_mask,oracle,0.6,0.772614485318384,0.772614485318384,0.0,False
vit_cifar100_bpp_0_01,attention_heads_head_mask,head_mask,adaptive,0.5,0.6934992491686583,0.6934992491686583,0.0,False
vit_tiny_blend_0_01,attention_heads_head_mask,head_mask,matched_sigma0.4,0.2,0.7882156322543915,0.7882156322543915,0.0,False
vit_gtsrb_badnet_a2o_0_05,attention_heads_head_mask,head_mask,matched_sigma0.2,0.4,0.8807723293038441,0.8807723293038441,0.0,False
vit_gtsrb_blend_0_05,attention_heads_head_mask,head_mask,matched_sigma0.4,0.5,0.9082607664941428,0.9082607664941427,1.1102230246251565e-16,False
vit_tiny_lf_0_01,attention_heads_head_mask,head_mask,matched_sigma0.6,0.4,0.7697666633341586,0.7697666633341586,0.0,False
vit_cifar100_bpp_0_05,attention_heads_head_mask,head_mask,adaptive,0.5,0.8762810643248764,0.8762810643248764,0.0,False
vit_cifar100_blend_0_05,attention_heads_head_mask,head_mask,oracle,0.5,0.9229633076325408,0.9229633076325408,0.0,False
vit_cifar100_badnet_a2o_0_05,attention_heads_head_mask,head_mask,matched_sigma0.6,0.4,0.7393616716462701,0.7393616716462701,0.0,False
vit_cifar100_lc_0_1,attention_heads_head_mask,head_mask,matched_sigma0.4,0.3,0.5917803063104551,0.5917803063104551,0.0,False
vit_cifar100_blend_0_05,attention_heads_head_mask,head_mask,adaptive,0.6,0.8861970582096812,0.8861970582096812,0.0,False
vit_cifar100_badnet_a2a_0_05,attention_heads_head_mask,head_mask,matched_sigma0.2,0.1,0.3434590390624999,0.34345903906249997,5.551115123125783e-17,False
vit_cifar100_bpp_0_1,attention_heads_head_mask,head_mask,adaptive,0.5,0.9146737066166938,0.9146737066166938,0.0,False
vit_tiny_wanet_0_1,attention_heads_head_mask,head_mask,adaptive,0.5,0.8143915210257192,0.8143915210257192,0.0,False
vit_tiny_bpp_0_05,attention_heads_head_mask,head_mask,matched_sigma0.4,0.3,0.8696031541597918,0.8696031541597918,0.0,False
vit_tiny_lf_0_1,attention_heads_head_mask,head_mask,adaptive,0.5,0.7805995881550315,0.7805995881550315,0.0,False
vit_gtsrb_badnet_a2o_0_05,attention_heads_head_mask,head_mask,matched_sigma0.4,0.5,0.920991233995892,0.9209912339958921,1.1102230246251565e-16,False
vit_cifar100_lc_0_01,attention_heads_head_mask,head_mask,oracle,0.6,0.7240635558877507,0.7240635558877507,0.0,False
vit_cifar100_bpp_0_01,attention_heads_head_mask,head_mask,matched_sigma0.6,0.4,0.6368462769101106,0.6368462769101106,0.0,False
vit_tiny_badnet_a2a_0_05,attention_heads_head_mask,head_mask,adaptive,0.5,0.565021609375,0.565021609375,0.0,False
vit_cifar100_blend_0_01,attention_heads_head_mask,head_mask,matched_sigma0.8,0.5,0.6099717266008191,0.6099717266008191,0.0,False
vit_gtsrb_badnet_a2a_0_1,attention_heads_head_mask,head_mask,matched_sigma0.2,0.2,0.2108008538287333,0.21080085382873337,8.326672684688674e-17,False
vit_cifar10_sig_0_05,attention_heads_head_mask,head_mask,matched_sigma0.6,0.6,0.7164973765432099,0.7164973765432099,0.0,False
vit_gtsrb_wanet_0_05,attention_heads_head_mask,head_mask,oracle,0.7,0.9572250799246902,0.9572250799246902,0.0,False
vit_cifar100_lc_0_01,attention_heads_head_mask,head_mask,matched_sigma0.4,0.3,0.5680955780563305,0.5680955780563305,0.0,False
vit_tiny_blend_0_05,attention_heads_head_mask,head_mask,matched_sigma0.4,0.3,0.8580820293020451,0.8580820293020451,0.0,False
vit_gtsrb_badnet_a2o_0_1,attention_heads_head_mask,head_mask,matched_sigma0.2,0.3,0.8912919426553418,0.8912919426553418,0.0,False
vit_tiny_adaptive_blend_0_05,attention_heads_head_mask,head_mask,matched_sigma0.4,0.3,0.7794848633800306,0.7794848633800306,0.0,False
vit_gtsrb_badnet_a2o_0_1,attention_heads_head_mask,head_mask,matched_sigma0.6,0.5,0.9645960817731882,0.9645960817731882,0.0,False
vit_tiny_blend_0_1,attention_heads_head_mask,head_mask,adaptive,0.5,0.9580056136739612,0.9580056136739613,1.1102230246251565e-16,False
vit_gtsrb_badnet_a2a_0_1,attention_heads_head_mask,head_mask,matched_sigma0.6,0.3,0.2498736956500576,0.24987369565005765,5.551115123125783e-17,False
vit_gtsrb_wanet_0_1,attention_heads_head_mask,head_mask,matched_sigma0.2,0.3,0.5779975731335358,0.5779975731335358,0.0,False
vit_gtsrb_lf_0_1,attention_heads_head_mask,head_mask,matched_sigma0.6,0.5,0.9500722933662872,0.9500722933662873,1.1102230246251565e-16,False
vit_cifar100_badnet_a2o_0_01,attention_heads_head_mask,head_mask,matched_sigma0.4,0.3,0.6597448809584143,0.6597448809584143,0.0,False
vit_tiny_bpp_0_01,attention_heads_head_mask,head_mask,adaptive,0.5,0.8230161579603195,0.8230161579603195,0.0,False
vit_gtsrb_badnet_a2o_0_05,attention_heads_head_mask,head_mask,adaptive,0.7,0.9518002176057851,0.9518002176057851,0.0,False
vit_cifar10_adaptive_blend_0_01,attention_heads_head_mask,head_mask,matched_sigma0.6,0.5,0.6899968460648149,0.6899968460648149,0.0,False
vit_cifar100_blend_0_05,attention_heads_head_mask,head_mask,matched_sigma0.2,0.1,0.7502250897785178,0.7502250897785178,0.0,False
vit_gtsrb_badnet_a2o_0_1,attention_heads_head_mask,head_mask,oracle,0.6,0.981260631259111,0.981260631259111,0.0,False
vit_cifar100_badnet_a2o_0_1,attention_heads_head_mask,head_mask,matched_sigma0.4,0.3,0.6482142744550936,0.6482142744550936,0.0,False
vit_tiny_badnet_a2o_0_05,attention_heads_head_mask,head_mask,adaptive,0.5,0.7396035808660736,0.7396035808660736,0.0,False
vit_cifar100_badnet_a2a_0_05,attention_heads_head_mask,head_mask,adaptive,0.5,0.5341343359375,0.5341343359375,0.0,False
vit_cifar100_benign,attention_heads_head_mask,head_mask,matched_sigma0.6,0.4,0.4944588766701159,0.49445887667011595,5.551115123125783e-17,False
vit_cifar100_lc_0_05,attention_heads_head_mask,head_mask,adaptive,0.5,0.6836595236261461,0.6836595236261461,0.0,False
vit_gtsrb_adaptive_blend_0_1,attention_heads_head_mask,head_mask,matched_sigma0.2,0.3,0.8837969842981154,0.8837969842981154,0.0,False
vit_cifar100_lf_0_01,attention_heads_head_mask,head_mask,matched_sigma0.6,0.4,0.7699130488221944,0.7699130488221944,0.0,False
vit_cifar10_adaptive_blend_0_01,attention_heads_head_mask,head_mask,adaptive,0.7,0.8726142361111111,0.8726142361111111,0.0,False
vit_tiny_bpp_0_01,attention_heads_head_mask,head_mask,matched_sigma0.2,0.1,0.6812515284191198,0.6812515284191198,0.0,False
vit_cifar100_lf_0_05,attention_heads_head_mask,head_mask,matched_sigma0.6,0.4,0.7736150244484093,0.7736150244484093,0.0,False
vit_tiny_lf_0_1,attention_heads_head_mask,head_mask,matched_sigma0.6,0.4,0.76104977070181,0.76104977070181,0.0,False
vit_cifar100_badnet_a2a_0_05,attention_heads_head_mask,head_mask,matched_sigma0.6,0.4,0.4128463984375,0.4128463984375,0.0,False
vit_cifar100_wanet_0_05,attention_heads_head_mask,head_mask,matched_sigma0.2,0.1,0.4567365912855677,0.4567365912855677,0.0,False
vit_gtsrb_badnet_a2o_0_01,attention_heads_head_mask,head_mask,matched_sigma0.4,0.5,0.7747643923694839,0.7747643923694839,0.0,False
vit_tiny_blend_0_1,attention_heads_head_mask,head_mask,matched_sigma0.6,0.4,0.9497328633975852,0.9497328633975851,1.1102230246251565e-16,False
vit_gtsrb_wanet_0_1,attention_heads_head_mask,head_mask,matched_sigma0.6,0.5,0.8818309509553696,0.8818309509553696,0.0,False
vit_cifar100_blend_0_01,attention_heads_head_mask,head_mask,adaptive,0.6,0.5358127674450066,0.5358127674450066,0.0,False
vit_tiny_adaptive_blend_0_05,attention_heads_head_mask,head_mask,matched_sigma0.2,0.1,0.638721264990426,0.638721264990426,0.0,False
vit_gtsrb_badnet_a2a_0_1,attention_heads_head_mask,head_mask,oracle,0.9,0.5615155946756061,0.5615155946756061,0.0,False
vit_cifar100_bpp_0_01,attention_heads_head_mask,head_mask,matched_sigma0.2,0.1,0.5449563009375116,0.5449563009375116,0.0,False
vit_cifar100_adaptive_blend_0_05,attention_heads_head_mask,head_mask,matched_sigma0.4,0.3,0.762614688838971,0.762614688838971,0.0,False
vit_gtsrb_lf_0_1,attention_heads_head_mask,head_mask,matched_sigma0.2,0.3,0.8160362526404882,0.8160362526404882,0.0,False
vit_gtsrb_badnet_a2a_0_05,attention_heads_head_mask,head_mask,oracle,0.9,0.7379992681215148,0.7379992681215148,0.0,False
vit_cifar100_lf_0_1,attention_heads_head_mask,head_mask,matched_sigma0.6,0.4,0.8269434120984609,0.8269434120984609,0.0,False
vit_gtsrb_bpp_0_1,attention_heads_head_mask,head_mask,matched_sigma0.2,0.2,0.8235622626840575,0.8235622626840575,0.0,False
vit_tiny_lc_0_05,attention_heads_head_mask,head_mask,matched_sigma0.6,0.4,0.6927041718913717,0.6927041718913717,0.0,False
vit_gtsrb_blend_0_1,attention_heads_head_mask,head_mask,matched_sigma0.2,0.2,0.8589738444080743,0.8589738444080743,0.0,False
vit_tiny_lf_0_05,attention_heads_head_mask,head_mask,matched_sigma0.4,0.2,0.8038143989643114,0.8038143989643114,0.0,False
vit_cifar100_adaptive_blend_0_05,attention_heads_head_mask,head_mask,matched_sigma0.2,0.1,0.649893207560271,0.649893207560271,0.0,False
vit_cifar100_wanet_0_05,attention_heads_head_mask,head_mask,matched_sigma0.4,0.2,0.4822146711207081,0.4822146711207081,0.0,False
vit_cifar100_adaptive_blend_0_1,attention_heads_head_mask,head_mask,adaptive,0.5,0.8981419049287497,0.8981419049287497,0.0,False
vit_cifar100_adaptive_blend_0_05,attention_heads_head_mask,head_mask,matched_sigma0.6,0.4,0.8356271566697486,0.8356271566697486,0.0,False
vit_cifar100_wanet_0_05,attention_heads_head_mask,head_mask,adaptive,0.5,0.729255549627298,0.729255549627298,0.0,False
vit_cifar100_adaptive_blend_0_1,attention_heads_head_mask,head_mask,matched_sigma0.6,0.4,0.8560881427708888,0.8560881427708888,0.0,False
vit_tiny_bpp_0_05,attention_heads_head_mask,head_mask,matched_sigma0.2,0.1,0.8004869266461908,0.8004869266461908,0.0,False
vit_gtsrb_lf_0_05,attention_heads_head_mask,head_mask,matched_sigma0.4,0.4,0.827008678135298,0.827008678135298,0.0,False
vit_tiny_bpp_0_05,attention_heads_head_mask,head_mask,adaptive,0.5,0.9178324880586572,0.9178324880586571,1.1102230246251565e-16,False
vit_cifar100_badnet_a2a_0_1,attention_heads_head_mask,head_mask,oracle,0.9,0.6654001875000001,0.6654001875000001,0.0,False
vit_cifar100_lc_0_1,attention_heads_head_mask,head_mask,matched_sigma0.8,0.5,0.7272628915327056,0.7272628915327056,0.0,False
vit_gtsrb_bpp_0_05,attention_heads_head_mask,head_mask,matched_sigma0.8,0.6,0.912282864749132,0.9122828647491319,1.1102230246251565e-16,False
vit_gtsrb_benign,attention_heads_head_mask,head_mask,matched_sigma0.8,0.6,0.505113912009861,0.505113912009861,0.0,False
vit_gtsrb_wanet_0_1,attention_heads_head_mask,head_mask,adaptive,0.6,0.9607699232785176,0.9607699232785176,0.0,False
vit_tiny_benign,attention_heads_head_mask,head_mask,oracle,0.1,0.5031874864523124,0.5031874864523124,0.0,False
vit_cifar100_lc_0_1,attention_heads_head_mask,head_mask,adaptive,0.6,0.7528780644314254,0.7528780644314254,0.0,False
vit_gtsrb_badnet_a2o_0_1,attention_heads_head_mask,head_mask,matched_sigma0.4,0.4,0.9368312135251048,0.9368312135251047,1.1102230246251565e-16,False
vit_cifar100_lc_0_1,attention_heads_head_mask,head_mask,matched_sigma0.2,0.2,0.5371180207902265,0.5371180207902265,0.0,False
vit_cifar100_lc_0_05,attention_heads_head_mask,head_mask,matched_sigma0.2,0.1,0.4317543115437275,0.43175431154372756,5.551115123125783e-17,False
vit_gtsrb_badnet_a2a_0_05,attention_heads_head_mask,head_mask,matched_sigma0.2,0.3,0.1765870258387619,0.17658702583876196,5.551115123125783e-17,False
vit_cifar100_badnet_a2o_0_05,attention_heads_head_mask,head_mask,matched_sigma0.4,0.3,0.683856060663501,0.683856060663501,0.0,False
vit_cifar100_lf_0_1,attention_heads_head_mask,head_mask,matched_sigma0.4,0.3,0.7866800724214041,0.7866800724214041,0.0,False
vit_cifar100_badnet_a2a_0_05,attention_heads_head_mask,head_mask,matched_sigma0.4,0.3,0.34726359375,0.34726359375000004,5.551115123125783e-17,False
vit_cifar10_wanet_0_05,attention_heads_head_mask,head_mask,matched_sigma0.6,0.5,0.7733899980709876,0.7733899980709876,0.0,False
vit_tiny_blend_0_05,attention_heads_head_mask,head_mask,matched_sigma0.6,0.4,0.9064475997976876,0.9064475997976877,1.1102230246251565e-16,False
vit_cifar100_blend_0_01,attention_heads_head_mask,head_mask,oracle,0.4,0.6298456396113316,0.6298456396113316,0.0,False
vit_cifar100_bpp_0_05,attention_heads_head_mask,head_mask,matched_sigma0.6,0.4,0.8201266456734517,0.8201266456734517,0.0,False
vit_gtsrb_lf_0_05,attention_heads_head_mask,head_mask,matched_sigma0.2,0.3,0.7352445460834193,0.7352445460834193,0.0,False
vit_tiny_bpp_0_1,attention_heads_head_mask,head_mask,adaptive,0.5,0.960383842112298,0.9603838421122981,1.1102230246251565e-16,False
vit_gtsrb_adaptive_blend_0_1,attention_heads_head_mask,head_mask,adaptive,0.6,0.9988405731977752,0.9988405731977751,1.1102230246251565e-16,False
vit_tiny_adaptive_blend_0_1,attention_heads_head_mask,head_mask,adaptive,0.5,0.8809958961527307,0.8809958961527307,0.0,False
vit_cifar100_blend_0_01,attention_heads_head_mask,head_mask,matched_sigma0.4,0.3,0.6174397030355295,0.6174397030355295,0.0,False
vit_cifar100_bpp_0_1,attention_heads_head_mask,head_mask,matched_sigma0.4,0.3,0.8004083899965242,0.8004083899965242,0.0,False
vit_tiny_badnet_a2a_0_05,attention_heads_head_mask,head_mask,matched_sigma0.6,0.4,0.4623789609374999,0.46237896093749997,5.551115123125783e-17,False
vit_tiny_badnet_a2a_0_1,attention_heads_head_mask,head_mask,oracle,0.9,0.6286313828125001,0.6286313828125001,0.0,False
vit_cifar100_adaptive_blend_0_1,attention_heads_head_mask,head_mask,matched_sigma0.2,0.1,0.6660838289325665,0.6660838289325665,0.0,False
vit_tiny_wanet_0_1,attention_heads_head_mask,head_mask,matched_sigma0.6,0.4,0.7982818828642793,0.7982818828642793,0.0,False
vit_cifar100_lc_0_01,attention_heads_head_mask,head_mask,matched_sigma0.2,0.1,0.4879925168273615,0.4879925168273615,0.0,False
vit_tiny_badnet_a2o_0_1,attention_heads_head_mask,head_mask,adaptive,0.5,0.8061726970778007,0.8061726970778007,0.0,False
vit_cifar100_benign,attention_heads_head_mask,head_mask,matched_sigma0.4,0.3,0.4942807762035748,0.49428077620357486,5.551115123125783e-17,False
vit_tiny_lf_0_05,attention_heads_head_mask,head_mask,adaptive,0.5,0.8973915680218199,0.8973915680218199,0.0,False
vit_cifar100_badnet_a2o_0_05,attention_heads_head_mask,head_mask,adaptive,0.5,0.7729469022769964,0.7729469022769964,0.0,False
vit_gtsrb_adaptive_blend_0_05,attention_heads_head_mask,head_mask,adaptive,0.6,0.9930342608640508,0.9930342608640507,1.1102230246251565e-16,False
vit_tiny_wanet_0_05,attention_heads_head_mask,head_mask,adaptive,0.5,0.8622672396560075,0.8622672396560075,0.0,False
vit_cifar10_adaptive_blend_0_05,attention_heads_head_mask,head_mask,adaptive,0.7,0.8699689236111111,0.8699689236111111,0.0,False
vit_cifar10_sig_0_05,attention_heads_head_mask,head_mask,matched_sigma0.4,0.5,0.6149309702932099,0.6149309702932099,0.0,False
vit_tiny_badnet_a2a_0_1,attention_heads_head_mask,head_mask,matched_sigma0.6,0.4,0.47480025,0.47480025,0.0,False
vit_cifar100_lf_0_01,attention_heads_head_mask,head_mask,matched_sigma0.2,0.1,0.6267213831099463,0.6267213831099463,0.0,False
vit_gtsrb_bpp_0_1,attention_heads_head_mask,head_mask,matched_sigma0.4,0.3,0.9200791527101648,0.9200791527101647,1.1102230246251565e-16,False
vit_tiny_benign,attention_heads_head_mask,head_mask,matched_sigma0.6,0.4,0.4967526120683744,0.49675261206837446,5.551115123125783e-17,False
vit_cifar100_lc_0_05,attention_heads_head_mask,head_mask,matched_sigma0.4,0.3,0.4912922878866542,0.49129228788665424,5.551115123125783e-17,False
vit_cifar10_adaptive_blend_0_05,attention_heads_head_mask,head_mask,matched_sigma0.2,0.4,0.6245067226080248,0.6245067226080248,0.0,False
vit_cifar100_benign,attention_heads_head_mask,head_mask,matched_sigma0.2,0.1,0.4959021488980557,0.49590214889805573,5.551115123125783e-17,False
vit_gtsrb_badnet_a2o_0_01,attention_heads_head_mask,head_mask,adaptive,0.6,0.776827195797054,0.776827195797054,0.0,False
vit_gtsrb_benign,attention_heads_head_mask,head_mask,adaptive,0.7,0.5025051860650649,0.5025051860650649,0.0,False
vit_tiny_lc_0_1,attention_heads_head_mask,head_mask,matched_sigma0.6,0.4,0.6359516444380794,0.6359516444380794,0.0,False
vit_gtsrb_blend_0_1,attention_heads_head_mask,head_mask,matched_sigma0.4,0.3,0.9330914805111592,0.9330914805111591,1.1102230246251565e-16,False
vit_cifar10_adaptive_blend_0_05,attention_heads_head_mask,head_mask,matched_sigma0.6,0.6,0.8406033468364198,0.8406033468364198,0.0,False
vit_tiny_bpp_0_05,attention_heads_head_mask,head_mask,matched_sigma0.6,0.4,0.9004733171942694,0.9004733171942694,0.0,False
vit_tiny_lc_0_05,attention_heads_head_mask,head_mask,matched_sigma0.4,0.3,0.6346958682155458,0.6346958682155458,0.0,False
vit_tiny_wanet_0_05,attention_heads_head_mask,head_mask,matched_sigma0.4,0.2,0.7099932827306726,0.7099932827306726,0.0,False
vit_cifar100_wanet_0_1,attention_heads_head_mask,head_mask,matched_sigma0.4,0.3,0.5897010282578359,0.5897010282578359,0.0,False
vit_tiny_bpp_0_1,attention_heads_head_mask,head_mask,matched_sigma0.4,0.3,0.9030704319052156,0.9030704319052155,1.1102230246251565e-16,False
vit_gtsrb_bpp_0_1,attention_heads_head_mask,head_mask,adaptive,0.5,0.9971518065244628,0.9971518065244629,1.1102230246251565e-16,False
vit_cifar100_adaptive_blend_0_01,attention_heads_head_mask,head_mask,matched_sigma0.6,0.4,0.6998285398914318,0.6998285398914318,0.0,False
vit_gtsrb_bpp_0_05,attention_heads_head_mask,head_mask,adaptive,0.7,0.9394903755590868,0.9394903755590868,0.0,False
vit_gtsrb_lf_0_1,attention_heads_head_mask,head_mask,matched_sigma0.4,0.4,0.8781156428252275,0.8781156428252275,0.0,False
vit_cifar100_lf_0_05,attention_heads_head_mask,head_mask,matched_sigma0.2,0.1,0.6568929350023086,0.6568929350023086,0.0,False
vit_tiny_badnet_a2o_0_05,attention_heads_head_mask,head_mask,matched_sigma0.6,0.4,0.7378129931226094,0.7378129931226094,0.0,False
vit_cifar100_bpp_0_05,attention_heads_head_mask,head_mask,matched_sigma0.2,0.1,0.705786664932086,0.705786664932086,0.0,False
vit_tiny_badnet_a2o_0_1,attention_heads_head_mask,head_mask,matched_sigma0.2,0.1,0.7449392011430108,0.7449392011430108,0.0,False
vit_cifar100_bpp_0_05,attention_heads_head_mask,head_mask,matched_sigma0.4,0.3,0.7551419077221697,0.7551419077221697,0.0,False
vit_gtsrb_blend_0_01,attention_heads_head_mask,head_mask,matched_sigma0.6,0.5,0.9682473159170774,0.9682473159170774,0.0,False
vit_gtsrb_badnet_a2o_0_05,attention_heads_head_mask,head_mask,oracle,0.6,0.9668004387077336,0.9668004387077336,0.0,False
vit_gtsrb_benign,attention_heads_head_mask,head_mask,matched_sigma0.2,0.4,0.5044884276455581,0.5044884276455581,0.0,False
vit_tiny_blend_0_01,attention_heads_head_mask,head_mask,matched_sigma0.2,0.1,0.7533557023406221,0.7533557023406221,0.0,False
vit_tiny_lc_0_05,attention_heads_head_mask,head_mask,adaptive,0.5,0.7272119388849888,0.7272119388849888,0.0,False
vit_gtsrb_badnet_a2a_0_05,attention_heads_head_mask,head_mask,adaptive,0.6,0.521482983161485,0.521482983161485,0.0,False
vit_gtsrb_badnet_a2a_0_05,attention_heads_head_mask,head_mask,matched_sigma0.6,0.5,0.3000409436011076,0.30004094360110767,5.551115123125783e-17,False
vit_gtsrb_adaptive_blend_0_1,attention_heads_head_mask,head_mask,matched_sigma0.4,0.4,0.9487252650461844,0.9487252650461843,1.1102230246251565e-16,False
vit_cifar10_sig_0_05,attention_heads_head_mask,head_mask,adaptive,0.7,0.7829388117283951,0.7829388117283951,0.0,False
vit_cifar100_badnet_a2a_0_1,attention_heads_head_mask,head_mask,matched_sigma0.6,0.4,0.4213143671875,0.4213143671875,0.0,False
vit_gtsrb_benign,attention_heads_head_mask,head_mask,oracle,0.1,0.5062335243747114,0.5062335243747114,0.0,False
vit_cifar100_badnet_a2a_0_1,attention_heads_head_mask,head_mask,matched_sigma0.2,0.1,0.395412125,0.395412125,0.0,False
vit_cifar100_bpp_0_1,attention_heads_head_mask,head_mask,matched_sigma0.6,0.4,0.8702880215364688,0.8702880215364688,0.0,False
vit_cifar10_adaptive_blend_0_01,attention_heads_head_mask,head_mask,matched_sigma0.8,0.6,0.8109389467592594,0.8109389467592594,0.0,False
vit_tiny_badnet_a2a_0_05,attention_heads_head_mask,head_mask,matched_sigma0.4,0.2,0.3772319609375,0.3772319609375,0.0,False
vit_gtsrb_lf_0_05,attention_heads_head_mask,head_mask,matched_sigma0.6,0.5,0.9130714899994176,0.9130714899994177,1.1102230246251565e-16,False
vit_cifar100_lc_0_01,attention_heads_head_mask,head_mask,adaptive,0.5,0.6977926715828194,0.6977926715828194,0.0,False
vit_tiny_badnet_a2o_0_05,attention_heads_head_mask,head_mask,matched_sigma0.2,0.1,0.7010766842967557,0.7010766842967557,0.0,False
vit_tiny_badnet_a2a_0_1,attention_heads_head_mask,head_mask,matched_sigma0.4,0.3,0.454716171875,0.454716171875,0.0,False
vit_tiny_bpp_0_1,attention_heads_head_mask,head_mask,matched_sigma0.2,0.1,0.8481652679683087,0.8481652679683087,0.0,False
vit_cifar100_blend_0_01,attention_heads_head_mask,head_mask,matched_sigma0.2,0.1,0.5685464120717239,0.5685464120717239,0.0,False
vit_cifar10_wanet_0_05,attention_heads_head_mask,head_mask,matched_sigma0.2,0.3,0.4702491415895061,0.47024914158950615,5.551115123125783e-17,False
vit_cifar100_lc_0_01,attention_heads_head_mask,head_mask,matched_sigma0.6,0.4,0.63019832083544,0.63019832083544,0.0,False
vit_tiny_badnet_a2o_0_01,attention_heads_head_mask,head_mask,adaptive,0.5,0.7973335072362707,0.7973335072362707,0.0,False
vit_gtsrb_wanet_0_05,attention_heads_head_mask,head_mask,matched_sigma0.6,0.5,0.8422892536481196,0.8422892536481196,0.0,False
vit_tiny_wanet_0_1,attention_heads_head_mask,head_mask,matched_sigma0.2,0.1,0.7023037371719154,0.7023037371719154,0.0,False
vit_tiny_blend_0_05,attention_heads_head_mask,head_mask,adaptive,0.5,0.929624002305698,0.9296240023056979,1.1102230246251565e-16,False
vit_cifar100_benign,attention_heads_head_mask,head_mask,oracle,0.8,0.5087530533076285,0.5087530533076285,0.0,False
vit_tiny_badnet_a2o_0_1,attention_heads_head_mask,head_mask,matched_sigma0.6,0.4,0.7925332115381315,0.7925332115381315,0.0,False
vit_gtsrb_lf_0_05,attention_heads_head_mask,head_mask,adaptive,0.6,0.9542859790514036,0.9542859790514036,0.0,False
vit_cifar100_badnet_a2o_0_01,attention_heads_head_mask,head_mask,oracle,0.5,0.7457343481694522,0.7457343481694522,0.0,False
vit_gtsrb_adaptive_blend_0_05,attention_heads_head_mask,head_mask,matched_sigma0.4,0.5,0.9621355316693956,0.9621355316693956,0.0,False
vit_cifar100_wanet_0_1,attention_heads_head_mask,head_mask,oracle,0.6,0.8045322278839966,0.8045322278839966,0.0,False
vit_gtsrb_blend_0_1,attention_heads_head_mask,head_mask,oracle,0.4,0.9691776957573558,0.9691776957573558,0.0,False
vit_tiny_badnet_a2o_0_1,attention_heads_head_mask,head_mask,matched_sigma0.4,0.2,0.7402862714507719,0.7402862714507719,0.0,False
vit_gtsrb_bpp_0_01,attention_heads_head_mask,head_mask,oracle,0.7,0.9476984011058172,0.9476984011058172,0.0,False
vit_tiny_blend_0_1,attention_heads_head_mask,head_mask,matched_sigma0.2,0.1,0.8561697126596524,0.8561697126596524,0.0,False
vit_gtsrb_blend_0_05,attention_heads_head_mask,head_mask,adaptive,0.7,0.8346347470881481,0.8346347470881481,0.0,False
vit_cifar100_blend_0_1,attention_heads_head_mask,head_mask,matched_sigma0.6,0.4,0.9658143277695062,0.9658143277695062,0.0,False
vit_tiny_bpp_0_01,attention_heads_head_mask,head_mask,matched_sigma0.6,0.4,0.7954569783534255,0.7954569783534255,0.0,False
vit_cifar100_blend_0_05,attention_heads_head_mask,head_mask,matched_sigma0.4,0.3,0.8328755583347865,0.8328755583347865,0.0,False
vit_tiny_adaptive_blend_0_05,attention_heads_head_mask,head_mask,adaptive,0.5,0.9039391888454082,0.9039391888454082,0.0,False
vit_gtsrb_benign,attention_heads_head_mask,head_mask,matched_sigma0.4,0.5,0.5012747546152664,0.5012747546152664,0.0,False
vit_gtsrb_adaptive_blend_0_05,attention_heads_head_mask,head_mask,matched_sigma0.2,0.4,0.8874209068997785,0.8874209068997785,0.0,False
vit_gtsrb_bpp_0_01,attention_heads_head_mask,head_mask,matched_sigma0.6,0.5,0.8485304147089672,0.8485304147089672,0.0,False
vit_tiny_benign,attention_heads_head_mask,head_mask,adaptive,0.5,0.4984571876336762,0.49845718763367625,5.551115123125783e-17,False
vit_cifar10_wanet_0_05,attention_heads_head_mask,head_mask,matched_sigma0.4,0.4,0.5946667727623457,0.5946667727623457,0.0,False
vit_cifar100_adaptive_blend_0_01,attention_heads_head_mask,head_mask,matched_sigma0.4,0.3,0.6265388371152911,0.6265388371152911,0.0,False
vit_tiny_blend_0_1,attention_heads_head_mask,head_mask,matched_sigma0.4,0.3,0.9225696934255077,0.9225696934255077,0.0,False
vit_tiny_adaptive_blend_0_1,attention_heads_head_mask,head_mask,matched_sigma0.4,0.3,0.7627648126476058,0.7627648126476058,0.0,False
vit_gtsrb_bpp_0_1,attention_heads_head_mask,head_mask,matched_sigma0.8,0.4,0.984696460806632,0.9846964608066321,1.1102230246251565e-16,False
vit_cifar10_sig_0_05,attention_heads_head_mask,head_mask,matched_sigma0.2,0.4,0.5201683738425926,0.5201683738425926,0.0,False
vit_tiny_badnet_a2o_0_05,attention_heads_head_mask,head_mask,matched_sigma0.4,0.3,0.7080646982072858,0.7080646982072858,0.0,False
vit_gtsrb_blend_0_01,attention_heads_head_mask,head_mask,adaptive,0.6,0.9873199373078564,0.9873199373078563,1.1102230246251565e-16,False
vit_tiny_badnet_a2a_0_05,attention_heads_head_mask,head_mask,oracle,0.9,0.6844056484375,0.6844056484375,0.0,False
vit_gtsrb_bpp_0_01,attention_heads_head_mask,head_mask,adaptive,0.6,0.9276780620501794,0.9276780620501794,0.0,False
vit_gtsrb_badnet_a2o_0_1,attention_heads_head_mask,head_mask,adaptive,0.7,0.976938749505291,0.976938749505291,0.0,False
vit_cifar10_wanet_0_05,attention_heads_head_mask,head_mask,matched_sigma0.8,0.6,0.8994351658950617,0.8994351658950617,0.0,False
vit_cifar100_wanet_0_1,attention_heads_head_mask,head_mask,adaptive,0.5,0.7683068723315358,0.7683068723315358,0.0,False
vit_tiny_badnet_a2a_0_05,attention_heads_head_mask,head_mask,matched_sigma0.2,0.1,0.374589359375,0.374589359375,0.0,False
vit_cifar10_adaptive_blend_0_05,attention_heads_head_mask,head_mask,matched_sigma0.4,0.5,0.7395477334104938,0.7395477334104938,0.0,False
vit_cifar10_wanet_0_05,attention_heads_head_mask,head_mask,adaptive,0.7,0.9302125385802468,0.9302125385802469,1.1102230246251565e-16,False
vit_cifar100_lf_0_05,attention_heads_head_mask,head_mask,adaptive,0.5,0.8286713178436874,0.8286713178436874,0.0,False
vit_cifar100_benign,attention_heads_head_mask,head_mask,adaptive,0.5,0.4986470749502472,0.4986470749502472,0.0,False
vit_tiny_adaptive_blend_0_05,attention_heads_head_mask,head_mask,matched_sigma0.6,0.4,0.85765240253712,0.85765240253712,0.0,False
vit_cifar100_wanet_0_05,attention_heads_head_mask,head_mask,matched_sigma0.6,0.4,0.6383893939436264,0.6383893939436264,0.0,False
vit_tiny_lf_0_1,attention_heads_head_mask,head_mask,matched_sigma0.2,0.1,0.7178233272131055,0.7178233272131055,0.0,False
vit_tiny_wanet_0_1,attention_heads_head_mask,head_mask,matched_sigma0.4,0.3,0.756265750777863,0.756265750777863,0.0,False
vit_cifar100_adaptive_blend_0_01,attention_heads_head_mask,head_mask,adaptive,0.6,0.8250192885638591,0.8250192885638591,0.0,False
vit_tiny_lf_0_1,attention_heads_head_mask,head_mask,matched_sigma0.4,0.2,0.7118561327014544,0.7118561327014544,0.0,False
vit_gtsrb_lf_0_01,attention_heads_head_mask,head_mask,adaptive,0.7,0.9457734423206862,0.9457734423206862,0.0,False
vit_cifar100_badnet_a2o_0_05,attention_heads_head_mask,head_mask,matched_sigma0.2,0.1,0.6784606421114424,0.6784606421114424,0.0,False
vit_gtsrb_wanet_0_05,attention_heads_head_mask,head_mask,matched_sigma0.4,0.4,0.6369251076759339,0.6369251076759339,0.0,False
vit_gtsrb_badnet_a2a_0_1,attention_heads_head_mask,head_mask,adaptive,0.4,0.3769134905470858,0.3769134905470858,0.0,False
vit_cifar100_adaptive_blend_0_01,attention_heads_head_mask,head_mask,matched_sigma0.8,0.5,0.78190363579552,0.78190363579552,0.0,False
vit_cifar100_lf_0_1,attention_heads_head_mask,head_mask,adaptive,0.5,0.8353722611017488,0.8353722611017488,0.0,False
vit_tiny_benign,attention_heads_head_mask,head_mask,matched_sigma0.4,0.3,0.4986034091258724,0.4986034091258724,0.0,False
vit_cifar100_lf_0_01,attention_heads_head_mask,head_mask,matched_sigma0.4,0.3,0.7096268430086089,0.7096268430086089,0.0,False
vit_tiny_lc_0_1,attention_heads_head_mask,head_mask,matched_sigma0.4,0.3,0.5880260644762821,0.5880260644762821,0.0,False
vit_tiny_blend_0_01,attention_heads_head_mask,head_mask,matched_sigma0.6,0.4,0.8671501929231766,0.8671501929231766,0.0,False
vit_cifar100_badnet_a2o_0_1,attention_heads_head_mask,head_mask,matched_sigma0.6,0.4,0.6999255433899906,0.6999255433899906,0.0,False
vit_cifar100_bpp_0_01,attention_heads_head_mask,head_mask,matched_sigma0.4,0.3,0.5769840403944468,0.5769840403944468,0.0,False
vit_gtsrb_bpp_0_01,attention_heads_head_mask,head_mask,matched_sigma0.2,0.4,0.726348968547792,0.726348968547792,0.0,False
vit_cifar100_badnet_a2a_0_1,attention_heads_head_mask,head_mask,matched_sigma0.4,0.3,0.3982338984375,0.3982338984375,0.0,False
vit_gtsrb_lf_0_01,attention_heads_head_mask,head_mask,matched_sigma0.2,0.4,0.7892666157399351,0.7892666157399351,0.0,False
vit_gtsrb_wanet_0_05,attention_heads_head_mask,head_mask,matched_sigma0.2,0.3,0.471577706467484,0.471577706467484,0.0,False
vit_gtsrb_wanet_0_1,attention_heads_head_mask,head_mask,oracle,0.7,0.9650488760424544,0.9650488760424545,1.1102230246251565e-16,False
vit_cifar100_badnet_a2a_0_1,attention_heads_head_mask,head_mask,adaptive,0.5,0.5039030078125001,0.5039030078125001,0.0,False
vit_tiny_badnet_a2o_0_01,attention_heads_head_mask,head_mask,matched_sigma0.6,0.4,0.7782995339492838,0.7782995339492838,0.0,False
vit_tiny_lf_0_01,attention_heads_head_mask,head_mask,matched_sigma0.4,0.2,0.681403377761461,0.681403377761461,0.0,False
vit_tiny_wanet_0_05,attention_heads_head_mask,head_mask,matched_sigma0.6,0.4,0.8182164305724333,0.8182164305724333,0.0,False
vit_gtsrb_bpp_0_05,attention_heads_head_mask,head_mask,matched_sigma0.4,0.5,0.8553038961380657,0.8553038961380657,0.0,False
vit_tiny_lc_0_1,attention_heads_head_mask,head_mask,adaptive,0.5,0.6758051823612095,0.6758051823612095,0.0,False
vit_gtsrb_blend_0_01,attention_heads_head_mask,head_mask,matched_sigma0.2,0.3,0.7752174904975316,0.7752174904975316,0.0,False
vit_tiny_adaptive_blend_0_1,attention_heads_head_mask,head_mask,matched_sigma0.6,0.4,0.8346503370924372,0.8346503370924372,0.0,False
vit_cifar100_wanet_0_1,attention_heads_head_mask,head_mask,matched_sigma0.2,0.1,0.5330938840467395,0.5330938840467395,0.0,False
vit_gtsrb_blend_0_05,attention_heads_head_mask,head_mask,oracle,0.4,0.9137048657550116,0.9137048657550115,1.1102230246251565e-16,False
vit_cifar100_adaptive_blend_0_01,attention_heads_head_mask,head_mask,matched_sigma0.2,0.2,0.5624701094102732,0.5624701094102732,0.0,False
vit_cifar100_lc_0_1,attention_heads_head_mask,head_mask,matched_sigma0.6,0.4,0.6559296122054887,0.6559296122054887,0.0,False
vit_gtsrb_wanet_0_1,attention_heads_head_mask,head_mask,matched_sigma0.4,0.4,0.7139016706191543,0.7139016706191543,0.0,False
vit_cifar100_badnet_a2o_0_01,attention_heads_head_mask,head_mask,matched_sigma0.6,0.4,0.7162438479916707,0.7162438479916707,0.0,False
vit_tiny_lf_0_05,attention_heads_head_mask,head_mask,matched_sigma0.6,0.4,0.8794836067829155,0.8794836067829155,0.0,False
vit_cifar100_bpp_0_01,attention_heads_head_mask,head_mask,oracle,0.6,0.6989832749974161,0.6989832749974161,0.0,False
vit_tiny_bpp_0_01,attention_heads_head_mask,head_mask,matched_sigma0.4,0.3,0.7432095883537821,0.7432095883537821,0.0,False
vit_gtsrb_blend_0_1,attention_heads_head_mask,head_mask,adaptive,0.5,0.965163381649382,0.9651633816493819,1.1102230246251565e-16,False
vit_cifar100_badnet_a2o_0_01,attention_heads_head_mask,head_mask,matched_sigma0.2,0.1,0.615730976112669,0.615730976112669,0.0,False
vit_cifar100_bpp_0_1,attention_heads_head_mask,head_mask,matched_sigma0.2,0.1,0.7257277157926787,0.7257277157926787,0.0,False
vit_cifar10_adaptive_blend_0_01,attention_heads_head_mask,head_mask,matched_sigma0.2,0.3,0.5143744791666667,0.5143744791666667,0.0,False
vit_tiny_lc_0_05,attention_heads_head_mask,head_mask,matched_sigma0.2,0.1,0.5346620790137215,0.5346620790137215,0.0,False
vit_gtsrb_blend_0_01,attention_heads_head_mask,head_mask,matched_sigma0.4,0.4,0.8896399160834991,0.8896399160834991,0.0,False
vit_cifar100_wanet_0_1,attention_heads_head_mask,head_mask,matched_sigma0.6,0.4,0.6723355503775307,0.6723355503775307,0.0,False
vit_cifar100_blend_0_1,attention_heads_head_mask,head_mask,matched_sigma0.2,0.1,0.7875808465578484,0.7875808465578484,0.0,False
vit_tiny_adaptive_blend_0_1,attention_heads_head_mask,head_mask,matched_sigma0.2,0.1,0.6399026320357974,0.6399026320357974,0.0,False
vit_cifar100_lf_0_1,attention_heads_head_mask,head_mask,matched_sigma0.2,0.1,0.7546965328472252,0.7546965328472252,0.0,False
vit_cifar100_badnet_a2o_0_1,attention_heads_head_mask,head_mask,matched_sigma0.2,0.1,0.6569645902112983,0.6569645902112983,0.0,False
vit_cifar10_adaptive_blend_0_01,input_pixels_scale_up,scale_up,adaptive,6.0,0.8373612075617284,0.8373612075617284,0.0,False
vit_tiny_blend_0_1,input_pixels_scale_up,scale_up,adaptive,4.0,0.8986080203321202,0.8986080203321202,0.0,False
vit_gtsrb_adaptive_blend_0_1,input_pixels_scale_up,scale_up,matched_sigma0.6,6.0,0.7991722734867734,0.7991722734867734,0.0,False
vit_cifar100_bpp_0_01,input_pixels_scale_up,scale_up,matched_sigma0.2,0.5,0.6239796575187488,0.6239796575187488,0.0,False
vit_tiny_bpp_0_1,input_pixels_scale_up,scale_up,adaptive,2.0,0.9798560615363816,0.9798560615363816,0.0,False
vit_cifar100_benign,input_pixels_scale_up,scale_up,adaptive,4.0,0.506699051713783,0.506699051713783,0.0,False
vit_tiny_badnet_a2o_0_01,input_pixels_scale_up,scale_up,adaptive,4.0,0.9835049448754052,0.9835049448754051,1.1102230246251565e-16,False
vit_tiny_lc_0_1,input_pixels_scale_up,scale_up,adaptive,4.0,0.7813542489187226,0.7813542489187226,0.0,False
vit_tiny_benign,input_pixels_scale_up,scale_up,oracle,0.5,0.5004710029086277,0.5004710029086277,0.0,False
vit_tiny_bpp_0_05,input_pixels_scale_up,scale_up,matched_sigma0.6,1.0,0.8920981526743709,0.8920981526743709,0.0,False
vit_cifar100_adaptive_blend_0_05,input_pixels_scale_up,scale_up,matched_sigma0.6,2.0,0.8018227782635224,0.8018227782635224,0.0,False
vit_cifar100_wanet_0_05,input_pixels_scale_up,scale_up,oracle,10.0,0.5603353620212228,0.5603353620212228,0.0,False
vit_tiny_lc_0_05,input_pixels_scale_up,scale_up,oracle,10.0,0.8793563210726237,0.8793563210726237,0.0,False
vit_cifar100_badnet_a2o_0_05,input_pixels_scale_up,scale_up,oracle,10.0,0.9939204011031614,0.9939204011031614,0.0,False
vit_cifar100_badnet_a2o_0_1,input_pixels_scale_up,scale_up,matched_sigma0.6,2.0,0.9018436012129826,0.9018436012129826,0.0,False
vit_tiny_bpp_0_05,input_pixels_scale_up,scale_up,matched_sigma0.2,0.5,0.7591612994104523,0.7591612994104523,0.0,False
vit_gtsrb_benign,input_pixels_scale_up,scale_up,matched_sigma0.6,6.0,0.4961139232347619,0.4961139232347619,0.0,False
vit_gtsrb_badnet_a2a_0_05,input_pixels_scale_up,scale_up,adaptive,10.0,0.5644462104712608,0.5644462104712608,0.0,False
vit_tiny_badnet_a2a_0_05,input_pixels_scale_up,scale_up,adaptive,4.0,0.6550222343750001,0.6550222343750001,0.0,False
vit_cifar10_sig_0_05,input_pixels_scale_up,scale_up,adaptive,6.0,0.7870983892746914,0.7870983892746914,0.0,False
vit_cifar100_lc_0_01,input_pixels_scale_up,scale_up,matched_sigma0.6,2.0,0.8824541071053027,0.8824541071053027,0.0,False
vit_gtsrb_bpp_0_05,input_pixels_scale_up,scale_up,matched_sigma0.2,2.0,0.7262896982113906,0.7262896982113906,0.0,False
vit_cifar10_adaptive_blend_0_05,input_pixels_scale_up,scale_up,oracle,8.0,0.8449083236882715,0.8449083236882715,0.0,False
vit_tiny_lf_0_1,input_pixels_scale_up,scale_up,matched_sigma0.2,0.5,0.6669644138800875,0.6669644138800875,0.0,False
vit_gtsrb_badnet_a2a_0_1,input_pixels_scale_up,scale_up,adaptive,10.0,0.5401055781176298,0.5401055781176298,0.0,False
vit_gtsrb_benign,input_pixels_scale_up,scale_up,matched_sigma0.8,10.0,0.4907666834289469,0.49076668342894697,5.551115123125783e-17,False
vit_cifar100_badnet_a2a_0_1,input_pixels_scale_up,scale_up,adaptive,4.0,0.6542562890625,0.6542562890625,0.0,False
vit_cifar100_lc_0_01,input_pixels_scale_up,scale_up,adaptive,4.0,0.9401538695449,0.9401538695449,0.0,False
vit_tiny_badnet_a2a_0_1,input_pixels_scale_up,scale_up,matched_sigma0.4,1.0,0.4984629140625,0.4984629140625,0.0,False
vit_tiny_wanet_0_1,input_pixels_scale_up,scale_up,matched_sigma0.4,1.0,0.4728526558898309,0.4728526558898309,0.0,False
vit_gtsrb_blend_0_05,input_pixels_scale_up,scale_up,oracle,4.0,0.7068994103387987,0.7068994103387987,0.0,False
vit_tiny_blend_0_05,input_pixels_scale_up,scale_up,matched_sigma0.2,0.5,0.665497770874071,0.665497770874071,0.0,False
vit_tiny_badnet_a2a_0_05,input_pixels_scale_up,scale_up,matched_sigma0.4,1.0,0.5094224375,0.5094224375,0.0,False
vit_gtsrb_bpp_0_01,input_pixels_scale_up,scale_up,matched_sigma0.2,2.0,0.5756809761273884,0.5756809761273884,0.0,False
vit_cifar100_lc_0_05,input_pixels_scale_up,scale_up,matched_sigma0.4,1.0,0.5700199490081165,0.5700199490081165,0.0,False
vit_gtsrb_blend_0_1,input_pixels_scale_up,scale_up,matched_sigma0.4,4.0,0.6946392402658215,0.6946392402658215,0.0,False
vit_cifar100_badnet_a2o_0_05,input_pixels_scale_up,scale_up,adaptive,4.0,0.9780113245239516,0.9780113245239515,1.1102230246251565e-16,False
vit_gtsrb_badnet_a2o_0_01,input_pixels_scale_up,scale_up,matched_sigma0.6,6.0,0.9282796756261036,0.9282796756261037,1.1102230246251565e-16,False
vit_cifar100_lc_0_01,input_pixels_scale_up,scale_up,matched_sigma0.2,0.5,0.5842271864396228,0.5842271864396228,0.0,False
vit_cifar100_badnet_a2o_0_01,input_pixels_scale_up,scale_up,matched_sigma0.4,1.0,0.8342143247366505,0.8342143247366505,0.0,False
vit_tiny_badnet_a2o_0_1,input_pixels_scale_up,scale_up,oracle,10.0,0.9970939928801144,0.9970939928801144,0.0,False
vit_cifar100_wanet_0_05,input_pixels_scale_up,scale_up,matched_sigma0.2,0.5,0.3644099559078634,0.3644099559078634,0.0,False
vit_cifar100_badnet_a2a_0_1,input_pixels_scale_up,scale_up,matched_sigma0.6,2.0,0.5731738515625,0.5731738515625,0.0,False
vit_cifar100_lf_0_1,input_pixels_scale_up,scale_up,adaptive,4.0,0.3073407720772947,0.3073407720772947,0.0,False
vit_gtsrb_benign,input_pixels_scale_up,scale_up,matched_sigma0.2,2.0,0.4977163314550213,0.49771633145502137,5.551115123125783e-17,False
vit_tiny_wanet_0_05,input_pixels_scale_up,scale_up,oracle,10.0,0.5620614845075231,0.5620614845075231,0.0,False
vit_tiny_adaptive_blend_0_1,input_pixels_scale_up,scale_up,adaptive,4.0,0.8944791121592016,0.8944791121592016,0.0,False
vit_gtsrb_badnet_a2o_0_1,input_pixels_scale_up,scale_up,matched_sigma0.2,2.0,0.7098375460136035,0.7098375460136035,0.0,False
vit_cifar100_lc_0_05,input_pixels_scale_up,scale_up,adaptive,4.0,0.8191404008717066,0.8191404008717066,0.0,False
vit_cifar100_badnet_a2a_0_05,input_pixels_scale_up,scale_up,matched_sigma0.4,1.0,0.4982862109375,0.49828621093750003,5.551115123125783e-17,False
vit_cifar100_badnet_a2o_0_01,input_pixels_scale_up,scale_up,adaptive,4.0,0.9693985567596968,0.9693985567596968,0.0,False
vit_cifar100_adaptive_blend_0_01,input_pixels_scale_up,scale_up,oracle,10.0,0.7692586223891003,0.7692586223891003,0.0,False
vit_cifar100_blend_0_1,input_pixels_scale_up,scale_up,matched_sigma0.2,0.5,0.7055107069786412,0.7055107069786412,0.0,False
vit_tiny_lf_0_05,input_pixels_scale_up,scale_up,oracle,2.0,0.758686744562743,0.758686744562743,0.0,False
vit_gtsrb_adaptive_blend_0_05,input_pixels_scale_up,scale_up,oracle,4.0,0.7906310623178255,0.7906310623178255,0.0,False
vit_cifar100_wanet_0_1,input_pixels_scale_up,scale_up,oracle,10.0,0.5458435309784273,0.5458435309784273,0.0,False
vit_gtsrb_adaptive_blend_0_1,input_pixels_scale_up,scale_up,matched_sigma0.2,2.0,0.8320111410000908,0.8320111410000908,0.0,False
vit_cifar100_adaptive_blend_0_01,input_pixels_scale_up,scale_up,adaptive,4.0,0.7510056191634984,0.7510056191634984,0.0,False
vit_cifar100_badnet_a2a_0_05,input_pixels_scale_up,scale_up,matched_sigma0.6,2.0,0.5681570859375,0.5681570859375,0.0,False
vit_cifar100_bpp_0_1,input_pixels_scale_up,scale_up,adaptive,4.0,0.9556479237508124,0.9556479237508125,1.1102230246251565e-16,False
vit_gtsrb_blend_0_05,input_pixels_scale_up,scale_up,matched_sigma0.6,6.0,0.6216823357703165,0.6216823357703165,0.0,False
vit_tiny_lc_0_1,input_pixels_scale_up,scale_up,oracle,10.0,0.8132370224262016,0.8132370224262016,0.0,False
vit_cifar100_bpp_0_05,input_pixels_scale_up,scale_up,matched_sigma0.4,1.0,0.807356622739475,0.807356622739475,0.0,False
vit_tiny_lf_0_01,input_pixels_scale_up,scale_up,matched_sigma0.2,0.5,0.5833032247297176,0.5833032247297176,0.0,False
vit_gtsrb_blend_0_05,input_pixels_scale_up,scale_up,matched_sigma0.8,10.0,0.3946080339689809,0.3946080339689809,0.0,False
vit_tiny_wanet_0_1,input_pixels_scale_up,scale_up,matched_sigma0.8,2.0,0.4183455617124078,0.4183455617124078,0.0,False
vit_cifar100_bpp_0_05,input_pixels_scale_up,scale_up,matched_sigma0.6,2.0,0.9180009569458184,0.9180009569458184,0.0,False
vit_gtsrb_blend_0_01,input_pixels_scale_up,scale_up,matched_sigma0.4,4.0,0.5417798406571701,0.5417798406571701,0.0,False
vit_gtsrb_lf_0_01,input_pixels_scale_up,scale_up,oracle,8.0,0.5552004116678768,0.5552004116678768,0.0,False
vit_tiny_wanet_0_05,input_pixels_scale_up,scale_up,adaptive,4.0,0.5274656057450862,0.5274656057450862,0.0,False
vit_tiny_bpp_0_01,input_pixels_scale_up,scale_up,matched_sigma0.4,1.0,0.8315345682367833,0.8315345682367833,0.0,False
vit_cifar100_wanet_0_05,input_pixels_scale_up,scale_up,adaptive,4.0,0.4943622961751298,0.49436229617512983,5.551115123125783e-17,False
vit_cifar100_lc_0_05,input_pixels_scale_up,scale_up,matched_sigma0.2,0.5,0.4872438244471323,0.4872438244471323,0.0,False
vit_gtsrb_lf_0_1,input_pixels_scale_up,scale_up,matched_sigma0.4,4.0,0.5684621136895852,0.5684621136895852,0.0,False
vit_gtsrb_bpp_0_05,input_pixels_scale_up,scale_up,matched_sigma0.6,6.0,0.7493397148682142,0.7493397148682142,0.0,False
vit_tiny_wanet_0_05,input_pixels_scale_up,scale_up,matched_sigma0.4,1.0,0.4501687968276795,0.4501687968276795,0.0,False
vit_tiny_blend_0_1,input_pixels_scale_up,scale_up,matched_sigma0.2,0.5,0.7116536248146105,0.7116536248146105,0.0,False
vit_tiny_lf_0_05,input_pixels_scale_up,scale_up,matched_sigma0.2,0.5,0.6833720123712932,0.6833720123712932,0.0,False
vit_cifar10_adaptive_blend_0_01,input_pixels_scale_up,scale_up,matched_sigma0.8,4.0,0.8008818672839506,0.8008818672839506,0.0,False
vit_gtsrb_bpp_0_1,input_pixels_scale_up,scale_up,matched_sigma0.2,2.0,0.6221320378296318,0.6221320378296318,0.0,False
vit_gtsrb_badnet_a2a_0_1,input_pixels_scale_up,scale_up,matched_sigma0.4,4.0,0.4611365798530756,0.4611365798530756,0.0,False
vit_gtsrb_benign,input_pixels_scale_up,scale_up,oracle,4.0,0.4981284220531266,0.4981284220531266,0.0,False
vit_cifar100_lc_0_05,input_pixels_scale_up,scale_up,oracle,10.0,0.8586378407024414,0.8586378407024414,0.0,False
vit_gtsrb_blend_0_01,input_pixels_scale_up,scale_up,matched_sigma0.8,10.0,0.6078406567053178,0.6078406567053178,0.0,False
vit_tiny_blend_0_1,input_pixels_scale_up,scale_up,matched_sigma0.8,2.0,0.8966518175090737,0.8966518175090737,0.0,False
vit_gtsrb_badnet_a2o_0_05,input_pixels_scale_up,scale_up,matched_sigma0.4,4.0,0.8684808394338347,0.8684808394338347,0.0,False
vit_tiny_badnet_a2o_0_1,input_pixels_scale_up,scale_up,adaptive,4.0,0.9873218901853782,0.9873218901853782,0.0,False
vit_tiny_bpp_0_05,input_pixels_scale_up,scale_up,oracle,10.0,0.989494698146824,0.9894946981468239,1.1102230246251565e-16,False
vit_cifar100_blend_0_05,input_pixels_scale_up,scale_up,adaptive,4.0,0.6927898322711021,0.6927898322711021,0.0,False
vit_cifar100_benign,input_pixels_scale_up,scale_up,matched_sigma0.2,0.5,0.5023935138388013,0.5023935138388013,0.0,False
vit_gtsrb_wanet_0_1,input_pixels_scale_up,scale_up,matched_sigma0.2,2.0,0.3786045113877513,0.3786045113877513,0.0,False
vit_cifar100_blend_0_1,input_pixels_scale_up,scale_up,matched_sigma0.4,1.0,0.8272583901361952,0.8272583901361952,0.0,False
vit_tiny_badnet_a2a_0_05,input_pixels_scale_up,scale_up,oracle,10.0,0.686054375,0.686054375,0.0,False
vit_cifar100_badnet_a2a_0_1,input_pixels_scale_up,scale_up,oracle,10.0,0.6921527109375,0.6921527109375,0.0,False
vit_gtsrb_adaptive_blend_0_05,input_pixels_scale_up,scale_up,matched_sigma0.8,10.0,0.7653505166546607,0.7653505166546607,0.0,False
vit_gtsrb_wanet_0_05,input_pixels_scale_up,scale_up,matched_sigma0.4,4.0,0.4106357937565313,0.41063579375653136,5.551115123125783e-17,False
vit_tiny_adaptive_blend_0_05,input_pixels_scale_up,scale_up,matched_sigma0.6,2.0,0.8987764059241861,0.8987764059241861,0.0,False
vit_tiny_badnet_a2a_0_1,input_pixels_scale_up,scale_up,matched_sigma0.6,2.0,0.54807715625,0.54807715625,0.0,False
vit_tiny_blend_0_1,input_pixels_scale_up,scale_up,matched_sigma0.4,1.0,0.8193707634147936,0.8193707634147936,0.0,False
vit_cifar100_benign,input_pixels_scale_up,scale_up,oracle,8.0,0.5094866372772298,0.5094866372772298,0.0,False
vit_cifar100_lf_0_05,input_pixels_scale_up,scale_up,oracle,1.0,0.5834289467729815,0.5834289467729815,0.0,False
vit_tiny_lf_0_05,input_pixels_scale_up,scale_up,matched_sigma0.4,1.0,0.7353094917394606,0.7353094917394606,0.0,False
vit_cifar100_lf_0_05,input_pixels_scale_up,scale_up,matched_sigma0.6,2.0,0.5620146143743797,0.5620146143743797,0.0,False
vit_cifar100_lf_0_01,input_pixels_scale_up,scale_up,matched_sigma0.4,1.0,0.6616654049720478,0.6616654049720478,0.0,False
vit_cifar100_bpp_0_01,input_pixels_scale_up,scale_up,adaptive,4.0,0.9599313058160196,0.9599313058160197,1.1102230246251565e-16,False
vit_cifar10_adaptive_blend_0_01,input_pixels_scale_up,scale_up,matched_sigma0.4,2.0,0.6560429591049382,0.6560429591049382,0.0,False
vit_gtsrb_lf_0_1,input_pixels_scale_up,scale_up,oracle,6.0,0.5731944148182133,0.5731944148182133,0.0,False
vit_tiny_blend_0_05,input_pixels_scale_up,scale_up,matched_sigma0.4,1.0,0.7748357539956039,0.7748357539956039,0.0,False
vit_cifar100_blend_0_05,input_pixels_scale_up,scale_up,oracle,2.0,0.7728766118531188,0.7728766118531188,0.0,False
vit_tiny_lf_0_1,input_pixels_scale_up,scale_up,matched_sigma0.8,2.0,0.6661968161649411,0.6661968161649411,0.0,False
vit_cifar100_adaptive_blend_0_05,input_pixels_scale_up,scale_up,matched_sigma0.4,1.0,0.7385275405255379,0.7385275405255379,0.0,False
vit_tiny_badnet_a2o_0_1,input_pixels_scale_up,scale_up,matched_sigma0.8,2.0,0.9502683142675504,0.9502683142675503,1.1102230246251565e-16,False
vit_cifar100_lf_0_1,input_pixels_scale_up,scale_up,matched_sigma0.6,2.0,0.5305784334421836,0.5305784334421836,0.0,False
vit_cifar100_badnet_a2a_0_1,input_pixels_scale_up,scale_up,matched_sigma0.2,0.5,0.461473390625,0.46147339062500004,5.551115123125783e-17,False
vit_gtsrb_lf_0_1,input_pixels_scale_up,scale_up,matched_sigma0.8,10.0,0.5248863514535764,0.5248863514535764,0.0,False
vit_tiny_wanet_0_05,input_pixels_scale_up,scale_up,matched_sigma0.2,0.5,0.4651276698722364,0.4651276698722364,0.0,False
vit_cifar100_badnet_a2a_0_05,input_pixels_scale_up,scale_up,oracle,10.0,0.7193387734375001,0.7193387734375001,0.0,False
vit_gtsrb_wanet_0_1,input_pixels_scale_up,scale_up,matched_sigma0.4,4.0,0.4267801280718291,0.4267801280718291,0.0,False
vit_tiny_blend_0_05,input_pixels_scale_up,scale_up,oracle,2.0,0.849313625659814,0.849313625659814,0.0,False
vit_cifar100_bpp_0_01,input_pixels_scale_up,scale_up,matched_sigma0.4,1.0,0.7702716920023194,0.7702716920023194,0.0,False
vit_gtsrb_badnet_a2a_0_05,input_pixels_scale_up,scale_up,matched_sigma0.4,4.0,0.491151310345682,0.49115131034568205,5.551115123125783e-17,False
vit_tiny_wanet_0_1,input_pixels_scale_up,scale_up,oracle,0.5,0.517641534234986,0.517641534234986,0.0,False
vit_tiny_wanet_0_05,input_pixels_scale_up,scale_up,matched_sigma0.6,2.0,0.4612216971824804,0.4612216971824804,0.0,False
vit_cifar10_sig_0_05,input_pixels_scale_up,scale_up,matched_sigma0.2,1.0,0.4547973476080247,0.4547973476080247,0.0,False
vit_tiny_lc_0_1,input_pixels_scale_up,scale_up,matched_sigma0.4,1.0,0.6011728644925294,0.6011728644925294,0.0,False
vit_cifar10_adaptive_blend_0_01,input_pixels_scale_up,scale_up,oracle,10.0,0.8456367573302468,0.8456367573302468,0.0,False
vit_tiny_badnet_a2a_0_05,input_pixels_scale_up,scale_up,matched_sigma0.2,0.5,0.4903735625,0.4903735625,0.0,False
vit_tiny_lf_0_01,input_pixels_scale_up,scale_up,oracle,2.0,0.6363743015092063,0.6363743015092063,0.0,False
vit_tiny_wanet_0_1,input_pixels_scale_up,scale_up,adaptive,4.0,0.4305585095848918,0.43055850958489184,5.551115123125783e-17,False
vit_cifar100_badnet_a2o_0_1,input_pixels_scale_up,scale_up,matched_sigma0.4,1.0,0.8024601408921143,0.8024601408921143,0.0,False
vit_gtsrb_badnet_a2o_0_05,input_pixels_scale_up,scale_up,adaptive,10.0,0.969591931240976,0.9695919312409761,1.1102230246251565e-16,False
vit_cifar100_adaptive_blend_0_01,input_pixels_scale_up,scale_up,matched_sigma0.6,2.0,0.6924333200712403,0.6924333200712403,0.0,False
vit_gtsrb_blend_0_01,input_pixels_scale_up,scale_up,oracle,8.0,0.6192182108573319,0.6192182108573319,0.0,False
vit_cifar100_badnet_a2o_0_05,input_pixels_scale_up,scale_up,matched_sigma0.4,1.0,0.8381429744094809,0.8381429744094809,0.0,False
vit_cifar100_lf_0_05,input_pixels_scale_up,scale_up,adaptive,4.0,0.433491746841141,0.433491746841141,0.0,False
vit_tiny_badnet_a2o_0_01,input_pixels_scale_up,scale_up,matched_sigma0.2,0.5,0.680045258334187,0.680045258334187,0.0,False
vit_cifar100_lf_0_01,input_pixels_scale_up,scale_up,matched_sigma0.2,0.5,0.5971855018318849,0.5971855018318849,0.0,False
vit_cifar100_adaptive_blend_0_1,input_pixels_scale_up,scale_up,adaptive,4.0,0.7413833653445943,0.7413833653445943,0.0,False
vit_gtsrb_blend_0_1,input_pixels_scale_up,scale_up,adaptive,10.0,0.7655147076408436,0.7655147076408436,0.0,False
vit_gtsrb_wanet_0_05,input_pixels_scale_up,scale_up,matched_sigma0.2,2.0,0.361267374957911,0.36126737495791106,5.551115123125783e-17,False
vit_cifar100_bpp_0_1,input_pixels_scale_up,scale_up,matched_sigma0.2,0.5,0.7354821542374782,0.7354821542374782,0.0,False
vit_gtsrb_adaptive_blend_0_05,input_pixels_scale_up,scale_up,matched_sigma0.2,2.0,0.7831460151190834,0.7831460151190834,0.0,False
vit_cifar100_blend_0_01,input_pixels_scale_up,scale_up,matched_sigma0.2,0.5,0.4783360156814608,0.4783360156814608,0.0,False
vit_cifar100_bpp_0_05,input_pixels_scale_up,scale_up,matched_sigma0.2,0.5,0.6916147842143048,0.6916147842143048,0.0,False
vit_gtsrb_adaptive_blend_0_1,input_pixels_scale_up,scale_up,oracle,4.0,0.8442260673942332,0.8442260673942332,0.0,False
vit_tiny_bpp_0_01,input_pixels_scale_up,scale_up,adaptive,2.0,0.9464253845498954,0.9464253845498954,0.0,False
vit_tiny_badnet_a2a_0_1,input_pixels_scale_up,scale_up,adaptive,4.0,0.5985917968750001,0.5985917968750001,0.0,False
vit_cifar100_badnet_a2o_0_1,input_pixels_scale_up,scale_up,matched_sigma0.2,0.5,0.6720533910320848,0.6720533910320848,0.0,False
vit_tiny_adaptive_blend_0_05,input_pixels_scale_up,scale_up,adaptive,4.0,0.9187441603161548,0.9187441603161547,1.1102230246251565e-16,False
vit_cifar100_lf_0_01,input_pixels_scale_up,scale_up,adaptive,4.0,0.5772482819470455,0.5772482819470455,0.0,False
vit_gtsrb_bpp_0_1,input_pixels_scale_up,scale_up,oracle,10.0,0.9579259480778268,0.9579259480778268,0.0,False
vit_cifar10_wanet_0_05,input_pixels_scale_up,scale_up,matched_sigma0.2,1.0,0.3242481288580247,0.3242481288580247,0.0,False
vit_cifar100_lc_0_1,input_pixels_scale_up,scale_up,matched_sigma0.4,1.0,0.7073569260250554,0.7073569260250554,0.0,False
vit_cifar100_badnet_a2o_0_01,input_pixels_scale_up,scale_up,oracle,6.0,0.9741351831625424,0.9741351831625423,1.1102230246251565e-16,False
vit_gtsrb_badnet_a2o_0_1,input_pixels_scale_up,scale_up,matched_sigma0.4,4.0,0.8264326825357451,0.8264326825357451,0.0,False
vit_gtsrb_bpp_0_05,input_pixels_scale_up,scale_up,adaptive,8.0,0.8251789031134121,0.8251789031134121,0.0,False
vit_gtsrb_bpp_0_01,input_pixels_scale_up,scale_up,matched_sigma0.4,4.0,0.5957738301874834,0.5957738301874834,0.0,False
vit_gtsrb_badnet_a2o_0_01,input_pixels_scale_up,scale_up,adaptive,10.0,0.965390735045474,0.9653907350454739,1.1102230246251565e-16,False
vit_cifar100_badnet_a2a_0_05,input_pixels_scale_up,scale_up,matched_sigma0.2,0.5,0.4858785234375,0.48587852343750004,5.551115123125783e-17,False
vit_cifar100_adaptive_blend_0_05,input_pixels_scale_up,scale_up,matched_sigma0.2,0.5,0.6681953909371086,0.6681953909371086,0.0,False
vit_tiny_badnet_a2o_0_05,input_pixels_scale_up,scale_up,oracle,10.0,0.994593506698586,0.994593506698586,0.0,False
vit_tiny_blend_0_05,input_pixels_scale_up,scale_up,adaptive,4.0,0.8080803093742097,0.8080803093742097,0.0,False
vit_cifar10_sig_0_05,input_pixels_scale_up,scale_up,matched_sigma0.8,4.0,0.7384848958333332,0.7384848958333332,0.0,False
vit_cifar100_lf_0_01,input_pixels_scale_up,scale_up,oracle,2.0,0.6782463788300279,0.6782463788300279,0.0,False
vit_cifar100_adaptive_blend_0_05,input_pixels_scale_up,scale_up,adaptive,4.0,0.8374661367682288,0.8374661367682288,0.0,False
vit_tiny_lc_0_05,input_pixels_scale_up,scale_up,adaptive,4.0,0.8456509923699455,0.8456509923699455,0.0,False
vit_cifar100_lc_0_05,input_pixels_scale_up,scale_up,matched_sigma0.6,2.0,0.7246956668870808,0.7246956668870808,0.0,False
vit_tiny_bpp_0_01,input_pixels_scale_up,scale_up,oracle,10.0,0.9835706241756246,0.9835706241756246,0.0,False
vit_tiny_benign,input_pixels_scale_up,scale_up,adaptive,4.0,0.4984311164008166,0.49843111640081667,5.551115123125783e-17,False
vit_cifar10_sig_0_05,input_pixels_scale_up,scale_up,oracle,8.0,0.7963674961419753,0.7963674961419753,0.0,False
vit_cifar100_bpp_0_1,input_pixels_scale_up,scale_up,matched_sigma0.6,2.0,0.9407247886877672,0.9407247886877671,1.1102230246251565e-16,False
vit_cifar100_lf_0_1,input_pixels_scale_up,scale_up,oracle,1.0,0.6442430051770051,0.6442430051770051,0.0,False
vit_tiny_badnet_a2a_0_1,input_pixels_scale_up,scale_up,oracle,10.0,0.6284012578125,0.6284012578125,0.0,False
vit_cifar10_sig_0_05,input_pixels_scale_up,scale_up,matched_sigma0.4,2.0,0.5525898533950617,0.5525898533950617,0.0,False
vit_tiny_benign,input_pixels_scale_up,scale_up,matched_sigma0.4,1.0,0.4987353439297621,0.49873534392976215,5.551115123125783e-17,False
vit_cifar100_blend_0_01,input_pixels_scale_up,scale_up,oracle,2.0,0.6348361958570392,0.6348361958570392,0.0,False
vit_cifar100_lf_0_1,input_pixels_scale_up,scale_up,matched_sigma0.2,0.5,0.6139238489813397,0.6139238489813397,0.0,False
vit_gtsrb_wanet_0_1,input_pixels_scale_up,scale_up,matched_sigma0.6,6.0,0.5212025552664608,0.5212025552664608,0.0,False
vit_tiny_lc_0_05,input_pixels_scale_up,scale_up,matched_sigma0.4,1.0,0.6275924320712568,0.6275924320712568,0.0,False
vit_cifar100_blend_0_05,input_pixels_scale_up,scale_up,matched_sigma0.2,0.5,0.6602823189694356,0.6602823189694356,0.0,False
vit_cifar10_adaptive_blend_0_05,input_pixels_scale_up,scale_up,matched_sigma0.4,2.0,0.7666277970679012,0.7666277970679012,0.0,False
vit_tiny_lc_0_05,input_pixels_scale_up,scale_up,matched_sigma0.6,2.0,0.7638766248325597,0.7638766248325597,0.0,False
vit_gtsrb_lf_0_05,input_pixels_scale_up,scale_up,matched_sigma0.6,6.0,0.6615453235221981,0.6615453235221981,0.0,False
vit_tiny_lf_0_1,input_pixels_scale_up,scale_up,adaptive,4.0,0.5591051898234387,0.5591051898234387,0.0,False
vit_cifar100_lf_0_05,input_pixels_scale_up,scale_up,matched_sigma0.2,0.5,0.5575092432266553,0.5575092432266553,0.0,False
vit_cifar100_bpp_0_01,input_pixels_scale_up,scale_up,matched_sigma0.6,2.0,0.9116059969136704,0.9116059969136703,1.1102230246251565e-16,False
vit_cifar100_bpp_0_1,input_pixels_scale_up,scale_up,matched_sigma0.4,1.0,0.8578162799709005,0.8578162799709005,0.0,False
vit_tiny_adaptive_blend_0_05,input_pixels_scale_up,scale_up,matched_sigma0.2,0.5,0.7276276736215055,0.7276276736215055,0.0,False
vit_gtsrb_adaptive_blend_0_1,input_pixels_scale_up,scale_up,adaptive,10.0,0.7157614561642062,0.7157614561642062,0.0,False
vit_gtsrb_badnet_a2o_0_05,input_pixels_scale_up,scale_up,matched_sigma0.6,6.0,0.9142166488444556,0.9142166488444555,1.1102230246251565e-16,False
vit_tiny_badnet_a2o_0_1,input_pixels_scale_up,scale_up,matched_sigma0.2,0.5,0.7122589936320995,0.7122589936320995,0.0,False
vit_cifar100_lc_0_1,input_pixels_scale_up,scale_up,matched_sigma0.2,0.5,0.5764769229602749,0.5764769229602749,0.0,False
vit_cifar100_lc_0_01,input_pixels_scale_up,scale_up,matched_sigma0.4,1.0,0.7429464513392252,0.7429464513392252,0.0,False
vit_gtsrb_lf_0_1,input_pixels_scale_up,scale_up,matched_sigma0.2,2.0,0.5411967535298827,0.5411967535298827,0.0,False
vit_gtsrb_lf_0_01,input_pixels_scale_up,scale_up,matched_sigma0.8,10.0,0.5544238379930793,0.5544238379930793,0.0,False
vit_gtsrb_bpp_0_05,input_pixels_scale_up,scale_up,matched_sigma0.4,4.0,0.840913121912683,0.840913121912683,0.0,False
vit_gtsrb_badnet_a2o_0_01,input_pixels_scale_up,scale_up,matched_sigma0.2,2.0,0.8024911308090247,0.8024911308090247,0.0,False
vit_cifar100_adaptive_blend_0_1,input_pixels_scale_up,scale_up,oracle,2.0,0.761262091018397,0.761262091018397,0.0,False
vit_gtsrb_badnet_a2o_0_01,input_pixels_scale_up,scale_up,matched_sigma0.4,4.0,0.8874943066695108,0.8874943066695108,0.0,False
vit_gtsrb_blend_0_1,input_pixels_scale_up,scale_up,matched_sigma0.6,6.0,0.7289795008286586,0.7289795008286586,0.0,False
vit_cifar100_lc_0_1,input_pixels_scale_up,scale_up,adaptive,4.0,0.9165477321621188,0.9165477321621189,1.1102230246251565e-16,False
vit_cifar100_adaptive_blend_0_1,input_pixels_scale_up,scale_up,matched_sigma0.4,1.0,0.7394320099573445,0.7394320099573445,0.0,False
vit_gtsrb_lf_0_01,input_pixels_scale_up,scale_up,matched_sigma0.6,6.0,0.5387867154799711,0.5387867154799711,0.0,False
vit_cifar100_blend_0_1,input_pixels_scale_up,scale_up,oracle,2.0,0.908720362314532,0.908720362314532,0.0,False
vit_gtsrb_lf_0_05,input_pixels_scale_up,scale_up,matched_sigma0.4,4.0,0.6027924764994724,0.6027924764994724,0.0,False
vit_gtsrb_wanet_0_05,input_pixels_scale_up,scale_up,oracle,10.0,0.6670211402776218,0.6670211402776218,0.0,False
vit_tiny_lf_0_05,input_pixels_scale_up,scale_up,adaptive,4.0,0.7448173538461131,0.7448173538461131,0.0,False
vit_cifar100_blend_0_01,input_pixels_scale_up,scale_up,matched_sigma0.4,1.0,0.5701338646683871,0.5701338646683871,0.0,False
vit_cifar100_adaptive_blend_0_01,input_pixels_scale_up,scale_up,matched_sigma0.2,0.5,0.5916291264297819,0.5916291264297819,0.0,False
vit_gtsrb_badnet_a2a_0_1,input_pixels_scale_up,scale_up,matched_sigma0.2,2.0,0.4295454388571721,0.4295454388571721,0.0,False
vit_tiny_lf_0_01,input_pixels_scale_up,scale_up,matched_sigma0.4,1.0,0.6191775016200395,0.6191775016200395,0.0,False
vit_gtsrb_bpp_0_05,input_pixels_scale_up,scale_up,oracle,10.0,0.8673575539525398,0.8673575539525398,0.0,False
vit_tiny_adaptive_blend_0_1,input_pixels_scale_up,scale_up,matched_sigma0.2,0.5,0.6989626885533049,0.6989626885533049,0.0,False
vit_tiny_adaptive_blend_0_1,input_pixels_scale_up,scale_up,matched_sigma0.6,2.0,0.8805511065545258,0.8805511065545258,0.0,False
vit_cifar10_adaptive_blend_0_01,input_pixels_scale_up,scale_up,matched_sigma0.2,1.0,0.5625293885030864,0.5625293885030864,0.0,False
vit_tiny_badnet_a2a_0_1,input_pixels_scale_up,scale_up,matched_sigma0.2,0.5,0.481032078125,0.48103207812500004,5.551115123125783e-17,False
vit_tiny_badnet_a2o_0_1,input_pixels_scale_up,scale_up,matched_sigma0.4,1.0,0.8456045408999551,0.8456045408999551,0.0,False
vit_tiny_badnet_a2o_0_01,input_pixels_scale_up,scale_up,matched_sigma0.4,1.0,0.8338536845156025,0.8338536845156025,0.0,False
vit_tiny_lc_0_05,input_pixels_scale_up,scale_up,matched_sigma0.2,0.5,0.5328314332906138,0.5328314332906138,0.0,False
vit_tiny_badnet_a2o_0_01,input_pixels_scale_up,scale_up,oracle,10.0,0.9931194835524778,0.9931194835524778,0.0,False
vit_cifar100_badnet_a2o_0_01,input_pixels_scale_up,scale_up,matched_sigma0.6,2.0,0.9316239306689164,0.9316239306689164,0.0,False
vit_cifar100_wanet_0_1,input_pixels_scale_up,scale_up,matched_sigma0.2,0.5,0.2831077194560493,0.2831077194560493,0.0,False
vit_cifar100_wanet_0_05,input_pixels_scale_up,scale_up,matched_sigma0.4,1.0,0.3459974484105241,0.34599744841052416,5.551115123125783e-17,False
vit_cifar100_benign,input_pixels_scale_up,scale_up,matched_sigma0.6,2.0,0.5001134926566979,0.5001134926566979,0.0,False
vit_tiny_lf_0_1,input_pixels_scale_up,scale_up,oracle,1.0,0.706369823382276,0.706369823382276,0.0,False
vit_tiny_lf_0_01,input_pixels_scale_up,scale_up,adaptive,4.0,0.6191074179153587,0.6191074179153587,0.0,False
vit_tiny_bpp_0_1,input_pixels_scale_up,scale_up,matched_sigma0.2,0.5,0.7640828898816323,0.7640828898816323,0.0,False
vit_gtsrb_adaptive_blend_0_05,input_pixels_scale_up,scale_up,matched_sigma0.6,6.0,0.7732722714813056,0.7732722714813056,0.0,False
vit_gtsrb_badnet_a2o_0_1,input_pixels_scale_up,scale_up,matched_sigma0.6,6.0,0.8949511530922404,0.8949511530922404,0.0,False
vit_tiny_badnet_a2o_0_05,input_pixels_scale_up,scale_up,adaptive,4.0,0.985131677722432,0.985131677722432,0.0,False
vit_cifar100_wanet_0_1,input_pixels_scale_up,scale_up,adaptive,4.0,0.4246417538845495,0.42464175388454956,5.551115123125783e-17,False
vit_tiny_bpp_0_1,input_pixels_scale_up,scale_up,matched_sigma0.6,1.0,0.911404630727705,0.911404630727705,0.0,False
vit_tiny_bpp_0_1,input_pixels_scale_up,scale_up,oracle,10.0,0.9951198409249086,0.9951198409249086,0.0,False
vit_gtsrb_wanet_0_1,input_pixels_scale_up,scale_up,oracle,10.0,0.7119370403890164,0.7119370403890164,0.0,False
vit_gtsrb_badnet_a2a_0_05,input_pixels_scale_up,scale_up,matched_sigma0.6,6.0,0.5175117547472541,0.5175117547472541,0.0,False
vit_cifar100_blend_0_05,input_pixels_scale_up,scale_up,matched_sigma0.4,1.0,0.7338338849007279,0.7338338849007279,0.0,False
vit_tiny_bpp_0_01,input_pixels_scale_up,scale_up,matched_sigma0.2,0.5,0.6849021719412882,0.6849021719412882,0.0,False
vit_tiny_adaptive_blend_0_05,input_pixels_scale_up,scale_up,matched_sigma0.4,1.0,0.8125373693590887,0.8125373693590887,0.0,False
vit_gtsrb_blend_0_01,input_pixels_scale_up,scale_up,matched_sigma0.6,6.0,0.6148408838129458,0.6148408838129458,0.0,False
vit_tiny_badnet_a2o_0_05,input_pixels_scale_up,scale_up,matched_sigma0.4,1.0,0.856018692103097,0.856018692103097,0.0,False
vit_cifar100_badnet_a2a_0_1,input_pixels_scale_up,scale_up,matched_sigma0.4,1.0,0.488062546875,0.48806254687500006,5.551115123125783e-17,False
vit_gtsrb_bpp_0_01,input_pixels_scale_up,scale_up,oracle,10.0,0.7621616930167638,0.7621616930167638,0.0,False
vit_gtsrb_blend_0_01,input_pixels_scale_up,scale_up,matched_sigma0.2,2.0,0.3736191048313153,0.37361910483131533,5.551115123125783e-17,False
vit_cifar100_lc_0_1,input_pixels_scale_up,scale_up,oracle,10.0,0.9395648570227972,0.9395648570227971,1.1102230246251565e-16,False
vit_gtsrb_wanet_0_05,input_pixels_scale_up,scale_up,matched_sigma0.6,6.0,0.4867394240431871,0.48673942404318715,5.551115123125783e-17,False
vit_cifar100_badnet_a2o_0_1,input_pixels_scale_up,scale_up,adaptive,4.0,0.9163018154435412,0.9163018154435411,1.1102230246251565e-16,False
vit_cifar100_wanet_0_05,input_pixels_scale_up,scale_up,matched_sigma0.6,2.0,0.407283634670171,0.407283634670171,0.0,False
vit_gtsrb_bpp_0_1,input_pixels_scale_up,scale_up,adaptive,8.0,0.9087556049880172,0.9087556049880171,1.1102230246251565e-16,False
vit_gtsrb_lf_0_05,input_pixels_scale_up,scale_up,matched_sigma0.2,2.0,0.5145052530212411,0.5145052530212411,0.0,False
vit_tiny_bpp_0_05,input_pixels_scale_up,scale_up,adaptive,2.0,0.9712241155004708,0.9712241155004709,1.1102230246251565e-16,False
vit_cifar100_adaptive_blend_0_01,input_pixels_scale_up,scale_up,matched_sigma0.4,1.0,0.6210286489146166,0.6210286489146166,0.0,False
vit_cifar100_wanet_0_1,input_pixels_scale_up,scale_up,matched_sigma0.4,1.0,0.2636929169647977,0.2636929169647977,0.0,False
vit_gtsrb_bpp_0_01,input_pixels_scale_up,scale_up,matched_sigma0.6,6.0,0.6185435683981291,0.6185435683981291,0.0,False
vit_tiny_blend_0_01,input_pixels_scale_up,scale_up,adaptive,4.0,0.7212163998994658,0.7212163998994658,0.0,False
vit_gtsrb_blend_0_1,input_pixels_scale_up,scale_up,matched_sigma0.2,2.0,0.5821106324084123,0.5821106324084123,0.0,False
vit_cifar100_benign,input_pixels_scale_up,scale_up,matched_sigma0.4,1.0,0.4961952504679975,0.4961952504679975,0.0,False
vit_cifar100_blend_0_1,input_pixels_scale_up,scale_up,adaptive,4.0,0.8901629800841139,0.8901629800841139,0.0,False
vit_cifar100_badnet_a2o_0_05,input_pixels_scale_up,scale_up,matched_sigma0.6,2.0,0.9427899001112978,0.9427899001112978,0.0,False
vit_cifar10_adaptive_blend_0_05,input_pixels_scale_up,scale_up,adaptive,6.0,0.8423440875771605,0.8423440875771605,0.0,False
vit_tiny_badnet_a2o_0_05,input_pixels_scale_up,scale_up,matched_sigma0.8,2.0,0.9463527671286696,0.9463527671286697,1.1102230246251565e-16,False
vit_tiny_blend_0_01,input_pixels_scale_up,scale_up,oracle,2.0,0.7999416645311619,0.7999416645311619,0.0,False
vit_gtsrb_badnet_a2o_0_1,input_pixels_scale_up,scale_up,oracle,10.0,0.9592237557438692,0.9592237557438693,1.1102230246251565e-16,False
vit_gtsrb_badnet_a2o_0_05,input_pixels_scale_up,scale_up,matched_sigma0.2,2.0,0.8049508318956343,0.8049508318956343,0.0,False
vit_cifar10_wanet_0_05,input_pixels_scale_up,scale_up,adaptive,6.0,0.901189949845679,0.901189949845679,0.0,False
vit_tiny_benign,input_pixels_scale_up,scale_up,matched_sigma0.8,2.0,0.497702147996483,0.497702147996483,0.0,False
vit_tiny_blend_0_01,input_pixels_scale_up,scale_up,matched_sigma0.2,0.5,0.6490098196276397,0.6490098196276397,0.0,False
vit_cifar100_bpp_0_05,input_pixels_scale_up,scale_up,adaptive,4.0,0.9228762247649438,0.9228762247649438,0.0,False
vit_cifar100_lc_0_01,input_pixels_scale_up,scale_up,oracle,10.0,0.9605586680016552,0.9605586680016553,1.1102230246251565e-16,False
vit_tiny_lc_0_1,input_pixels_scale_up,scale_up,matched_sigma0.2,0.5,0.521778335605864,0.521778335605864,0.0,False
vit_cifar100_badnet_a2a_0_05,input_pixels_scale_up,scale_up,adaptive,4.0,0.66257215625,0.66257215625,0.0,False
vit_cifar10_wanet_0_05,input_pixels_scale_up,scale_up,matched_sigma0.8,4.0,0.8422124807098765,0.8422124807098765,0.0,False
vit_cifar10_adaptive_blend_0_05,input_pixels_scale_up,scale_up,matched_sigma0.2,1.0,0.7083842592592593,0.7083842592592593,0.0,False
vit_gtsrb_lf_0_01,input_pixels_scale_up,scale_up,matched_sigma0.2,2.0,0.4298653135227417,0.42986531352274177,5.551115123125783e-17,False
vit_gtsrb_badnet_a2a_0_1,input_pixels_scale_up,scale_up,matched_sigma0.6,6.0,0.490178270377329,0.490178270377329,0.0,False
vit_cifar100_badnet_a2o_0_01,input_pixels_scale_up,scale_up,matched_sigma0.2,0.5,0.7307515217154472,0.7307515217154472,0.0,False
vit_tiny_badnet_a2a_0_05,input_pixels_scale_up,scale_up,matched_sigma0.8,2.0,0.5845599296875,0.5845599296875,0.0,False
vit_gtsrb_lf_0_01,input_pixels_scale_up,scale_up,matched_sigma0.4,4.0,0.4986094215669167,0.49860942156691673,5.551115123125783e-17,False
vit_gtsrb_lf_0_05,input_pixels_scale_up,scale_up,oracle,10.0,0.7128611151595825,0.7128611151595825,0.0,False
vit_cifar10_wanet_0_05,input_pixels_scale_up,scale_up,matched_sigma0.6,2.0,0.580862181712963,0.580862181712963,0.0,False
vit_cifar10_wanet_0_05,input_pixels_scale_up,scale_up,oracle,10.0,0.930639920910494,0.9306399209104939,1.1102230246251565e-16,False
vit_cifar100_wanet_0_1,input_pixels_scale_up,scale_up,matched_sigma0.6,2.0,0.3330446161023094,0.3330446161023094,0.0,False
vit_gtsrb_blend_0_05,input_pixels_scale_up,scale_up,matched_sigma0.2,2.0,0.697940129703372,0.697940129703372,0.0,False
vit_gtsrb_badnet_a2a_0_05,input_pixels_scale_up,scale_up,matched_sigma0.2,2.0,0.4663139873748748,0.46631398737487484,5.551115123125783e-17,False
vit_cifar100_badnet_a2o_0_05,input_pixels_scale_up,scale_up,matched_sigma0.2,0.5,0.7149457298387918,0.7149457298387918,0.0,False
vit_tiny_badnet_a2o_0_05,input_pixels_scale_up,scale_up,matched_sigma0.2,0.5,0.729711509455554,0.729711509455554,0.0,False
vit_tiny_adaptive_blend_0_1,input_pixels_scale_up,scale_up,matched_sigma0.4,1.0,0.7934083935414634,0.7934083935414634,0.0,False
vit_tiny_blend_0_01,input_pixels_scale_up,scale_up,matched_sigma0.4,1.0,0.7451833140762982,0.7451833140762982,0.0,False
vit_gtsrb_bpp_0_1,input_pixels_scale_up,scale_up,matched_sigma0.4,4.0,0.8040120065686406,0.8040120065686406,0.0,False
vit_cifar100_lc_0_1,input_pixels_scale_up,scale_up,matched_sigma0.6,2.0,0.8474193868922367,0.8474193868922367,0.0,False
vit_tiny_lc_0_1,input_pixels_scale_up,scale_up,matched_sigma0.6,2.0,0.7083646634093334,0.7083646634093334,0.0,False
vit_cifar100_blend_0_01,input_pixels_scale_up,scale_up,adaptive,4.0,0.616214437271563,0.616214437271563,0.0,False
vit_cifar100_adaptive_blend_0_1,input_pixels_scale_up,scale_up,matched_sigma0.2,0.5,0.6962951112359724,0.6962951112359724,0.0,False
vit_tiny_badnet_a2o_0_01,input_pixels_scale_up,scale_up,matched_sigma0.8,2.0,0.9411261203427588,0.9411261203427588,0.0,False
vit_cifar100_badnet_a2o_0_05,mlp_neurons_token_mask,token_mask,matched_sigma0.2,0.1,0.6670444620651593,0.6670444620651593,0.0,False
vit_gtsrb_bpp_0_01,after_embedding_token_mask,token_mask,adaptive,0.8,0.6923377602340443,0.6923377602340443,0.0,False
vit_gtsrb_bpp_0_01,mlp_neurons_token_mask,token_mask,matched_sigma0.2,0.2,0.8891270024606484,0.8891270024606484,0.0,False
vit_tiny_lf_0_1,after_attention_residual_token_mask,token_mask,adaptive,0.1,0.947020681646788,0.9470206816467881,1.1102230246251565e-16,False
swin_tiny_lc_0_01_evade_l1,before_attention_norm_token_mask,token_mask,matched_sigma0.2,0.1,0.2853131691803897,0.28531316918038974,5.551115123125783e-17,False
vit_tiny_adaptive_blend_0_1,before_attention_token_mask,token_mask,adaptive,0.4,0.770835883822924,0.770835883822924,0.0,False
vit_cifar100_badnet_a2a_0_1,mlp_neurons_token_mask,token_mask,matched_sigma0.4,0.3,0.42567234375,0.42567234375,0.0,False
vit_gtsrb_badnet_a2a_0_1,after_embedding_token_mask,token_mask,matched_sigma0.4,0.4,0.2440903290267255,0.24409032902672553,2.7755575615628914e-17,False
vit_gtsrb_lf_0_05,after_mlp_residual_token_mask,token_mask,matched_sigma0.2,0.05,0.978972570167338,0.978972570167338,0.0,False
swin_tiny_lc_0_05_evade_l1,before_attention_norm_token_mask,token_mask,adaptive,0.4,0.6206275215511536,0.6206275215511536,0.0,False
vit_cifar100_lc_0_1,after_attention_residual_token_mask,token_mask,matched_sigma0.2,0.05,0.5508551097035822,0.5508551097035822,0.0,False
vit_cifar10_adaptive_blend_0_01,before_attention_token_mask,token_mask,oracle,0.7,0.8959862461419752,0.8959862461419752,0.0,False
vit_gtsrb_badnet_a2o_0_01,both_sublayer_inputs_token_mask,token_mask,matched_sigma0.2,0.1,0.5881698580239506,0.5881698580239506,0.0,False
vit_gtsrb_blend_0_05,after_embedding_token_mask,token_mask,oracle,0.6,0.8289627358672509,0.8289627358672509,0.0,False
swin_tiny_tact_0_05_evade_l1,before_attention_norm_token_mask,token_mask,matched_sigma0.2,0.2,0.4912466565794754,0.4912466565794754,0.0,False
vit_gtsrb_badnet_a2a_0_05,after_attention_residual_token_mask,token_mask,adaptive,0.2,0.658505467849118,0.658505467849118,0.0,False
vit_tiny_benign,before_attention_norm_token_mask,token_mask,oracle,0.05,0.5039439863311281,0.5039439863311281,0.0,False
vit_cifar100_adaptive_blend_0_1,after_embedding_token_mask,token_mask,adaptive,0.7,0.3923966065536023,0.3923966065536023,0.0,False
vit_cifar100_lc_0_05,before_attention_norm_token_mask,token_mask,matched_sigma0.2,0.2,0.5101573054512789,0.5101573054512789,0.0,False
vit_tiny_badnet_a2a_0_1,after_embedding_token_mask,token_mask,adaptive,0.6,0.511758828125,0.511758828125,0.0,False
vit_tiny_lc_0_05,before_attention_residual_token_mask,token_mask,matched_sigma0.2,0.1,0.6209956208379857,0.6209956208379857,0.0,False
vit_cifar10_wanet_0_05,both_sublayer_inputs_token_mask,token_mask,adaptive,0.3,0.7416475212191358,0.7416475212191358,0.0,False
vit_cifar100_lf_0_05,before_attention_norm_token_mask,token_mask,matched_sigma0.2,0.1,0.7936988749302143,0.7936988749302143,0.0,False
vit_cifar100_adaptive_blend_0_05,before_attention_norm_token_mask,token_mask,matched_sigma0.2,0.2,0.8967244039939518,0.8967244039939518,0.0,False
vit_cifar100_blend_0_05,before_attention_norm_token_mask,token_mask,matched_sigma0.2,0.2,0.9315029197223024,0.9315029197223023,1.1102230246251565e-16,False
vit_cifar10_wanet_0_05,both_sublayer_inputs_token_mask,token_mask,matched_sigma0.2,0.1,0.2866262442129629,0.28662624421296296,5.551115123125783e-17,False
vit_tiny_lc_0_1,after_mlp_residual_token_mask,token_mask,matched_sigma0.2,0.05,0.6054522801641362,0.6054522801641362,0.0,False
vit_tiny_badnet_a2o_0_1,before_attention_token_mask,token_mask,adaptive,0.4,0.4263262715574879,0.4263262715574879,0.0,False
swin_tiny_badnet_a2a_0_05_evade_l1,before_attention_norm_token_mask,token_mask,matched_sigma0.2,0.1,0.47111884375,0.47111884375,0.0,False
vit_cifar100_adaptive_blend_0_1,after_mlp_residual_token_mask,token_mask,oracle,0.1,0.9575892228267092,0.9575892228267093,1.1102230246251565e-16,False
vit_cifar100_lf_0_1,after_embedding_token_mask,token_mask,matched_sigma0.4,0.4,0.5928139594371499,0.5928139594371499,0.0,False
vit_tiny_badnet_a2a_0_1,after_embedding_token_mask,token_mask,matched_sigma0.4,0.4,0.3603380078124999,0.36033800781249997,5.551115123125783e-17,False
swin_tiny_lf_0_05_evade_l1,before_attention_norm_token_mask,token_mask,matched_sigma0.4,0.2,0.9452421231370138,0.9452421231370138,0.0,False
vit_tiny_adaptive_blend_0_05,before_attention_token_mask,token_mask,matched_sigma0.4,0.2,0.8506786516353024,0.8506786516353024,0.0,False
swin_cifar100_adaptive_blend_0_01,before_attention_norm_token_mask,token_mask,matched_sigma0.6,0.4,0.70364221240446,0.70364221240446,0.0,False
vit_tiny_lf_0_05,before_attention_norm_token_mask,token_mask,matched_sigma0.2,0.1,0.6616566092327589,0.6616566092327589,0.0,False
swin_cifar100_lc_0_1_evade_l1,before_attention_norm_token_mask,token_mask,oracle,0.8,0.7270020180462902,0.7270020180462902,0.0,False
vit_cifar100_badnet_a2a_0_05,mlp_neurons_token_mask,token_mask,oracle,0.9,0.71252346875,0.71252346875,0.0,False
vit_gtsrb_bpp_0_1,after_mlp_residual_token_mask,token_mask,adaptive,0.2,0.9969476849196066,0.9969476849196066,0.0,False
swin_cifar100_adaptive_blend_0_01_evade_l1,before_attention_norm_token_mask,token_mask,adaptive,0.5,0.8653071145609403,0.8653071145609403,0.0,False
swin_cifar100_benign,after_embedding_token_mask,token_mask,adaptive,0.6,0.4860881148366907,0.4860881148366907,0.0,False
vit_gtsrb_badnet_a2o_0_01,before_attention_residual_token_mask,token_mask,adaptive,0.6,0.995228728982669,0.995228728982669,0.0,False
vit_cifar100_adaptive_blend_0_01,before_mlp_token_mask,token_mask,adaptive,0.5,0.8029836277664333,0.8029836277664333,0.0,False
vit_tiny_adaptive_blend_0_1,after_embedding_token_mask,token_mask,adaptive,0.6,0.5449745342543559,0.5449745342543559,0.0,False
vit_cifar100_badnet_a2o_0_1,after_attention_residual_token_mask,token_mask,adaptive,0.1,0.8308705054373918,0.8308705054373918,0.0,False
swin_tiny_bpp_0_1_evade_l1,before_attention_norm_token_mask,token_mask,adaptive,0.5,0.990672994738189,0.990672994738189,0.0,False
vit_cifar100_blend_0_05,before_attention_residual_token_mask,token_mask,matched_sigma0.6,0.4,0.9775463079170706,0.9775463079170706,0.0,False
vit_cifar100_lc_0_05,before_attention_residual_token_mask,token_mask,adaptive,0.5,0.756817361024371,0.756817361024371,0.0,False
vit_tiny_badnet_a2o_0_05,after_embedding_token_mask,token_mask,matched_sigma0.2,0.2,0.5323871330706824,0.5323871330706824,0.0,False
vit_cifar100_lc_0_05,after_embedding_token_mask,token_mask,matched_sigma0.4,0.4,0.3667756632476537,0.36677566324765376,5.551115123125783e-17,False
vit_tiny_badnet_a2o_0_01,before_mlp_norm_token_mask,token_mask,adaptive,0.4,0.522599362377997,0.522599362377997,0.0,False
vit_tiny_badnet_a2o_0_05,before_attention_token_mask,token_mask,matched_sigma0.2,0.1,0.6401912468191793,0.6401912468191793,0.0,False
vit_tiny_bpp_0_01,mlp_neurons_token_mask,token_mask,matched_sigma0.6,0.3,0.9394838773617414,0.9394838773617414,0.0,False
vit_cifar100_lc_0_01,before_attention_token_mask,token_mask,adaptive,0.4,0.7116765187923327,0.7116765187923327,0.0,False
vit_tiny_bpp_0_1,before_mlp_token_mask,token_mask,matched_sigma0.2,0.1,0.6207540495144412,0.6207540495144412,0.0,False
vit_tiny_badnet_a2o_0_1,before_attention_residual_token_mask,token_mask,oracle,0.4,0.9912890825185066,0.9912890825185066,0.0,False
vit_cifar100_lc_0_01,before_attention_norm_token_mask,token_mask,matched_sigma0.4,0.3,0.6579935902986924,0.6579935902986924,0.0,False
swin_tiny_adaptive_blend_0_1_evade_l1,before_attention_norm_token_mask,token_mask,matched_sigma0.4,0.2,0.85671598510402,0.85671598510402,0.0,False
vit_gtsrb_badnet_a2o_0_01,before_attention_token_mask,token_mask,matched_sigma0.4,0.4,0.9540015448895404,0.9540015448895403,1.1102230246251565e-16,False
vit_tiny_wanet_0_05,before_mlp_norm_token_mask,token_mask,matched_sigma0.4,0.2,0.2691267775619935,0.2691267775619935,0.0,False
vit_gtsrb_blend_0_05,before_attention_token_mask,token_mask,matched_sigma0.4,0.4,0.99709502068045,0.99709502068045,0.0,False
vit_tiny_blend_0_05,before_mlp_norm_token_mask,token_mask,matched_sigma0.2,0.1,0.8056142217493881,0.8056142217493881,0.0,False
vit_tiny_bpp_0_01,after_mlp_residual_token_mask,token_mask,adaptive,0.1,0.9857443319616376,0.9857443319616376,0.0,False
swin_cifar100_adaptive_blend_0_01,before_attention_norm_token_mask,token_mask,adaptive,0.5,0.8044211136247457,0.8044211136247457,0.0,False
vit_gtsrb_badnet_a2a_0_05,before_attention_token_mask,token_mask,matched_sigma0.4,0.4,0.2405853434917241,0.2405853434917241,0.0,False
vit_gtsrb_badnet_a2o_0_05,before_attention_norm_token_mask,token_mask,adaptive,0.3,0.9999601766256024,0.9999601766256024,0.0,False
vit_cifar10_sig_0_05,after_embedding_token_mask,token_mask,matched_sigma0.8,0.7,0.6227047260802469,0.6227047260802469,0.0,False
vit_tiny_bpp_0_1,mlp_neurons_token_mask,token_mask,matched_sigma0.6,0.3,0.9294609919814424,0.9294609919814423,1.1102230246251565e-16,False
swin_tiny_tact_0_1_evade_l1,before_attention_norm_token_mask,token_mask,matched_sigma0.4,0.2,0.4894148426630696,0.48941484266306967,5.551115123125783e-17,False
vit_gtsrb_badnet_a2a_0_05,before_mlp_norm_token_mask,token_mask,adaptive,0.4,0.4304458042654268,0.4304458042654268,0.0,False
vit_cifar100_wanet_0_05,after_embedding_token_mask,token_mask,matched_sigma0.2,0.3,0.4212295676304897,0.4212295676304897,0.0,False
vit_cifar100_adaptive_blend_0_1,before_attention_norm_token_mask,token_mask,matched_sigma0.4,0.3,0.927609714556391,0.927609714556391,0.0,False
vit_gtsrb_badnet_a2a_0_05,after_attention_residual_token_mask,token_mask,matched_sigma0.2,0.05,0.1585044722465837,0.15850447224658376,5.551115123125783e-17,False
vit_tiny_lc_0_1_evade_l1,before_attention_norm_token_mask,token_mask,matched_sigma0.2,0.1,0.0936929464851755,0.09369294648517552,2.7755575615628914e-17,False
vit_tiny_lc_0_1,before_mlp_norm_token_mask,token_mask,matched_sigma0.6,0.3,0.4969547016157265,0.4969547016157265,0.0,False
vit_gtsrb_bpp_0_1,before_attention_norm_token_mask,token_mask,oracle,0.7,0.999917645333242,0.9999176453332421,1.1102230246251565e-16,False
vit_tiny_badnet_a2a_0_05,before_attention_token_mask,token_mask,adaptive,0.4,0.68211515625,0.68211515625,0.0,False
swin_cifar100_blend_0_01_evade_l1,before_attention_norm_token_mask,token_mask,oracle,0.4,0.8814244046723538,0.8814244046723538,0.0,False
vit_gtsrb_blend_0_1,before_attention_token_mask,token_mask,matched_sigma0.4,0.2,0.999870663403438,0.9998706634034379,1.1102230246251565e-16,False
vit_tiny_badnet_a2o_0_1,both_sublayer_inputs_token_mask,token_mask,matched_sigma0.2,0.1,0.6493829784543637,0.6493829784543637,0.0,False
vit_cifar100_sig_0_1_evade_l1,before_attention_norm_token_mask,token_mask,matched_sigma0.6,0.4,0.3832449561812195,0.3832449561812195,0.0,False
vit_cifar100_badnet_a2a_0_1,before_attention_residual_token_mask,token_mask,matched_sigma0.2,0.2,0.406594046875,0.406594046875,0.0,False
vit_cifar100_wanet_0_05,before_mlp_token_mask,token_mask,adaptive,0.4,0.7782514389105024,0.7782514389105024,0.0,False
vit_cifar100_sig_0_05_evade_l1,before_attention_norm_token_mask,token_mask,matched_sigma0.6,0.4,0.4306809280059891,0.4306809280059891,0.0,False
vit_gtsrb_wanet_0_05,after_attention_residual_token_mask,token_mask,matched_sigma0.4,0.1,0.8696954657584934,0.8696954657584934,0.0,False
vit_tiny_blend_0_1,before_mlp_norm_token_mask,token_mask,adaptive,0.5,0.8420854296285804,0.8420854296285804,0.0,False
vit_cifar10_wanet_0_05,mlp_neurons_token_mask,token_mask,matched_sigma0.2,0.3,0.3229616030092592,0.32296160300925925,5.551115123125783e-17,False
vit_cifar100_blend_0_05,before_mlp_norm_token_mask,token_mask,matched_sigma0.6,0.4,0.97794948619033,0.9779494861903301,1.1102230246251565e-16,False
vit_cifar100_lc_0_05,before_mlp_token_mask,token_mask,matched_sigma0.6,0.4,0.7119941146634987,0.7119941146634987,0.0,False
vit_gtsrb_badnet_a2o_0_1,before_attention_norm_token_mask,token_mask,matched_sigma0.2,0.3,0.9925234385045772,0.9925234385045771,1.1102230246251565e-16,False
swin_tiny_lc_0_01_evade_l1,before_attention_norm_token_mask,token_mask,matched_sigma0.8,0.4,0.5481643018408784,0.5481643018408784,0.0,False
vit_gtsrb_lc_0_05,both_sublayer_inputs_token_mask,token_mask,matched_sigma0.2,0.1,0.4921911331791232,0.4921911331791232,0.0,False
vit_gtsrb_bpp_0_05,before_mlp_token_mask,token_mask,matched_sigma0.2,0.3,0.9361469190810838,0.9361469190810838,0.0,False
swin_cifar100_badnet_a2a_0_01_evade_l1,before_attention_norm_token_mask,token_mask,oracle,0.5,0.902116734375,0.902116734375,0.0,False
swin_cifar100_lc_0_01,before_attention_norm_token_mask,token_mask,matched_sigma0.2,0.3,0.9795701325956576,0.9795701325956577,1.1102230246251565e-16,False
vit_tiny_badnet_a2a_0_1_evade_l1,before_attention_norm_token_mask,token_mask,oracle,0.9,0.6770616015625,0.6770616015625,0.0,False
swin_cifar100_adaptive_blend_0_05_evade_l1,before_attention_norm_token_mask,token_mask,matched_sigma0.6,0.4,0.9445077814699694,0.9445077814699694,0.0,False
swin_tiny_tact_0_01_evade_l1,before_attention_norm_token_mask,token_mask,oracle,0.7,0.5100166418607135,0.5100166418607135,0.0,False
vit_gtsrb_badnet_a2a_0_05,before_mlp_norm_token_mask,token_mask,matched_sigma0.4,0.3,0.2959907484187619,0.29599074841876194,5.551115123125783e-17,False
vit_cifar10_adaptive_blend_0_05,both_sublayer_inputs_token_mask,token_mask,matched_sigma0.6,0.3,0.92876143904321,0.92876143904321,0.0,False
vit_cifar100_bpp_0_1,after_attention_residual_token_mask,token_mask,matched_sigma0.2,0.05,0.980744358588908,0.9807443585889081,1.1102230246251565e-16,False
vit_gtsrb_badnet_a2a_0_1,before_attention_token_mask,token_mask,matched_sigma0.6,0.3,0.3142521830244901,0.3142521830244901,0.0,False
swin_cifar100_sig_0_1_evade_l1,before_attention_norm_token_mask,token_mask,oracle,0.8,0.6669228126225863,0.6669228126225863,0.0,False
vit_gtsrb_benign,after_embedding_token_mask,token_mask,oracle,0.5,0.5003983722678315,0.5003983722678315,0.0,False
vit_gtsrb_wanet_0_1,after_attention_residual_token_mask,token_mask,oracle,0.1,0.9431326503374388,0.9431326503374388,0.0,False
vit_gtsrb_badnet_a2o_0_1,before_attention_residual_token_mask,token_mask,matched_sigma0.2,0.2,0.9817070981161078,0.9817070981161078,0.0,False
vit_gtsrb_badnet_a2o_0_1,both_sublayer_inputs_token_mask,token_mask,matched_sigma0.4,0.2,0.924079752956376,0.9240797529563761,1.1102230246251565e-16,False
vit_cifar100_badnet_a2o_0_01,after_attention_residual_token_mask,token_mask,oracle,0.05,0.6752370037140512,0.6752370037140512,0.0,False
vit_cifar100_blend_0_01,before_attention_token_mask,token_mask,oracle,0.3,0.9267555107189503,0.9267555107189505,1.1102230246251565e-16,False
vit_tiny_lf_0_1,after_embedding_token_mask,token_mask,oracle,0.2,0.6358451651976083,0.6358451651976083,0.0,False
vit_gtsrb_lf_0_05,before_mlp_token_mask,token_mask,matched_sigma0.2,0.2,0.9033819205312053,0.9033819205312051,1.1102230246251565e-16,False
vit_tiny_badnet_a2o_0_1,before_mlp_norm_token_mask,token_mask,matched_sigma0.2,0.1,0.6187045490915158,0.6187045490915158,0.0,False
vit_cifar100_badnet_a2a_0_05_evade_l1,before_attention_norm_token_mask,token_mask,matched_sigma0.4,0.2,0.1966134765625,0.1966134765625,0.0,False
vit_gtsrb_badnet_a2o_0_1,before_attention_residual_token_mask,token_mask,matched_sigma0.8,0.5,0.998826032661387,0.998826032661387,0.0,False
vit_cifar100_blend_0_01,before_mlp_residual_token_mask,token_mask,adaptive,0.5,0.7052846873903833,0.7052846873903833,0.0,False
vit_gtsrb_benign,before_mlp_norm_token_mask,token_mask,oracle,0.1,0.5041493882732888,0.5041493882732888,0.0,False
vit_cifar100_blend_0_1,before_mlp_residual_token_mask,token_mask,matched_sigma0.6,0.3,0.969024805168944,0.9690248051689441,1.1102230246251565e-16,False
vit_cifar10_wanet_0_05,after_embedding_token_mask,token_mask,adaptive,0.7,0.8940423225308641,0.8940423225308641,0.0,False
vit_gtsrb_adaptive_blend_0_1,mlp_neurons_token_mask,token_mask,matched_sigma0.4,0.3,0.9963549547445244,0.9963549547445243,1.1102230246251565e-16,False
vit_tiny_lc_0_1,mlp_neurons_token_mask,token_mask,matched_sigma0.4,0.2,0.5501388721355762,0.5501388721355762,0.0,False
vit_tiny_adaptive_blend_0_01,both_sublayer_inputs_token_mask,token_mask,matched_sigma0.6,0.2,0.6095388255436074,0.6095388255436074,0.0,False
vit_cifar100_sig_0_01_evade_l1,before_attention_norm_token_mask,token_mask,adaptive,0.6,0.5236081885510492,0.5236081885510492,0.0,False
vit_cifar100_benign,before_attention_residual_token_mask,token_mask,matched_sigma0.2,0.2,0.4894252698343782,0.4894252698343782,0.0,False
vit_gtsrb_badnet_a2a_0_1,mlp_neurons_token_mask,token_mask,adaptive,0.3,0.4810713877991343,0.4810713877991343,0.0,False
vit_tiny_bpp_0_05,before_mlp_norm_token_mask,token_mask,adaptive,0.4,0.96728737512507,0.9672873751250699,1.1102230246251565e-16,False
vit_tiny_lc_0_05,before_mlp_token_mask,token_mask,adaptive,0.4,0.8094370553850389,0.8094370553850389,0.0,False
swin_cifar100_wanet_0_01,before_attention_norm_token_mask,token_mask,matched_sigma0.2,0.2,0.4090239352181999,0.40902393521819996,5.551115123125783e-17,False
vit_cifar10_adaptive_blend_0_05,before_attention_norm_token_mask,token_mask,oracle,0.9,0.9853693479938272,0.9853693479938272,0.0,False
vit_tiny_blend_0_1,after_embedding_token_mask,token_mask,matched_sigma0.2,0.2,0.7820028645678306,0.7820028645678306,0.0,False
vit_cifar100_blend_0_05,after_embedding_token_mask,token_mask,matched_sigma0.6,0.6,0.2917731391933162,0.2917731391933162,0.0,False
vit_cifar100_wanet_0_05,before_attention_token_mask,token_mask,adaptive,0.4,0.822932779544505,0.822932779544505,0.0,False
vit_tiny_lc_0_1,before_mlp_norm_token_mask,token_mask,matched_sigma0.2,0.1,0.4597428512924188,0.4597428512924188,0.0,False
swin_tiny_sig_0_1_evade_l1,before_attention_norm_token_mask,token_mask,oracle,0.5,0.6228492041943633,0.6228492041943633,0.0,False
vit_tiny_tact_0_01_evade_l1,before_attention_norm_token_mask,token_mask,matched_sigma0.6,0.4,0.4842989216581317,0.4842989216581317,0.0,False
vit_tiny_badnet_a2a_0_1,after_mlp_residual_token_mask,token_mask,matched_sigma0.2,0.05,0.289462390625,0.289462390625,0.0,False
vit_cifar10_sig_0_05,before_mlp_norm_token_mask,token_mask,matched_sigma0.8,0.6,0.7512064236111111,0.7512064236111111,0.0,False
vit_tiny_lf_0_05,after_embedding_token_mask,token_mask,adaptive,0.6,0.8198351518235315,0.8198351518235315,0.0,False
vit_gtsrb_badnet_a2o_0_1,before_attention_norm_token_mask,token_mask,adaptive,0.5,0.9999393444250368,0.9999393444250367,1.1102230246251565e-16,False
vit_gtsrb_bpp_0_1,before_attention_residual_token_mask,token_mask,oracle,0.6,0.9999425885643785,0.9999425885643783,1.1102230246251565e-16,False
swin_tiny_sig_0_01_evade_l1,before_attention_norm_token_mask,token_mask,matched_sigma0.2,0.1,0.3176965845548333,0.31769658455483335,5.551115123125783e-17,False
vit_tiny_badnet_a2a_0_1,before_mlp_norm_token_mask,token_mask,oracle,0.9,0.6185958281249999,0.6185958281249999,0.0,False
vit_cifar10_adaptive_blend_0_05,before_mlp_residual_token_mask,token_mask,oracle,0.8,0.9845948881172838,0.9845948881172838,0.0,False
vit_gtsrb_benign,before_attention_token_mask,token_mask,oracle,0.2,0.507284969596784,0.507284969596784,0.0,False
vit_cifar100_lc_0_01,before_attention_token_mask,token_mask,matched_sigma0.2,0.2,0.7498836221396878,0.7498836221396878,0.0,False
vit_gtsrb_badnet_a2o_0_1,before_attention_token_mask,token_mask,matched_sigma0.4,0.4,0.9848193091245112,0.9848193091245111,1.1102230246251565e-16,False
vit_tiny_wanet_0_05,after_mlp_residual_token_mask,token_mask,matched_sigma0.2,0.05,0.8567778677760209,0.8567778677760209,0.0,False
vit_tiny_badnet_a2o_0_05,both_sublayer_inputs_token_mask,token_mask,matched_sigma0.6,0.2,0.8069170256453632,0.8069170256453632,0.0,False
vit_cifar100_tact_0_05_evade_l1,before_attention_norm_token_mask,token_mask,matched_sigma0.6,0.4,0.4710287087736129,0.4710287087736129,0.0,False
swin_cifar100_tact_0_1_evade_l1,before_attention_norm_token_mask,token_mask,matched_sigma0.6,0.4,0.5203525216001188,0.5203525216001188,0.0,False
vit_tiny_lf_0_01,before_attention_token_mask,token_mask,matched_sigma0.4,0.2,0.7352201091657693,0.7352201091657693,0.0,False
vit_tiny_lf_0_1,before_mlp_token_mask,token_mask,adaptive,0.4,0.955918675813115,0.955918675813115,0.0,False
vit_tiny_bpp_0_01,before_mlp_token_mask,token_mask,matched_sigma0.2,0.1,0.6716374949067168,0.6716374949067168,0.0,False
vit_cifar100_badnet_a2a_0_1,before_mlp_residual_token_mask,token_mask,matched_sigma0.2,0.1,0.458884515625,0.458884515625,0.0,False
vit_cifar100_lc_0_01,before_mlp_norm_token_mask,token_mask,adaptive,0.5,0.6254525160531852,0.6254525160531852,0.0,False
vit_gtsrb_bpp_0_05,mlp_neurons_token_mask,token_mask,adaptive,0.5,0.9963886205100888,0.9963886205100888,0.0,False
vit_tiny_bpp_0_01,before_attention_token_mask,token_mask,oracle,0.3,0.9656805962824838,0.9656805962824838,0.0,False
vit_cifar100_bpp_0_01,mlp_neurons_token_mask,token_mask,adaptive,0.4,0.9734805172934636,0.9734805172934635,1.1102230246251565e-16,False
vit_cifar100_bpp_0_05,after_mlp_residual_token_mask,token_mask,matched_sigma0.2,0.05,0.9839128788226454,0.9839128788226454,0.0,False
vit_tiny_bpp_0_05,before_mlp_norm_token_mask,token_mask,oracle,0.5,0.9755192623156108,0.9755192623156107,1.1102230246251565e-16,False
vit_tiny_badnet_a2a_0_05,before_mlp_norm_token_mask,token_mask,oracle,0.7,0.68918378125,0.68918378125,0.0,False
vit_gtsrb_badnet_a2o_0_05,before_attention_residual_token_mask,token_mask,matched_sigma0.2,0.4,0.9895827066245968,0.9895827066245969,1.1102230246251565e-16,False
vit_gtsrb_blend_0_1,both_sublayer_inputs_token_mask,token_mask,adaptive,0.2,0.999823949584323,0.999823949584323,0.0,False
vit_cifar100_lc_0_01_evade_l1,before_attention_norm_token_mask,token_mask,adaptive,0.6,0.5808702620108073,0.5808702620108073,0.0,False
vit_cifar100_badnet_a2o_0_05,before_mlp_residual_token_mask,token_mask,matched_sigma0.6,0.3,0.8576078429651113,0.8576078429651113,0.0,False
vit_tiny_badnet_a2a_0_05,mlp_neurons_token_mask,token_mask,matched_sigma0.6,0.3,0.415333359375,0.41533335937500004,5.551115123125783e-17,False
swin_tiny_adaptive_blend_0_01_evade_l1,before_attention_norm_token_mask,token_mask,matched_sigma0.4,0.2,0.6233746307029204,0.6233746307029204,0.0,False
vit_cifar100_lc_0_01,after_attention_residual_token_mask,token_mask,matched_sigma0.6,0.1,0.4649478249036569,0.4649478249036569,0.0,False
vit_cifar100_badnet_a2o_0_1,before_attention_norm_token_mask,token_mask,matched_sigma0.6,0.3,0.961958131425614,0.961958131425614,0.0,False
vit_cifar100_benign,mlp_neurons_token_mask,token_mask,oracle,0.5,0.5083061061363852,0.5083061061363852,0.0,False
vit_cifar100_lc_0_05,before_attention_residual_token_mask,token_mask,matched_sigma0.4,0.3,0.5261228569980554,0.5261228569980554,0.0,False
vit_gtsrb_bpp_0_05,before_mlp_norm_token_mask,token_mask,matched_sigma0.6,0.4,0.9118090461333058,0.9118090461333058,0.0,False
vit_gtsrb_bpp_0_1,before_attention_token_mask,token_mask,adaptive,0.4,0.999316925459616,0.9993169254596159,1.1102230246251565e-16,False
vit_gtsrb_wanet_0_05,before_mlp_residual_token_mask,token_mask,matched_sigma0.2,0.2,0.4791862811978513,0.47918628119785134,5.551115123125783e-17,False
vit_cifar10_adaptive_blend_0_05,before_attention_norm_token_mask,token_mask,matched_sigma0.6,0.5,0.9128131172839506,0.9128131172839506,0.0,False
vit_gtsrb_bpp_0_01,before_attention_token_mask,token_mask,matched_sigma0.6,0.4,0.9186410695314332,0.9186410695314331,1.1102230246251565e-16,False
swin_tiny_badnet_a2a_0_05_evade_l1,before_attention_norm_token_mask,token_mask,matched_sigma0.4,0.2,0.674779015625,0.674779015625,0.0,False
vit_gtsrb_adaptive_blend_0_05,after_mlp_residual_token_mask,token_mask,matched_sigma0.2,0.05,0.9765845976271632,0.9765845976271632,0.0,False
vit_tiny_adaptive_blend_0_05,before_attention_residual_token_mask,token_mask,matched_sigma0.4,0.2,0.7731730834182681,0.7731730834182681,0.0,False
swin_cifar100_sig_0_05_evade_l1,before_attention_norm_token_mask,token_mask,matched_sigma0.4,0.3,0.5403689708522603,0.5403689708522603,0.0,False
vit_gtsrb_wanet_0_1,before_mlp_norm_token_mask,token_mask,adaptive,0.4,0.9594679598967892,0.9594679598967893,1.1102230246251565e-16,False
vit_cifar100_badnet_a2o_0_1,after_attention_residual_token_mask,token_mask,matched_sigma0.2,0.05,0.8304888764027457,0.8304888764027457,0.0,False
vit_tiny_wanet_0_1,after_attention_residual_token_mask,token_mask,adaptive,0.1,0.9528244711742856,0.9528244711742857,1.1102230246251565e-16,False
vit_tiny_blend_0_1,after_attention_residual_token_mask,token_mask,oracle,0.05,0.9792292390068392,0.9792292390068392,0.0,False
vit_gtsrb_lf_0_05,before_attention_token_mask,token_mask,matched_sigma0.2,0.2,0.9761166014818085,0.9761166014818085,0.0,False
vit_gtsrb_benign,before_attention_token_mask,token_mask,adaptive,0.6,0.4996127230461978,0.49961272304619786,5.551115123125783e-17,False
vit_gtsrb_badnet_a2a_0_05,after_mlp_residual_token_mask,token_mask,matched_sigma0.2,0.05,0.2117797346652872,0.21177973466528727,5.551115123125783e-17,False
vit_tiny_badnet_a2a_0_01_evade_l1,before_attention_norm_token_mask,token_mask,matched_sigma0.8,0.5,0.497650796875,0.497650796875,0.0,False
swin_cifar100_lf_0_1_evade_l1,before_attention_norm_token_mask,token_mask,matched_sigma0.2,0.2,0.921742168148709,0.921742168148709,0.0,False
vit_gtsrb_wanet_0_05,both_sublayer_inputs_token_mask,token_mask,oracle,0.9,0.9663006759141975,0.9663006759141977,1.1102230246251565e-16,False
swin_tiny_sig_0_05_evade_l1,before_attention_norm_token_mask,token_mask,matched_sigma0.4,0.3,0.57873418394539,0.57873418394539,0.0,False
vit_tiny_wanet_0_1,before_mlp_norm_token_mask,token_mask,matched_sigma0.6,0.3,0.3701572487633371,0.37015724876333717,5.551115123125783e-17,False
swin_tiny_blend_0_01_evade_l1,before_attention_norm_token_mask,token_mask,matched_sigma0.4,0.2,0.9460642865296532,0.9460642865296531,1.1102230246251565e-16,False
vit_gtsrb_badnet_a2a_0_05,before_mlp_norm_token_mask,token_mask,matched_sigma0.2,0.2,0.2545835018482808,0.2545835018482808,0.0,False
swin_cifar100_lc_0_01_evade_l1,before_attention_norm_token_mask,token_mask,adaptive,0.4,0.7603234620527884,0.7603234620527884,0.0,False
vit_gtsrb_lf_0_01,before_attention_token_mask,token_mask,matched_sigma0.4,0.4,0.914308615279428,0.9143086152794281,1.1102230246251565e-16,False
swin_cifar100_wanet_0_05,after_embedding_token_mask,token_mask,oracle,0.8,0.7468710864687143,0.7468710864687143,0.0,False
vit_cifar100_benign,before_attention_token_mask,token_mask,oracle,0.8,0.5111212268380603,0.5111212268380603,0.0,False
vit_tiny_lf_0_1,before_mlp_residual_token_mask,token_mask,matched_sigma0.4,0.2,0.7281963311752856,0.7281963311752856,0.0,False
vit_gtsrb_bpp_0_05,before_attention_norm_token_mask,token_mask,adaptive,0.6,0.9967107242238116,0.9967107242238116,0.0,False
vit_tiny_lf_0_01,before_mlp_token_mask,token_mask,matched_sigma0.4,0.2,0.7567455072430272,0.7567455072430272,0.0,False
vit_tiny_adaptive_blend_0_05,after_embedding_token_mask,token_mask,matched_sigma0.2,0.2,0.5899515154000791,0.5899515154000791,0.0,False
vit_cifar100_bpp_0_1,before_attention_norm_token_mask,token_mask,matched_sigma0.4,0.3,0.9772600143102907,0.9772600143102909,1.1102230246251565e-16,False
vit_cifar100_wanet_0_05,before_attention_residual_token_mask,token_mask,oracle,0.9,0.4497037897528582,0.4497037897528582,0.0,False
vit_cifar10_sig_0_05,after_embedding_token_mask,token_mask,adaptive,0.8,0.6954541763117285,0.6954541763117285,0.0,False
vit_gtsrb_lf_0_1,after_embedding_token_mask,token_mask,adaptive,0.8,0.4836879892595573,0.4836879892595573,0.0,False
vit_cifar100_adaptive_blend_0_1,before_attention_norm_token_mask,token_mask,matched_sigma0.2,0.2,0.885543318159743,0.885543318159743,0.0,False
vit_cifar100_wanet_0_1,before_attention_token_mask,token_mask,matched_sigma0.6,0.3,0.6725241860273938,0.6725241860273938,0.0,False
vit_cifar100_blend_0_01,before_mlp_token_mask,token_mask,oracle,0.4,0.8483306882308034,0.8483306882308034,0.0,False
vit_cifar100_wanet_0_1,before_mlp_norm_token_mask,token_mask,matched_sigma0.6,0.3,0.4534248005398483,0.45342480053984835,5.551115123125783e-17,False
vit_gtsrb_lf_0_01,before_attention_norm_token_mask,token_mask,matched_sigma0.6,0.4,0.9739993581787576,0.9739993581787576,0.0,False
vit_tiny_lf_0_1,mlp_neurons_token_mask,token_mask,matched_sigma0.4,0.2,0.7325145734876543,0.7325145734876543,0.0,False
vit_cifar100_lc_0_1,before_attention_norm_token_mask,token_mask,matched_sigma0.6,0.4,0.7304770323027078,0.7304770323027078,0.0,False
vit_tiny_wanet_0_1,after_embedding_token_mask,token_mask,matched_sigma0.6,0.5,0.6417154943839029,0.6417154943839029,0.0,False
vit_cifar100_adaptive_blend_0_01,before_mlp_norm_token_mask,token_mask,matched_sigma0.2,0.2,0.6149895466239725,0.6149895466239725,0.0,False
vit_cifar100_bpp_0_05_evade_l1,before_attention_norm_token_mask,token_mask,matched_sigma0.2,0.2,0.0195058440337939,0.019505844033793993,9.367506770274758e-17,False
vit_gtsrb_wanet_0_1,after_embedding_token_mask,token_mask,matched_sigma0.2,0.4,0.5049704683225253,0.5049704683225253,0.0,False
vit_cifar100_wanet_0_05,before_attention_residual_token_mask,token_mask,matched_sigma0.6,0.4,0.3683930533235909,0.36839305332359096,5.551115123125783e-17,False
vit_gtsrb_badnet_a2a_0_1,mlp_neurons_token_mask,token_mask,oracle,0.5,0.5222039719673726,0.5222039719673726,0.0,False
vit_tiny_badnet_a2o_0_1,after_mlp_residual_token_mask,token_mask,adaptive,0.1,0.7772303055673204,0.7772303055673204,0.0,False
vit_cifar100_wanet_0_1,before_mlp_norm_token_mask,token_mask,matched_sigma0.2,0.1,0.3688557873074186,0.36885578730741864,5.551115123125783e-17,False
vit_tiny_lc_0_01_evade_l1,before_attention_norm_token_mask,token_mask,oracle,0.9,0.4768942100409339,0.47689421004093396,5.551115123125783e-17,False
vit_gtsrb_bpp_0_1,before_attention_residual_token_mask,token_mask,matched_sigma0.2,0.05,0.9833206642095572,0.9833206642095573,1.1102230246251565e-16,False
vit_cifar100_lc_0_05,both_sublayer_inputs_token_mask,token_mask,matched_sigma0.2,0.1,0.5168509060058126,0.5168509060058126,0.0,False
vit_gtsrb_wanet_0_1,before_mlp_residual_token_mask,token_mask,adaptive,0.4,0.9603255342793638,0.9603255342793638,0.0,False
vit_gtsrb_benign,before_attention_residual_token_mask,token_mask,matched_sigma0.2,0.4,0.500624617473074,0.500624617473074,0.0,False
vit_tiny_lf_0_01,before_attention_residual_token_mask,token_mask,matched_sigma0.4,0.2,0.8075364443552197,0.8075364443552197,0.0,False
vit_cifar100_lc_0_1,before_attention_norm_token_mask,token_mask,matched_sigma0.2,0.2,0.6265293235255034,0.6265293235255034,0.0,False
vit_gtsrb_blend_0_05,before_attention_norm_token_mask,token_mask,adaptive,0.4,0.998945431288396,0.998945431288396,0.0,False
vit_tiny_badnet_a2o_0_01,before_attention_norm_token_mask,token_mask,matched_sigma0.4,0.2,0.6446551738862828,0.6446551738862828,0.0,False
vit_cifar100_benign,before_attention_norm_token_mask,token_mask,matched_sigma0.4,0.2,0.4912234660034822,0.4912234660034822,0.0,False
swin_cifar100_adaptive_blend_0_1,after_embedding_token_mask,token_mask,matched_sigma0.2,0.1,0.7180900590568855,0.7180900590568855,0.0,False
vit_cifar100_bpp_0_1,mlp_neurons_token_mask,token_mask,matched_sigma0.2,0.1,0.6898219434300561,0.6898219434300561,0.0,False
vit_tiny_lf_0_1,before_attention_norm_token_mask,token_mask,matched_sigma0.4,0.2,0.8204467641606062,0.8204467641606062,0.0,False
vit_gtsrb_badnet_a2a_0_1,before_mlp_norm_token_mask,token_mask,matched_sigma0.4,0.2,0.2283558354255736,0.22835583542557364,2.7755575615628914e-17,False
swin_tiny_bpp_0_1_evade_l1,before_attention_norm_token_mask,token_mask,matched_sigma0.2,0.1,0.8644492589794716,0.8644492589794716,0.0,False
vit_tiny_benign,before_attention_residual_token_mask,token_mask,matched_sigma0.2,0.1,0.4955192288484514,0.4955192288484514,0.0,False
vit_cifar100_lc_0_01,before_mlp_norm_token_mask,token_mask,matched_sigma0.6,0.4,0.6165909743009368,0.6165909743009368,0.0,False
vit_gtsrb_bpp_0_01,before_attention_residual_token_mask,token_mask,oracle,0.6,0.9758856509339672,0.9758856509339673,1.1102230246251565e-16,False
swin_cifar100_badnet_a2a_0_05_evade_l1,before_attention_norm_token_mask,token_mask,matched_sigma0.2,0.2,0.3127094609375,0.3127094609375,0.0,False
vit_cifar100_badnet_a2o_0_1,after_embedding_token_mask,token_mask,matched_sigma0.4,0.4,0.7310860856167213,0.7310860856167213,0.0,False
swin_tiny_lc_0_01_evade_l1,before_attention_norm_token_mask,token_mask,matched_sigma0.4,0.2,0.3277867989137255,0.32778679891372553,5.551115123125783e-17,False
vit_tiny_badnet_a2a_0_1,before_attention_token_mask,token_mask,oracle,0.6,0.6313503828125,0.6313503828125,0.0,False
vit_cifar100_badnet_a2a_0_1,mlp_neurons_token_mask,token_mask,adaptive,0.4,0.4973068828125,0.4973068828125,0.0,False
vit_tiny_badnet_a2a_0_05,before_attention_norm_token_mask,token_mask,oracle,0.9,0.672124375,0.672124375,0.0,False
swin_cifar100_lf_0_1_evade_l1,before_attention_norm_token_mask,token_mask,matched_sigma0.6,0.4,0.9689118871586092,0.9689118871586091,1.1102230246251565e-16,False
vit_tiny_adaptive_blend_0_05,before_mlp_norm_token_mask,token_mask,matched_sigma0.6,0.3,0.8280424753820232,0.8280424753820232,0.0,False
vit_cifar100_blend_0_01,mlp_neurons_token_mask,token_mask,matched_sigma0.2,0.2,0.7333149473101163,0.7333149473101163,0.0,False
vit_cifar10_wanet_0_05,before_attention_token_mask,token_mask,matched_sigma0.8,0.5,0.8621602141203704,0.8621602141203704,0.0,False
vit_cifar100_adaptive_blend_0_1_evade_l1,before_attention_norm_token_mask,token_mask,adaptive,0.6,0.2981546828291277,0.2981546828291277,0.0,False
vit_cifar100_bpp_0_1,before_attention_token_mask,token_mask,adaptive,0.4,0.9951671761997438,0.9951671761997438,0.0,False
vit_cifar100_adaptive_blend_0_1,after_mlp_residual_token_mask,token_mask,adaptive,0.2,0.5930912422697096,0.5930912422697096,0.0,False
vit_gtsrb_lf_0_05,before_attention_norm_token_mask,token_mask,matched_sigma0.4,0.3,0.990329627257148,0.9903296272571479,1.1102230246251565e-16,False
vit_tiny_badnet_a2o_0_05,before_mlp_norm_token_mask,token_mask,matched_sigma0.4,0.2,0.5430431318592976,0.5430431318592976,0.0,False
swin_cifar100_tact_0_05_evade_l1,before_attention_norm_token_mask,token_mask,matched_sigma0.4,0.3,0.4657319059224091,0.46573190592240915,5.551115123125783e-17,False
vit_gtsrb_bpp_0_05,before_attention_token_mask,token_mask,oracle,0.6,0.998505676135657,0.998505676135657,0.0,False
vit_cifar100_badnet_a2o_0_05,before_attention_norm_token_mask,token_mask,adaptive,0.5,0.9652166396835612,0.9652166396835613,1.1102230246251565e-16,False
vit_cifar10_sig_0_05,after_attention_residual_token_mask,token_mask,oracle,0.3,0.7930391782407408,0.7930391782407408,0.0,False
vit_cifar100_wanet_0_1,before_mlp_residual_token_mask,token_mask,adaptive,0.4,0.8748751999789297,0.8748751999789297,0.0,False
vit_cifar100_badnet_a2a_0_05,before_attention_residual_token_mask,token_mask,matched_sigma0.2,0.2,0.39019953125,0.39019953125,0.0,False
swin_cifar100_blend_0_05,after_embedding_token_mask,token_mask,matched_sigma0.4,0.3,0.9337159387347166,0.9337159387347166,0.0,False
swin_cifar100_tact_0_05_evade_l1,before_attention_norm_token_mask,token_mask,oracle,0.7,0.5600908739373531,0.5600908739373531,0.0,False
vit_cifar100_wanet_0_1,before_attention_token_mask,token_mask,matched_sigma0.2,0.2,0.5705830785002848,0.5705830785002848,0.0,False
vit_gtsrb_lf_0_05,before_mlp_residual_token_mask,token_mask,matched_sigma0.2,0.2,0.9455462766020766,0.9455462766020766,0.0,False
vit_gtsrb_badnet_a2a_0_05,before_attention_residual_token_mask,token_mask,matched_sigma0.2,0.3,0.184030367204764,0.184030367204764,0.0,False
vit_cifar100_adaptive_blend_0_05,before_mlp_norm_token_mask,token_mask,matched_sigma0.4,0.3,0.877876314553438,0.877876314553438,0.0,False
vit_tiny_blend_0_1,after_mlp_residual_token_mask,token_mask,adaptive,0.1,0.9904606756062816,0.9904606756062816,0.0,False
swin_cifar100_badnet_a2o_0_05,before_attention_norm_token_mask,token_mask,oracle,0.5,0.9999614348440812,0.9999614348440813,1.1102230246251565e-16,False
vit_gtsrb_badnet_a2o_0_1,both_sublayer_inputs_token_mask,token_mask,matched_sigma0.2,0.1,0.8719987153208206,0.8719987153208206,0.0,False
vit_gtsrb_bpp_0_05,before_attention_token_mask,token_mask,matched_sigma0.2,0.3,0.9825168728312752,0.9825168728312751,1.1102230246251565e-16,False
vit_gtsrb_badnet_a2o_0_01,after_attention_residual_token_mask,token_mask,oracle,0.9,0.9277459432082218,0.9277459432082218,0.0,False
vit_cifar100_lc_0_01,before_attention_residual_token_mask,token_mask,matched_sigma0.6,0.4,0.8282062693120086,0.8282062693120086,0.0,False
vit_tiny_bpp_0_05,mlp_neurons_token_mask,token_mask,matched_sigma0.6,0.3,0.9335821569271628,0.9335821569271628,0.0,False
vit_tiny_bpp_0_1,before_mlp_residual_token_mask,token_mask,matched_sigma0.4,0.2,0.8325788462199973,0.8325788462199973,0.0,False
vit_tiny_adaptive_blend_0_05,after_attention_residual_token_mask,token_mask,adaptive,0.1,0.9793248414205225,0.9793248414205225,0.0,False
vit_cifar100_bpp_0_01,before_attention_norm_token_mask,token_mask,matched_sigma0.2,0.2,0.7813184781927692,0.7813184781927692,0.0,False
vit_tiny_badnet_a2a_0_05,after_attention_residual_token_mask,token_mask,oracle,0.9,0.693986140625,0.693986140625,0.0,False
vit_cifar100_adaptive_blend_0_1,before_mlp_norm_token_mask,token_mask,adaptive,0.5,0.9814270304869848,0.9814270304869849,1.1102230246251565e-16,False
vit_tiny_badnet_a2o_0_05,mlp_neurons_token_mask,token_mask,matched_sigma0.4,0.2,0.6039937671520179,0.6039937671520179,0.0,False
vit_tiny_badnet_a2o_0_05,before_attention_residual_token_mask,token_mask,adaptive,0.5,0.9751421095307192,0.9751421095307192,0.0,False
vit_cifar100_adaptive_blend_0_01,before_attention_token_mask,token_mask,adaptive,0.4,0.8673452814550047,0.8673452814550047,0.0,False
vit_cifar100_adaptive_blend_0_1,before_mlp_norm_token_mask,token_mask,matched_sigma0.2,0.2,0.8186741312165065,0.8186741312165065,0.0,False
vit_cifar100_bpp_0_1_evade_l1,before_attention_norm_token_mask,token_mask,matched_sigma0.6,0.4,0.057500511794417,0.05750051179441707,6.938893903907228e-17,False
vit_tiny_adaptive_blend_0_01_evade_l1,before_attention_norm_token_mask,token_mask,matched_sigma0.6,0.3,0.2799515644957704,0.2799515644957704,0.0,False
swin_cifar100_blend_0_01,before_attention_norm_token_mask,token_mask,matched_sigma0.4,0.4,0.9941556868640232,0.9941556868640231,1.1102230246251565e-16,False
vit_tiny_blend_0_1,before_mlp_token_mask,token_mask,matched_sigma0.4,0.2,0.7723839056999009,0.7723839056999009,0.0,False
vit_tiny_blend_0_01,before_attention_token_mask,token_mask,matched_sigma0.8,0.8,0.1684019151992382,0.16840191519923828,8.326672684688674e-17,False
vit_tiny_lf_0_1,before_mlp_norm_token_mask,token_mask,adaptive,0.4,0.6557153280900082,0.6557153280900082,0.0,False
vit_cifar100_sig_0_01_evade_l1,before_attention_norm_token_mask,token_mask,matched_sigma0.6,0.5,0.438192306203507,0.438192306203507,0.0,False
vit_gtsrb_adaptive_blend_0_05,before_attention_norm_token_mask,token_mask,matched_sigma0.4,0.3,0.994462459695367,0.994462459695367,0.0,False
swin_cifar100_adaptive_blend_0_05,after_embedding_token_mask,token_mask,adaptive,0.6,0.9492304088489156,0.9492304088489156,0.0,False
vit_cifar10_adaptive_blend_0_05,before_attention_residual_token_mask,token_mask,matched_sigma0.6,0.5,0.8596445794753086,0.8596445794753086,0.0,False
vit_tiny_badnet_a2a_0_05,before_attention_norm_token_mask,token_mask,matched_sigma0.8,0.4,0.562617390625,0.562617390625,0.0,False
vit_tiny_tact_0_05_evade_l1,before_attention_norm_token_mask,token_mask,matched_sigma0.6,0.4,0.4861411388094477,0.48614113880944776,5.551115123125783e-17,False
vit_cifar100_badnet_a2o_0_01_evade_l1,before_attention_norm_token_mask,token_mask,adaptive,0.6,0.036299844087268,0.03629984408726803,2.7755575615628914e-17,False
vit_cifar100_lf_0_05,before_mlp_norm_token_mask,token_mask,oracle,0.4,0.727469429013017,0.727469429013017,0.0,False
vit_cifar100_badnet_a2o_0_05,before_mlp_norm_token_mask,token_mask,matched_sigma0.2,0.2,0.7027834592833122,0.7027834592833122,0.0,False
vit_cifar100_badnet_a2o_0_05,before_mlp_norm_token_mask,token_mask,matched_sigma0.4,0.3,0.6834377181112172,0.6834377181112172,0.0,False
vit_tiny_bpp_0_05,before_mlp_residual_token_mask,token_mask,oracle,0.5,0.9897179493579048,0.9897179493579048,0.0,False
vit_tiny_benign,after_embedding_token_mask,token_mask,matched_sigma0.4,0.4,0.4964539571371882,0.4964539571371882,0.0,False
vit_tiny_bpp_0_05,after_mlp_residual_token_mask,token_mask,adaptive,0.1,0.9918600922452786,0.9918600922452786,0.0,False
vit_tiny_badnet_a2o_0_01,before_attention_residual_token_mask,token_mask,oracle,0.4,0.9802201195058587,0.9802201195058587,0.0,False
vit_gtsrb_badnet_a2o_0_1,before_attention_norm_token_mask,token_mask,matched_sigma0.6,0.4,0.998545749746698,0.998545749746698,0.0,False
vit_cifar100_lf_0_05,before_attention_token_mask,token_mask,matched_sigma0.4,0.3,0.7827512311997857,0.7827512311997857,0.0,False
vit_cifar100_badnet_a2a_0_05,before_mlp_residual_token_mask,token_mask,adaptive,0.4,0.5505560625,0.5505560625,0.0,False
vit_tiny_adaptive_blend_0_01,both_sublayer_inputs_token_mask,token_mask,oracle,0.6,0.7154620060047976,0.7154620060047976,0.0,False
vit_gtsrb_wanet_0_1,after_embedding_token_mask,token_mask,matched_sigma0.6,0.6,0.671083678561594,0.671083678561594,0.0,False
vit_gtsrb_badnet_a2o_0_01,before_mlp_residual_token_mask,token_mask,matched_sigma0.2,0.2,0.549066843426682,0.549066843426682,0.0,False
vit_tiny_blend_0_01,mlp_neurons_token_mask,token_mask,adaptive,0.4,0.9837862505574768,0.9837862505574769,1.1102230246251565e-16,False
vit_tiny_lf_0_05,before_mlp_residual_token_mask,token_mask,matched_sigma0.2,0.1,0.6941472379150837,0.6941472379150837,0.0,False
vit_tiny_blend_0_01,before_mlp_norm_token_mask,token_mask,matched_sigma0.6,0.3,0.915081574385474,0.915081574385474,0.0,False
swin_cifar100_adaptive_blend_0_05_evade_l1,before_attention_norm_token_mask,token_mask,matched_sigma0.4,0.3,0.9020134251756562,0.9020134251756562,0.0,False
vit_cifar100_bpp_0_01,before_mlp_residual_token_mask,token_mask,matched_sigma0.2,0.1,0.7046129816604008,0.7046129816604008,0.0,False
vit_cifar100_lf_0_05,after_mlp_residual_token_mask,token_mask,oracle,0.1,0.8732768929509647,0.8732768929509647,0.0,False
vit_tiny_lf_0_05,before_attention_norm_token_mask,token_mask,matched_sigma0.8,0.4,0.9777644351159472,0.9777644351159472,0.0,False
vit_gtsrb_adaptive_blend_0_1,before_attention_norm_token_mask,token_mask,matched_sigma0.6,0.3,0.9994948705241644,0.9994948705241645,1.1102230246251565e-16,False
vit_gtsrb_blend_0_1,after_embedding_token_mask,token_mask,matched_sigma0.2,0.4,0.9477846299720368,0.9477846299720367,1.1102230246251565e-16,False
vit_tiny_wanet_0_1,mlp_neurons_token_mask,token_mask,adaptive,0.4,0.5571661468127559,0.5571661468127559,0.0,False
vit_tiny_adaptive_blend_0_1,mlp_neurons_token_mask,token_mask,oracle,0.5,0.985961702740239,0.985961702740239,0.0,False
vit_tiny_blend_0_01,after_embedding_token_mask,token_mask,adaptive,0.6,0.2753306101484646,0.2753306101484646,0.0,False
vit_cifar100_lf_0_01,before_attention_residual_token_mask,token_mask,matched_sigma0.6,0.4,0.9091989948477368,0.9091989948477367,1.1102230246251565e-16,False
vit_gtsrb_lf_0_01,before_mlp_residual_token_mask,token_mask,matched_sigma0.2,0.2,0.8611011239879314,0.8611011239879314,0.0,False
vit_gtsrb_bpp_0_05,mlp_neurons_token_mask,token_mask,matched_sigma0.4,0.3,0.9595002806403956,0.9595002806403957,1.1102230246251565e-16,False
vit_tiny_blend_0_05,before_mlp_token_mask,token_mask,matched_sigma0.4,0.2,0.8165155490237764,0.8165155490237764,0.0,False
vit_cifar100_badnet_a2a_0_1,before_mlp_residual_token_mask,token_mask,oracle,0.8,0.6529505234375,0.6529505234375,0.0,False
vit_tiny_adaptive_blend_0_1,mlp_neurons_token_mask,token_mask,matched_sigma0.6,0.3,0.9462274783974618,0.9462274783974618,0.0,False
vit_gtsrb_badnet_a2o_0_01,before_attention_norm_token_mask,token_mask,adaptive,0.6,0.9978683368103716,0.9978683368103715,1.1102230246251565e-16,False
vit_cifar100_adaptive_blend_0_1,before_mlp_token_mask,token_mask,adaptive,0.4,0.9625236073904307,0.9625236073904309,1.1102230246251565e-16,False
vit_cifar100_wanet_0_1,before_attention_norm_token_mask,token_mask,matched_sigma0.2,0.1,0.7119964531549481,0.7119964531549481,0.0,False
vit_cifar100_blend_0_01_evade_l1,before_attention_norm_token_mask,token_mask,matched_sigma0.2,0.2,0.1791010296146397,0.17910102961463978,8.326672684688674e-17,False
swin_tiny_wanet_0_01_evade_l1,before_attention_norm_token_mask,token_mask,oracle,0.6,0.8208023132626832,0.8208023132626832,0.0,False
vit_tiny_bpp_0_1,after_embedding_token_mask,token_mask,matched_sigma0.4,0.3,0.8912984375367279,0.8912984375367279,0.0,False
vit_tiny_lc_0_1,before_attention_token_mask,token_mask,adaptive,0.4,0.5922288056229121,0.5922288056229121,0.0,False
vit_tiny_sig_0_01_evade_l1,before_attention_norm_token_mask,token_mask,adaptive,0.6,0.5433013420441404,0.5433013420441404,0.0,False
vit_tiny_wanet_0_05,before_mlp_token_mask,token_mask,adaptive,0.4,0.9121600650247962,0.9121600650247962,0.0,False
vit_cifar100_bpp_0_05,before_attention_residual_token_mask,token_mask,matched_sigma0.2,0.2,0.8838816563702541,0.8838816563702541,0.0,False
vit_cifar100_lf_0_05,before_attention_norm_token_mask,token_mask,matched_sigma0.4,0.2,0.8776009232651566,0.8776009232651566,0.0,False
vit_gtsrb_badnet_a2a_0_05,before_mlp_token_mask,token_mask,matched_sigma0.4,0.3,0.2663859628007494,0.26638596280074944,5.551115123125783e-17,False
vit_cifar100_lf_0_1,mlp_neurons_token_mask,token_mask,matched_sigma0.2,0.1,0.6757855515547575,0.6757855515547575,0.0,False
vit_gtsrb_wanet_0_05,after_mlp_residual_token_mask,token_mask,matched_sigma0.4,0.1,0.8672754405854022,0.8672754405854022,0.0,False
vit_cifar100_lc_0_05,before_attention_token_mask,token_mask,matched_sigma0.4,0.3,0.6526573842656238,0.6526573842656238,0.0,False
vit_cifar100_adaptive_blend_0_1_evade_l1,before_attention_norm_token_mask,token_mask,matched_sigma0.6,0.4,0.1500922028070677,0.1500922028070677,0.0,False
vit_cifar100_lf_0_1,before_mlp_residual_token_mask,token_mask,matched_sigma0.6,0.3,0.9206405870331844,0.9206405870331845,1.1102230246251565e-16,False
vit_cifar100_adaptive_blend_0_05,before_attention_token_mask,token_mask,matched_sigma0.2,0.2,0.8493098457274045,0.8493098457274045,0.0,False
swin_tiny_lf_0_1_evade_l1,before_attention_norm_token_mask,token_mask,matched_sigma0.4,0.2,0.9570491396248468,0.9570491396248467,1.1102230246251565e-16,False
vit_cifar100_wanet_0_05_evade_l1,before_attention_norm_token_mask,token_mask,oracle,0.9,0.4613360208692404,0.4613360208692404,0.0,False
swin_cifar100_badnet_a2a_0_05_evade_l1,before_attention_norm_token_mask,token_mask,matched_sigma0.4,0.3,0.49098284375,0.49098284375000006,5.551115123125783e-17,False
swin_cifar100_sig_0_01_evade_l1,before_attention_norm_token_mask,token_mask,matched_sigma0.4,0.3,0.522230418027295,0.522230418027295,0.0,False
vit_tiny_bpp_0_1,before_mlp_norm_token_mask,token_mask,adaptive,0.4,0.9882618279847682,0.9882618279847682,0.0,False
vit_cifar100_bpp_0_01,before_attention_token_mask,token_mask,oracle,0.3,0.8903060829909066,0.8903060829909066,0.0,False
vit_tiny_badnet_a2a_0_1,before_attention_token_mask,token_mask,matched_sigma0.2,0.1,0.39493996875,0.39493996875000004,5.551115123125783e-17,False
vit_cifar100_blend_0_01,before_attention_norm_token_mask,token_mask,adaptive,0.5,0.941749702401024,0.9417497024010241,1.1102230246251565e-16,False
swin_tiny_badnet_a2a_0_1_evade_l1,before_attention_norm_token_mask,token_mask,matched_sigma0.6,0.3,0.5677050781249999,0.5677050781249999,0.0,False
vit_gtsrb_bpp_0_1,before_attention_token_mask,token_mask,oracle,0.6,0.9999105761480652,0.9999105761480652,0.0,False
vit_tiny_lf_0_1,before_attention_token_mask,token_mask,adaptive,0.4,0.598783530324664,0.598783530324664,0.0,False
vit_tiny_badnet_a2o_0_05,before_attention_token_mask,token_mask,matched_sigma0.6,0.3,0.7135548909798601,0.7135548909798601,0.0,False
vit_gtsrb_badnet_a2a_0_1,before_attention_norm_token_mask,token_mask,matched_sigma0.4,0.2,0.3272112951771243,0.32721129517712433,5.551115123125783e-17,False
vit_gtsrb_wanet_0_05,before_attention_token_mask,token_mask,matched_sigma0.4,0.3,0.4976503851624541,0.49765038516245413,5.551115123125783e-17,False
vit_gtsrb_badnet_a2a_0_1,before_mlp_token_mask,token_mask,matched_sigma0.2,0.1,0.1325988279324477,0.1325988279324477,0.0,False
vit_tiny_badnet_a2o_0_05,after_embedding_token_mask,token_mask,matched_sigma0.4,0.3,0.5198485907823771,0.5198485907823771,0.0,False
vit_tiny_lf_0_1,before_attention_token_mask,token_mask,oracle,0.3,0.8892846301549745,0.8892846301549745,0.0,False
vit_tiny_badnet_a2o_0_05,both_sublayer_inputs_token_mask,token_mask,matched_sigma0.2,0.1,0.605231799465539,0.605231799465539,0.0,False
vit_cifar10_wanet_0_05,before_mlp_residual_token_mask,token_mask,oracle,0.7,0.9523551118827162,0.9523551118827162,0.0,False
vit_cifar100_adaptive_blend_0_01,before_mlp_norm_token_mask,token_mask,adaptive,0.5,0.8551925564141108,0.8551925564141108,0.0,False
vit_gtsrb_blend_0_1,before_attention_residual_token_mask,token_mask,matched_sigma0.6,0.3,0.999224436208799,0.999224436208799,0.0,False
vit_gtsrb_badnet_a2a_0_1,before_attention_token_mask,token_mask,matched_sigma0.2,0.2,0.1955214125343262,0.1955214125343262,0.0,False
swin_cifar100_lc_0_01_evade_l1,before_attention_norm_token_mask,token_mask,oracle,0.5,0.7994984534430696,0.7994984534430696,0.0,False
vit_gtsrb_bpp_0_1,before_mlp_residual_token_mask,token_mask,oracle,0.5,0.9999339285891112,0.9999339285891111,1.1102230246251565e-16,False
vit_tiny_badnet_a2o_0_01,before_mlp_token_mask,token_mask,matched_sigma0.4,0.2,0.5016793883706135,0.5016793883706135,0.0,False
vit_cifar100_lc_0_05,after_embedding_token_mask,token_mask,matched_sigma0.8,0.6,0.5492225553486207,0.5492225553486207,0.0,False
vit_tiny_blend_0_1,mlp_neurons_token_mask,token_mask,oracle,0.4,0.9824057775935822,0.9824057775935822,0.0,False
vit_cifar100_badnet_a2o_0_1,after_mlp_residual_token_mask,token_mask,matched_sigma0.2,0.05,0.9057396237423126,0.9057396237423126,0.0,False
vit_gtsrb_bpp_0_05,before_mlp_token_mask,token_mask,matched_sigma0.6,0.4,0.9784853013319272,0.9784853013319273,1.1102230246251565e-16,False
vit_cifar100_lf_0_01,after_embedding_token_mask,token_mask,adaptive,0.7,0.6570831269860716,0.6570831269860716,0.0,False
vit_cifar10_adaptive_blend_0_01,both_sublayer_inputs_token_mask,token_mask,matched_sigma0.6,0.3,0.8006740258487655,0.8006740258487655,0.0,False
swin_tiny_wanet_0_1_evade_l1,before_attention_norm_token_mask,token_mask,adaptive,0.3,0.9502675486273484,0.9502675486273485,1.1102230246251565e-16,False
vit_tiny_wanet_0_1,before_mlp_residual_token_mask,token_mask,matched_sigma0.6,0.3,0.6251482007115845,0.6251482007115845,0.0,False
vit_tiny_blend_0_05,after_embedding_token_mask,token_mask,matched_sigma0.6,0.5,0.6126506556934797,0.6126506556934797,0.0,False
swin_tiny_lf_0_1_evade_l1,before_attention_norm_token_mask,token_mask,adaptive,0.3,0.9748754930900498,0.9748754930900498,0.0,False
vit_tiny_sig_0_01_evade_l1,before_attention_norm_token_mask,token_mask,matched_sigma0.4,0.3,0.3128563255954261,0.31285632559542614,5.551115123125783e-17,False
vit_cifar100_bpp_0_05,before_attention_token_mask,token_mask,matched_sigma0.2,0.2,0.8372431659981746,0.8372431659981746,0.0,False
vit_tiny_sig_0_05_evade_l1,before_attention_norm_token_mask,token_mask,oracle,0.9,0.5698929497655887,0.5698929497655887,0.0,False
swin_tiny_blend_0_1_evade_l1,before_attention_norm_token_mask,token_mask,matched_sigma0.6,0.3,0.4786132617312931,0.4786132617312931,0.0,False
vit_cifar100_lc_0_01_evade_l1,before_attention_norm_token_mask,token_mask,matched_sigma0.2,0.2,0.1825017468850376,0.1825017468850376,0.0,False
vit_tiny_adaptive_blend_0_05,before_attention_residual_token_mask,token_mask,adaptive,0.5,0.9754672382478612,0.9754672382478611,1.1102230246251565e-16,False
vit_cifar100_lc_0_01,before_mlp_residual_token_mask,token_mask,matched_sigma0.6,0.3,0.7136168920490892,0.7136168920490892,0.0,False
vit_cifar100_benign,after_mlp_residual_token_mask,token_mask,matched_sigma0.6,0.1,0.5028248497838491,0.5028248497838491,0.0,False
vit_cifar100_adaptive_blend_0_05,before_mlp_norm_token_mask,token_mask,matched_sigma0.6,0.4,0.9288508309825376,0.9288508309825375,1.1102230246251565e-16,False
vit_tiny_badnet_a2o_0_01,before_attention_residual_token_mask,token_mask,matched_sigma0.6,0.3,0.9366944448825169,0.9366944448825169,0.0,False
vit_tiny_badnet_a2a_0_05,before_mlp_residual_token_mask,token_mask,matched_sigma0.2,0.1,0.393693765625,0.393693765625,0.0,False
vit_cifar100_badnet_a2a_0_05,before_mlp_norm_token_mask,token_mask,adaptive,0.5,0.6179294453125,0.6179294453125,0.0,False
vit_tiny_badnet_a2o_0_01,before_attention_token_mask,token_mask,matched_sigma0.4,0.2,0.5499428919234447,0.5499428919234447,0.0,False
vit_tiny_blend_0_05,before_attention_norm_token_mask,token_mask,matched_sigma0.4,0.2,0.8645601978767897,0.8645601978767897,0.0,False
swin_tiny_wanet_0_1_evade_l1,before_attention_norm_token_mask,token_mask,matched_sigma0.4,0.2,0.9371689129050488,0.9371689129050488,0.0,False
vit_gtsrb_wanet_0_1,before_mlp_residual_token_mask,token_mask,oracle,0.9,0.9769151915127166,0.9769151915127166,0.0,False
vit_cifar10_wanet_0_05,mlp_neurons_token_mask,token_mask,matched_sigma0.6,0.4,0.7020353202160494,0.7020353202160494,0.0,False
swin_cifar100_adaptive_blend_0_1,before_attention_norm_token_mask,token_mask,adaptive,0.4,0.9879955337207672,0.9879955337207673,1.1102230246251565e-16,False
vit_tiny_adaptive_blend_0_05,mlp_neurons_token_mask,token_mask,adaptive,0.4,0.9579933239647388,0.9579933239647389,1.1102230246251565e-16,False
vit_cifar100_lc_0_05_evade_l1,before_attention_norm_token_mask,token_mask,matched_sigma0.2,0.2,0.1461383564874581,0.14613835648745815,5.551115123125783e-17,False
vit_tiny_adaptive_blend_0_05,before_mlp_token_mask,token_mask,adaptive,0.4,0.9742290559635788,0.9742290559635787,1.1102230246251565e-16,False
vit_tiny_blend_0_05,before_attention_residual_token_mask,token_mask,matched_sigma0.6,0.4,0.9910270678122476,0.9910270678122476,0.0,False
vit_tiny_badnet_a2a_0_1,before_attention_token_mask,token_mask,adaptive,0.4,0.6287193124999999,0.6287193124999999,0.0,False
vit_cifar100_badnet_a2o_0_1,before_attention_norm_token_mask,token_mask,matched_sigma0.2,0.1,0.7843970104022964,0.7843970104022964,0.0,False
swin_cifar100_badnet_a2o_0_05_evade_l1,before_attention_norm_token_mask,token_mask,adaptive,0.4,0.9832283872110856,0.9832283872110856,0.0,False
vit_gtsrb_blend_0_01,after_embedding_token_mask,token_mask,adaptive,0.7,0.6225650589355556,0.6225650589355556,0.0,False
vit_gtsrb_badnet_a2o_0_01,before_mlp_norm_token_mask,token_mask,matched_sigma0.2,0.3,0.3787769780572134,0.37877697805721344,5.551115123125783e-17,False
vit_tiny_badnet_a2a_0_1,before_mlp_norm_token_mask,token_mask,matched_sigma0.8,0.4,0.4363289609374999,0.43632896093749995,5.551115123125783e-17,False
vit_cifar100_badnet_a2o_0_01,before_mlp_token_mask,token_mask,matched_sigma0.2,0.2,0.684282232772481,0.684282232772481,0.0,False
vit_cifar100_blend_0_1_evade_l1,before_attention_norm_token_mask,token_mask,matched_sigma0.2,0.2,0.0002497636567302,0.0002497636567302007,7.047314121155779e-19,False
vit_cifar100_adaptive_blend_0_1,before_mlp_token_mask,token_mask,matched_sigma0.2,0.2,0.7975496919456528,0.7975496919456528,0.0,False
vit_gtsrb_wanet_0_1,before_mlp_norm_token_mask,token_mask,matched_sigma0.6,0.3,0.8831544525624786,0.8831544525624786,0.0,False
vit_tiny_lf_0_05,before_mlp_norm_token_mask,token_mask,oracle,0.2,0.7747770680687764,0.7747770680687764,0.0,False
vit_tiny_lc_0_1,before_mlp_residual_token_mask,token_mask,matched_sigma0.6,0.3,0.655031658748763,0.655031658748763,0.0,False
vit_cifar100_badnet_a2o_0_1_evade_l1,before_attention_norm_token_mask,token_mask,adaptive,0.6,0.0007159854247334,0.0007159854247334909,9.096456227153382e-17,False
vit_cifar100_lc_0_01,after_attention_residual_token_mask,token_mask,matched_sigma0.2,0.05,0.3459437189755811,0.3459437189755811,0.0,False
vit_cifar100_adaptive_blend_0_05,after_mlp_residual_token_mask,token_mask,adaptive,0.2,0.7204005684210275,0.7204005684210275,0.0,False
vit_cifar100_badnet_a2o_0_1,before_mlp_residual_token_mask,token_mask,adaptive,0.4,0.9830814533285394,0.9830814533285394,0.0,False
vit_tiny_adaptive_blend_0_05,before_mlp_residual_token_mask,token_mask,adaptive,0.4,0.9608980997457428,0.9608980997457427,1.1102230246251565e-16,False
vit_tiny_wanet_0_1_evade_l1,before_attention_norm_token_mask,token_mask,adaptive,0.5,0.039386086953584,0.039386086953584094,9.71445146547012e-17,False
vit_gtsrb_lf_0_01,before_attention_token_mask,token_mask,adaptive,0.6,0.9815241974723168,0.9815241974723168,0.0,False
vit_cifar100_adaptive_blend_0_1,before_mlp_norm_token_mask,token_mask,matched_sigma0.8,0.4,0.9604085735641122,0.9604085735641122,0.0,False
vit_cifar10_sig_0_05,before_mlp_token_mask,token_mask,matched_sigma0.8,0.8,0.6159504050925927,0.6159504050925927,0.0,False
vit_tiny_adaptive_blend_0_1,mlp_neurons_token_mask,token_mask,matched_sigma0.4,0.2,0.8709248227988897,0.8709248227988897,0.0,False
vit_cifar100_badnet_a2o_0_05,both_sublayer_inputs_token_mask,token_mask,matched_sigma0.2,0.1,0.8141139372095092,0.8141139372095092,0.0,False
vit_gtsrb_badnet_a2o_0_05,before_attention_token_mask,token_mask,matched_sigma0.2,0.2,0.9686592858653724,0.9686592858653725,1.1102230246251565e-16,False
vit_tiny_lc_0_1,before_mlp_token_mask,token_mask,matched_sigma0.4,0.2,0.5332698451848674,0.5332698451848674,0.0,False
vit_cifar100_badnet_a2a_0_1,mlp_neurons_token_mask,token_mask,matched_sigma0.2,0.2,0.4220588125,0.4220588125,0.0,False
vit_gtsrb_bpp_0_01,after_mlp_residual_token_mask,token_mask,oracle,0.1,0.940951368796227,0.940951368796227,0.0,False
vit_tiny_badnet_a2o_0_05,before_mlp_token_mask,token_mask,matched_sigma0.4,0.2,0.578225625200872,0.578225625200872,0.0,False
vit_tiny_benign,before_attention_token_mask,token_mask,oracle,0.6,0.5028293247017109,0.5028293247017109,0.0,False
vit_tiny_bpp_0_01,before_mlp_norm_token_mask,token_mask,oracle,0.5,0.976712074498023,0.976712074498023,0.0,False
vit_cifar100_lc_0_01,after_attention_residual_token_mask,token_mask,adaptive,0.2,0.5816515256661408,0.5816515256661408,0.0,False
vit_cifar100_bpp_0_05,before_attention_token_mask,token_mask,adaptive,0.4,0.8013123246879651,0.8013123246879651,0.0,False
vit_cifar10_sig_0_05,mlp_neurons_token_mask,token_mask,oracle,0.8,0.8222256655092592,0.8222256655092592,0.0,False
vit_gtsrb_blend_0_01,before_attention_token_mask,token_mask,oracle,0.4,0.9995053894002116,0.9995053894002116,0.0,False
vit_tiny_badnet_a2a_0_1,mlp_neurons_token_mask,token_mask,matched_sigma0.6,0.3,0.384988671875,0.384988671875,0.0,False
swin_cifar100_badnet_a2o_0_01_evade_l1,before_attention_norm_token_mask,token_mask,adaptive,0.5,0.9030523379128126,0.9030523379128126,0.0,False
vit_tiny_badnet_a2a_0_05,before_mlp_norm_token_mask,token_mask,matched_sigma0.2,0.1,0.3602681328125,0.36026813281250003,5.551115123125783e-17,False
vit_tiny_lf_0_05,before_mlp_norm_token_mask,token_mask,matched_sigma0.2,0.1,0.7527624969411885,0.7527624969411885,0.0,False
swin_tiny_bpp_0_01_evade_l1,before_attention_norm_token_mask,token_mask,adaptive,0.4,0.9442457568654128,0.9442457568654128,0.0,False
vit_cifar100_blend_0_1,after_attention_residual_token_mask,token_mask,matched_sigma0.2,0.05,0.9871045844408912,0.9871045844408911,1.1102230246251565e-16,False
vit_gtsrb_adaptive_blend_0_1,before_mlp_norm_token_mask,token_mask,adaptive,0.5,0.9682472310153588,0.9682472310153589,1.1102230246251565e-16,False
vit_tiny_bpp_0_01_evade_l1,before_attention_norm_token_mask,token_mask,adaptive,0.5,0.0647701458920301,0.06477014589203012,1.3877787807814457e-17,False
vit_tiny_badnet_a2o_0_01,before_attention_norm_token_mask,token_mask,matched_sigma0.2,0.1,0.5091025463914421,0.5091025463914421,0.0,False
vit_cifar100_benign,mlp_neurons_token_mask,token_mask,matched_sigma0.2,0.1,0.4857062862720575,0.48570628627205753,5.551115123125783e-17,False
swin_cifar100_lf_0_05_evade_l1,before_attention_norm_token_mask,token_mask,oracle,0.4,0.9264800555810732,0.9264800555810733,1.1102230246251565e-16,False
vit_cifar100_wanet_0_05,mlp_neurons_token_mask,token_mask,matched_sigma0.4,0.2,0.4923706357304733,0.4923706357304733,0.0,False
vit_tiny_lf_0_01,before_attention_token_mask,token_mask,matched_sigma0.2,0.1,0.691690858923752,0.691690858923752,0.0,False
vit_tiny_wanet_0_1,mlp_neurons_token_mask,token_mask,matched_sigma0.6,0.3,0.4872526273732852,0.48725262737328523,5.551115123125783e-17,False
vit_tiny_bpp_0_1,before_attention_norm_token_mask,token_mask,matched_sigma0.2,0.1,0.6260394927319511,0.6260394927319511,0.0,False
vit_cifar10_wanet_0_05,before_mlp_token_mask,token_mask,matched_sigma0.2,0.3,0.2309028452932098,0.23090284529320987,5.551115123125783e-17,False
vit_tiny_bpp_0_01,after_embedding_token_mask,token_mask,adaptive,0.6,0.8440982503605889,0.8440982503605889,0.0,False
vit_gtsrb_benign,after_attention_residual_token_mask,token_mask,matched_sigma0.4,0.1,0.5003398749839179,0.5003398749839179,0.0,False
swin_cifar100_badnet_a2o_0_1,after_embedding_token_mask,token_mask,matched_sigma0.2,0.1,0.8376471503725822,0.8376471503725822,0.0,False
vit_gtsrb_bpp_0_1,before_mlp_residual_token_mask,token_mask,adaptive,0.3,0.9994975158829666,0.9994975158829666,0.0,False
vit_cifar100_wanet_0_05,before_mlp_residual_token_mask,token_mask,matched_sigma0.2,0.1,0.4788317120191677,0.4788317120191677,0.0,False
vit_tiny_lc_0_1,before_mlp_token_mask,token_mask,adaptive,0.4,0.7130529072692422,0.7130529072692422,0.0,False
swin_cifar100_badnet_a2o_0_05,before_attention_norm_token_mask,token_mask,matched_sigma0.4,0.3,0.9899620613682408,0.9899620613682409,1.1102230246251565e-16,False
vit_tiny_badnet_a2a_0_05_evade_l1,before_attention_norm_token_mask,token_mask,matched_sigma0.4,0.3,0.3215587578125,0.3215587578125,0.0,False
vit_tiny_lf_0_01,before_mlp_token_mask,token_mask,matched_sigma0.2,0.1,0.6509846267182762,0.6509846267182762,0.0,False
vit_cifar100_lf_0_05,before_attention_residual_token_mask,token_mask,matched_sigma0.6,0.4,0.940099501613998,0.9400995016139979,1.1102230246251565e-16,False
vit_cifar100_bpp_0_1,before_mlp_norm_token_mask,token_mask,adaptive,0.4,0.9908665308000476,0.9908665308000475,1.1102230246251565e-16,False
vit_gtsrb_wanet_0_05,before_attention_residual_token_mask,token_mask,matched_sigma0.2,0.3,0.1823520178242846,0.18235201782428462,2.7755575615628914e-17,False
vit_gtsrb_lf_0_01,mlp_neurons_token_mask,token_mask,matched_sigma0.4,0.3,0.9288472391444752,0.9288472391444753,1.1102230246251565e-16,False
vit_gtsrb_bpp_0_01,before_attention_residual_token_mask,token_mask,matched_sigma0.6,0.3,0.9341584404051244,0.9341584404051244,0.0,False
vit_tiny_lc_0_1,before_mlp_token_mask,token_mask,matched_sigma0.6,0.3,0.6366446198597185,0.6366446198597185,0.0,False
vit_cifar10_adaptive_blend_0_05,before_attention_token_mask,token_mask,matched_sigma0.2,0.3,0.7952200135030865,0.7952200135030865,0.0,False
vit_tiny_lc_0_05,after_mlp_residual_token_mask,token_mask,adaptive,0.1,0.7581528802255675,0.7581528802255675,0.0,False
swin_cifar100_benign,after_embedding_token_mask,token_mask,matched_sigma0.2,0.1,0.4911221207324027,0.4911221207324027,0.0,False
vit_cifar100_bpp_0_1,before_attention_norm_token_mask,token_mask,matched_sigma0.8,0.4,0.9934604365955556,0.9934604365955555,1.1102230246251565e-16,False
vit_cifar10_wanet_0_05,before_attention_residual_token_mask,token_mask,matched_sigma0.6,0.5,0.2813067708333333,0.28130677083333333,5.551115123125783e-17,False
vit_gtsrb_lc_0_05,both_sublayer_inputs_token_mask,token_mask,adaptive,0.3,0.751490092183962,0.751490092183962,0.0,False
vit_tiny_lc_0_05,after_embedding_token_mask,token_mask,matched_sigma0.2,0.2,0.4702765686582483,0.47027656865824835,5.551115123125783e-17,False
vit_gtsrb_lf_0_01,after_mlp_residual_token_mask,token_mask,matched_sigma0.2,0.05,0.9248501154002028,0.9248501154002029,1.1102230246251565e-16,False
vit_tiny_wanet_0_1,before_attention_residual_token_mask,token_mask,matched_sigma0.8,0.4,0.7467450227585366,0.7467450227585366,0.0,False
vit_cifar100_bpp_0_05,mlp_neurons_token_mask,token_mask,oracle,0.5,0.9912380316925448,0.9912380316925449,1.1102230246251565e-16,False
vit_cifar100_lc_0_1,before_mlp_norm_token_mask,token_mask,matched_sigma0.8,0.4,0.7170385040997427,0.7170385040997427,0.0,False
vit_gtsrb_wanet_0_1,after_mlp_residual_token_mask,token_mask,adaptive,0.2,0.9454291837269968,0.9454291837269967,1.1102230246251565e-16,False
vit_cifar100_adaptive_blend_0_05,before_mlp_norm_token_mask,token_mask,adaptive,0.5,0.9540891236603056,0.9540891236603056,0.0,False
vit_cifar100_badnet_a2a_0_05,after_mlp_residual_token_mask,token_mask,matched_sigma0.2,0.05,0.2550838203125,0.2550838203125,0.0,False
vit_cifar100_blend_0_1,after_mlp_residual_token_mask,token_mask,oracle,0.1,0.9999913324173576,0.9999913324173577,1.1102230246251565e-16,False
vit_gtsrb_wanet_0_1,before_mlp_token_mask,token_mask,adaptive,0.5,0.6970651370630104,0.6970651370630104,0.0,False
vit_gtsrb_lf_0_1,after_mlp_residual_token_mask,token_mask,adaptive,0.2,0.994894180464447,0.994894180464447,0.0,False
vit_gtsrb_badnet_a2o_0_01,after_embedding_token_mask,token_mask,matched_sigma0.2,0.5,0.3334207821031896,0.33342078210318965,5.551115123125783e-17,False
vit_gtsrb_lf_0_05,before_mlp_norm_token_mask,token_mask,adaptive,0.4,0.9698000030099894,0.9698000030099894,0.0,False
vit_cifar100_lc_0_01,after_embedding_token_mask,token_mask,matched_sigma0.2,0.3,0.3123459259368631,0.31234592593686317,5.551115123125783e-17,False
vit_cifar100_lc_0_05,before_mlp_residual_token_mask,token_mask,matched_sigma0.8,0.4,0.7033299798993491,0.7033299798993491,0.0,False
vit_cifar100_lc_0_1,before_mlp_residual_token_mask,token_mask,adaptive,0.4,0.7893664962813596,0.7893664962813596,0.0,False
vit_cifar10_wanet_0_05,after_embedding_token_mask,token_mask,matched_sigma0.6,0.6,0.6571036844135802,0.6571036844135802,0.0,False
vit_cifar100_blend_0_05,after_mlp_residual_token_mask,token_mask,matched_sigma0.2,0.05,0.941651940688514,0.941651940688514,0.0,False
vit_cifar10_adaptive_blend_0_01,before_mlp_residual_token_mask,token_mask,matched_sigma0.2,0.3,0.6401688850308642,0.6401688850308642,0.0,False
vit_tiny_lc_0_05,before_attention_norm_token_mask,token_mask,adaptive,0.5,0.8626493572624153,0.8626493572624153,0.0,False
vit_gtsrb_bpp_0_05,before_attention_token_mask,token_mask,adaptive,0.5,0.9967804240660302,0.9967804240660302,0.0,False
vit_cifar100_badnet_a2a_0_05,after_embedding_token_mask,token_mask,matched_sigma0.4,0.4,0.362961578125,0.362961578125,0.0,False
vit_gtsrb_benign,after_mlp_residual_token_mask,token_mask,oracle,0.05,0.5037359973383401,0.5037359973383401,0.0,False
vit_tiny_blend_0_01,after_mlp_residual_token_mask,token_mask,matched_sigma0.2,0.05,0.9649983792896628,0.9649983792896629,1.1102230246251565e-16,False
vit_cifar10_adaptive_blend_0_05,both_sublayer_inputs_token_mask,token_mask,matched_sigma0.2,0.2,0.858162991898148,0.858162991898148,0.0,False
vit_gtsrb_lf_0_01,after_attention_residual_token_mask,token_mask,matched_sigma0.4,0.1,0.9735841485596326,0.9735841485596326,0.0,False
vit_cifar100_lf_0_05_evade_l1,before_attention_norm_token_mask,token_mask,matched_sigma0.4,0.3,0.021368448482754,0.021368448482754022,2.0816681711721685e-17,False
vit_tiny_blend_0_05,before_attention_token_mask,token_mask,oracle,0.3,0.98156397592442,0.9815639759244201,1.1102230246251565e-16,False
vit_gtsrb_adaptive_blend_0_05,before_mlp_norm_token_mask,token_mask,matched_sigma0.4,0.3,0.9653553623085204,0.9653553623085203,1.1102230246251565e-16,False
