folder,placement,group,bin,confidence_low,confidence_high,n_clean,n_backdoor,clean_share,mean_clean_psu,mean_backdoor_psu,local_auroc,mean_contribution,auroc_deficit_share
vit_tiny_blend_0_1,before_attention_token_mask,inverted,0,0.0,0.1,4,0,0.0005025757004648825,0.08892093598842621,,,0.0,0.00025128785023244125
vit_tiny_blend_0_1,before_attention_token_mask,inverted,1,0.1,0.2,60,0,0.007538635506973238,0.1547265201807022,,,0.0,0.003769317753486619
vit_tiny_blend_0_1,before_attention_token_mask,inverted,2,0.2,0.30000000000000004,152,0,0.019097876617665537,0.25481584668159485,,,0.0,0.009548938308832768
vit_tiny_blend_0_1,before_attention_token_mask,inverted,3,0.30000000000000004,0.4,210,0,0.026385224274406333,0.3509750962257385,,,0.0,0.013192612137203167
vit_tiny_blend_0_1,before_attention_token_mask,inverted,4,0.4,0.5,279,1,0.03505465510742556,0.4480123221874237,0.49470701813697815,,9.006732983241622e-07,0.01752729598092094
vit_tiny_blend_0_1,before_attention_token_mask,inverted,5,0.5,0.6000000000000001,379,2,0.047619047619047616,0.5448836088180542,0.5674872994422913,,0.00019559344543158358,0.02380020983593183
vit_tiny_blend_0_1,before_attention_token_mask,inverted,6,0.6000000000000001,0.7000000000000001,355,0,0.04460359341625832,0.6449528932571411,,,0.00038967313113509567,0.02228441588622277
vit_tiny_blend_0_1,before_attention_token_mask,inverted,7,0.7000000000000001,0.8,405,3,0.05088578967206935,0.7451601624488831,0.7327020168304443,,0.0007588272613191992,0.02540428131161776
vit_tiny_blend_0_1,before_attention_token_mask,inverted,8,0.8,0.9,571,2,0.07174268124136197,0.8484112620353699,0.8494759798049927,,0.0030282166330112582,0.03565408824004908
vit_tiny_blend_0_1,before_attention_token_mask,inverted,9,0.9,1.0,5544,7951,0.6965699208443272,0.9835946559906006,0.9799764156341553,0.7043025571669768,0.7045997778658917,-0.1425180510728111
vit_cifar100_lf_0_05_evade_l1,before_attention_norm_token_mask,inverted,0,0.0,0.1,0,0,0.0,,,,,0.0
vit_cifar100_lf_0_05_evade_l1,before_attention_norm_token_mask,inverted,1,0.1,0.2,17,0,0.002147820593809223,0.14239934086799622,,,0.00025268477574226153,0.0010733675753395303
vit_cifar100_lf_0_05_evade_l1,before_attention_norm_token_mask,inverted,2,0.2,0.30000000000000004,60,0,0.007580543272267846,0.22404631972312927,,,0.0003790271636133923,0.003787398404318787
vit_cifar100_lf_0_05_evade_l1,before_attention_norm_token_mask,inverted,3,0.30000000000000004,0.4,137,2,0.017308907138344914,0.31366467475891113,0.3048381805419922,,0.0008281420752428864,0.008640119334894721
vit_cifar100_lf_0_05_evade_l1,before_attention_norm_token_mask,inverted,4,0.4,0.5,231,6,0.029185091598231207,0.3871053159236908,0.41577813029289246,0.3932178932178932,0.0011261427559595598,0.01455967921963024
vit_cifar100_lf_0_05_evade_l1,before_attention_norm_token_mask,inverted,5,0.5,0.6000000000000001,305,19,0.03853442830069488,0.4438825249671936,0.46710625290870667,0.40362381363244176,0.002109710758779243,0.019185917652378058
vit_cifar100_lf_0_05_evade_l1,before_attention_norm_token_mask,inverted,6,0.6000000000000001,0.7000000000000001,336,25,0.042451042324699935,0.5413809418678284,0.6218029856681824,0.3236904761904762,0.004181707427127515,0.021048003323371464
vit_cifar100_lf_0_05_evade_l1,before_attention_norm_token_mask,inverted,7,0.7000000000000001,0.8,393,26,0.04965255843335439,0.6233408451080322,0.7366653680801392,0.2579761205715404,0.006793555573772863,0.024488961801580198
vit_cifar100_lf_0_05_evade_l1,before_attention_norm_token_mask,inverted,8,0.8,0.9,570,47,0.07201516108654453,0.6876482367515564,0.8277462124824524,0.22702500933184028,0.00930921745298179,0.03533717574880612
vit_cifar100_lf_0_05_evade_l1,before_attention_norm_token_mask,inverted,9,0.9,1.0,5866,7790,0.7411244472520531,0.5663257837295532,0.9864065051078796,0.01993369680677624,0.02705523376464778,0.3505109284569269
vit_tiny_blend_0_01_evade_l1,before_attention_norm_token_mask,inverted,0,0.0,0.1,3,0,0.0003769317753486619,0.0759788379073143,,,0.0028898102776730747,0.00018737662635594682
vit_tiny_blend_0_01_evade_l1,before_attention_norm_token_mask,inverted,1,0.1,0.2,65,1,0.008166855132554341,0.11790654808282852,0.19318126142024994,,0.0034581074158910566,0.004055185703978776
vit_tiny_blend_0_01_evade_l1,before_attention_norm_token_mask,inverted,2,0.2,0.30000000000000004,185,1,0.023244126146500815,0.15142421424388885,0.24667543172836304,,0.0044960150501047605,0.011517557132269207
vit_tiny_blend_0_01_evade_l1,before_attention_norm_token_mask,inverted,3,0.30000000000000004,0.4,260,4,0.032667420530217366,0.23687195777893066,0.3601149916648865,,0.006628683541612302,0.016117168272293102
vit_tiny_blend_0_01_evade_l1,before_attention_norm_token_mask,inverted,4,0.4,0.5,328,15,0.041211207438120366,0.30768340826034546,0.3755386173725128,0.39695121951219514,0.01079120431234467,0.02016088515963701
vit_tiny_blend_0_01_evade_l1,before_attention_norm_token_mask,inverted,5,0.5,0.6000000000000001,419,37,0.052644804623696445,0.3121902346611023,0.3079356849193573,0.5515706637425015,0.024648999151678605,0.025024760567338444
vit_tiny_blend_0_01_evade_l1,before_attention_norm_token_mask,inverted,6,0.6000000000000001,0.7000000000000001,365,58,0.04586003266742053,0.3938682973384857,0.4871527850627899,0.44662257912139824,0.09799090200290188,0.01843615036674718
vit_tiny_blend_0_01_evade_l1,before_attention_norm_token_mask,inverted,7,0.7000000000000001,0.8,464,47,0.058298781253926374,0.460536926984787,0.5478449463844299,0.4613903154805576,0.24365064923248891,0.014944854724981171
vit_tiny_blend_0_01_evade_l1,before_attention_norm_token_mask,inverted,8,0.8,0.9,599,105,0.07526071114461616,0.5124868154525757,0.7003551125526428,0.3676603863582161,0.3469153577359426,0.011521259042112122
vit_tiny_blend_0_01_evade_l1,before_attention_norm_token_mask,inverted,9,0.9,1.0,5271,7691,0.662269129287599,0.28467026352882385,0.7247210144996643,0.1782135471093072,0.18142981594940816,0.2109791984081756
swin_tiny_badnet_a2a_0_01_evade_l1,before_attention_norm_token_mask,inverted,0,0.0,0.1,4,176,0.0005,0.06726077944040298,0.03408712148666382,,0.15546875,0.00017226562499999997
swin_tiny_badnet_a2a_0_01_evade_l1,before_attention_norm_token_mask,inverted,1,0.1,0.2,80,953,0.01,0.09836079925298691,0.07583768665790558,0.6810991605456453,0.2717875,0.002282125
swin_tiny_badnet_a2a_0_01_evade_l1,before_attention_norm_token_mask,inverted,2,0.2,0.30000000000000004,149,1034,0.018625,0.1585199534893036,0.13571445643901825,0.6355717679436086,0.41920134228187916,0.001504875
swin_tiny_badnet_a2a_0_01_evade_l1,before_attention_norm_token_mask,inverted,3,0.30000000000000004,0.4,231,904,0.028875,0.21480517089366913,0.18411390483379364,0.6431684097613302,0.5473552489177489,-0.0013673828125000001
swin_tiny_badnet_a2a_0_01_evade_l1,before_attention_norm_token_mask,inverted,4,0.4,0.5,278,809,0.03475,0.23022767901420593,0.22748327255249023,0.5512756667348444,0.5637338129496403,-0.00221475
swin_tiny_badnet_a2a_0_01_evade_l1,before_attention_norm_token_mask,inverted,5,0.5,0.6000000000000001,350,813,0.04375,0.26619431376457214,0.25535523891448975,0.5656967141099983,0.6093771428571428,-0.0047852500000000004
swin_tiny_badnet_a2a_0_01_evade_l1,before_attention_norm_token_mask,inverted,6,0.6000000000000001,0.7000000000000001,350,740,0.04375,0.32965466380119324,0.29492977261543274,0.5826795366795366,0.6797350000000001,-0.00786340625
swin_tiny_badnet_a2a_0_01_evade_l1,before_attention_norm_token_mask,inverted,7,0.7000000000000001,0.8,386,713,0.04825,0.3527810573577881,0.3229604959487915,0.5579358908210945,0.6723021373056994,-0.008313578125
swin_tiny_badnet_a2a_0_01_evade_l1,before_attention_norm_token_mask,inverted,8,0.8,0.9,549,837,0.068625,0.38484787940979004,0.32495737075805664,0.5705605717357289,0.6933481329690347,-0.013268515625000001
swin_tiny_badnet_a2a_0_01_evade_l1,before_attention_norm_token_mask,inverted,9,0.9,1.0,5623,1021,0.702875,0.1178787425160408,0.25322791934013367,0.21475216435644634,0.24856388938289167,0.17672815625
swin_cifar100_adaptive_blend_0_1_evade_l1,before_attention_norm,inverted,0,0.0,0.1,0,0,0.0,,,,,0.0
swin_cifar100_adaptive_blend_0_1_evade_l1,before_attention_norm,inverted,1,0.1,0.2,10,0,0.0012634238787113076,0.02169398032128811,,,0.00010107391029690461,0.0006315842401638699
swin_cifar100_adaptive_blend_0_1_evade_l1,before_attention_norm,inverted,2,0.2,0.30000000000000004,57,1,0.007201516108654453,0.1313944160938263,0.2720087766647339,,0.0001485077190765923,0.003599688573596037
swin_cifar100_adaptive_blend_0_1_evade_l1,before_attention_norm,inverted,3,0.30000000000000004,0.4,114,0,0.014403032217308907,0.1692103147506714,,,0.00020502931365051923,0.0071985630648444526
swin_cifar100_adaptive_blend_0_1_evade_l1,before_attention_norm,inverted,4,0.4,0.5,168,16,0.021225521162349967,0.23733098804950714,0.4587412476539612,0.07700892857142858,0.0007016514754986013,0.010597867662933195
swin_cifar100_adaptive_blend_0_1_evade_l1,before_attention_norm,inverted,5,0.5,0.6000000000000001,291,102,0.03676563487049905,0.2639385759830475,0.5225655436515808,0.11912943871706759,0.002762600048192457,0.018281248690584458
swin_cifar100_adaptive_blend_0_1_evade_l1,before_attention_norm,inverted,6,0.6000000000000001,0.7000000000000001,241,111,0.030448515476942516,0.30056700110435486,0.6195958256721497,0.10194011438824717,0.006782122289995099,0.015017752182957825
swin_cifar100_adaptive_blend_0_1_evade_l1,before_attention_norm,inverted,7,0.7000000000000001,0.8,338,141,0.0427037271004422,0.3922958970069885,0.7325218915939331,0.06225607453103361,0.012140830645131145,0.020833404831578736
swin_cifar100_adaptive_blend_0_1_evade_l1,before_attention_norm,inverted,8,0.8,0.9,434,258,0.05483259633607075,0.41900166869163513,0.8404726982116699,0.035491015611045625,0.01595320091641898,0.02654154274191714
swin_cifar100_adaptive_blend_0_1_evade_l1,before_attention_norm,inverted,9,0.9,1.0,6262,7286,0.7911560328490208,0.18437884747982025,0.9786912202835083,0.0022462937588597354,0.008046690594109847,0.389211828616511
vit_cifar100_badnet_a2a_0_01_evade_l1,before_mlp_gaussian,inverted,0,0.0,0.1,0,223,0.0,,0.001751576317474246,,,0.0
vit_cifar100_badnet_a2a_0_01_evade_l1,before_mlp_gaussian,inverted,1,0.1,0.2,9,1248,0.001125,-0.01356024481356144,0.010197811760008335,0.4811253561253562,0.41197222222222224,9.903124999999998e-05
vit_cifar100_badnet_a2a_0_01_evade_l1,before_mlp_gaussian,inverted,2,0.2,0.30000000000000004,59,1283,0.007375,0.001369142672047019,0.02102852612733841,0.46465513824854354,0.44946186440677965,0.00037271875
vit_cifar100_badnet_a2a_0_01_evade_l1,before_mlp_gaussian,inverted,3,0.30000000000000004,0.4,97,1081,0.012125,0.026120809838175774,0.027336569502949715,0.5518754112744024,0.5526237113402062,-0.0006380625000000001
vit_cifar100_badnet_a2a_0_01_evade_l1,before_mlp_gaussian,inverted,4,0.4,0.5,185,891,0.023125,0.06321822106838226,0.032223086804151535,0.5916037249370583,0.6020236486486485,-0.0023592968750000003
vit_cifar100_badnet_a2a_0_01_evade_l1,before_mlp_gaussian,inverted,5,0.5,0.6000000000000001,308,850,0.0385,0.07877802103757858,0.041906099766492844,0.5527501909854852,0.5729133522727273,-0.0028071640625
vit_cifar100_badnet_a2a_0_01_evade_l1,before_mlp_gaussian,inverted,6,0.6000000000000001,0.7000000000000001,334,748,0.04175,0.0838315486907959,0.04559097811579704,0.5655800698069103,0.5976425898203593,-0.004076578125
vit_cifar100_badnet_a2a_0_01_evade_l1,before_mlp_gaussian,inverted,7,0.7000000000000001,0.8,372,680,0.0465,0.11292746663093567,0.04453705996274948,0.592433586337761,0.6232163978494624,-0.0057295625
vit_cifar100_badnet_a2a_0_01_evade_l1,before_mlp_gaussian,inverted,8,0.8,0.9,555,570,0.069375,0.11207245290279388,0.04295250400900841,0.5993172119487908,0.6334058558558558,-0.00925503125
vit_cifar100_badnet_a2a_0_01_evade_l1,before_mlp_gaussian,inverted,9,0.9,1.0,6081,426,0.760125,0.020435741171240807,0.019354090094566345,0.34326923002687504,0.39322989639861866,0.081158625
swin_cifar100_wanet_0_1,after_embedding_token_mask,inverted,0,0.0,0.1,0,0,0.0,,,,,0.0
swin_cifar100_wanet_0_1,after_embedding_token_mask,inverted,1,0.1,0.2,2,1,0.00025268477574226153,0.14366655051708221,0.18426743149757385,,0.13562855337965887,9.207111727614433e-05
swin_cifar100_wanet_0_1,after_embedding_token_mask,inverted,2,0.2,0.30000000000000004,14,2,0.0017687934301958306,0.013013343326747417,0.08930344879627228,,0.0997202418554282,0.0007080122064464946
swin_cifar100_wanet_0_1,after_embedding_token_mask,inverted,3,0.30000000000000004,0.4,50,5,0.006317119393556538,0.18119804561138153,0.23520083725452423,0.21200000000000002,0.14121288692356285,0.0022665010301733237
swin_cifar100_wanet_0_1,after_embedding_token_mask,inverted,4,0.4,0.5,98,28,0.012381554011370815,0.11905325949192047,0.2552156448364258,0.30284256559766765,0.12384777031469567,0.004657349148346156
swin_cifar100_wanet_0_1,after_embedding_token_mask,inverted,5,0.5,0.6000000000000001,201,99,0.025394819962097283,0.16116146743297577,0.11873564124107361,0.5064073571536258,0.13938645370745767,0.009157716083992547
swin_cifar100_wanet_0_1,after_embedding_token_mask,inverted,6,0.6000000000000001,0.7000000000000001,212,123,0.026784586228679724,0.1938544362783432,0.23470917344093323,0.43821905200184075,0.14853573940094636,0.009413824794314513
swin_cifar100_wanet_0_1,after_embedding_token_mask,inverted,7,0.7000000000000001,0.8,248,152,0.03133291219204043,0.27533265948295593,0.4630393981933594,0.3268781833616299,0.17861706029792349,0.010069863429704987
swin_cifar100_wanet_0_1,after_embedding_token_mask,inverted,8,0.8,0.9,381,261,0.048136449778900824,0.331022709608078,0.5446603894233704,0.323136332096419,0.20125380726651113,0.014380581103153415
swin_cifar100_wanet_0_1,after_embedding_token_mask,inverted,9,0.9,1.0,6709,7244,0.8476310802274163,0.08870933949947357,0.7447477579116821,0.07778282533191978,0.09988973053328673,0.33914589991815286
vit_cifar100_sig_0_05_evade_l1,before_mlp_gaussian,inverted,0,0.0,0.1,0,0,0.0,,,,,0.0
vit_cifar100_sig_0_05_evade_l1,before_mlp_gaussian,inverted,1,0.1,0.2,13,32,0.0016424510423247,-0.005034747067838907,0.058391183614730835,0.43990384615384615,0.34307789494144514,0.00025773687501720946
vit_cifar100_sig_0_05_evade_l1,before_mlp_gaussian,inverted,2,0.2,0.30000000000000004,44,170,0.0055590650663297535,0.11506827175617218,0.07322646677494049,0.570855614973262,0.46558892781255373,0.00019129338929218327
vit_cifar100_sig_0_05_evade_l1,before_mlp_gaussian,inverted,3,0.30000000000000004,0.4,113,309,0.014276689829437776,0.12463188171386719,0.10831209272146225,0.5436034023541543,0.49199514755784635,0.00011428279544704497
vit_cifar100_sig_0_05_evade_l1,before_mlp_gaussian,inverted,4,0.4,0.5,225,437,0.028427037271004423,0.12175867706537247,0.11928368359804153,0.5151080600050851,0.47390299712220113,0.000741860473468697
vit_cifar100_sig_0_05_evade_l1,before_mlp_gaussian,inverted,5,0.5,0.6000000000000001,337,535,0.04257738471257107,0.17560935020446777,0.15985406935214996,0.5209018552927147,0.5290881791137663,-0.0012384985927150008
vit_cifar100_sig_0_05_evade_l1,before_mlp_gaussian,inverted,6,0.6000000000000001,0.7000000000000001,333,566,0.042072015161086544,0.20994095504283905,0.2232464700937271,0.493309563980942,0.5415368621938427,-0.0017475394959633088
vit_cifar100_sig_0_05_evade_l1,before_mlp_gaussian,inverted,7,0.7000000000000001,0.8,364,627,0.0459886291850916,0.2286480963230133,0.2779041528701782,0.4470923813029076,0.5477983797630038,-0.0021981819625689725
vit_cifar100_sig_0_05_evade_l1,before_mlp_gaussian,inverted,8,0.8,0.9,528,868,0.06670878079595705,0.31599926948547363,0.2988993525505066,0.5156533654517526,0.6314743295239189,-0.008770492228506531
vit_cifar100_sig_0_05_evade_l1,before_mlp_gaussian,inverted,9,0.9,1.0,5958,4371,0.7527479469361971,0.10813991725444794,0.15779976546764374,0.39236433421812067,0.3734199302466179,0.095282887629899
swin_tiny_lf_0_1_evade_l1,before_attention_norm,inverted,0,0.0,0.1,0,0,0.0,,,,,0.0
swin_tiny_lf_0_1_evade_l1,before_attention_norm,inverted,1,0.1,0.2,54,0,0.006784771956275914,0.075833760201931,,,0.0033784255420139324,0.0033694641312641345
swin_tiny_lf_0_1_evade_l1,before_attention_norm,inverted,2,0.2,0.30000000000000004,147,1,0.018469656992084433,0.12242044508457184,0.20140255987644196,,0.003994963986348403,0.009161042881518632
swin_tiny_lf_0_1_evade_l1,before_attention_norm,inverted,3,0.30000000000000004,0.4,232,1,0.029149390626963187,0.17706696689128876,0.307676762342453,,0.006346642924297369,0.014389694539711397
swin_tiny_lf_0_1_evade_l1,before_attention_norm,inverted,4,0.4,0.5,331,6,0.04158813921346903,0.23935498297214508,0.3096303939819336,0.37210473313192344,0.011387287340064963,0.020320493515572118
swin_tiny_lf_0_1_evade_l1,before_attention_norm,inverted,5,0.5,0.6000000000000001,357,12,0.044854881266490766,0.2380416840314865,0.4117549955844879,0.2418300653594771,0.01321513653834445,0.021834677252897478
swin_tiny_lf_0_1_evade_l1,before_attention_norm,inverted,6,0.6000000000000001,0.7000000000000001,357,14,0.044854881266490766,0.30506807565689087,0.3827483654022217,0.3825530212084834,0.019823232723168424,0.02153827188312965
swin_tiny_lf_0_1_evade_l1,before_attention_norm,inverted,7,0.7000000000000001,0.8,368,21,0.046236964442769195,0.36703625321388245,0.4816606640815735,0.34704968944099374,0.04737680749711839,0.020927922457728412
swin_tiny_lf_0_1_evade_l1,before_attention_norm,inverted,8,0.8,0.9,530,42,0.06659128031159693,0.4202156066894531,0.6719105839729309,0.2161275831087152,0.061003681604069916,0.029233326894062436
swin_tiny_lf_0_1_evade_l1,before_attention_norm,inverted,9,0.9,1.0,5583,7862,0.7014700339238598,0.15470807254314423,0.9081588983535767,0.01663527025134857,0.018474990613838425,0.3377753646692977
vit_cifar100_lf_0_1_evade_l1,before_attention_norm_token_mask,inverted,0,0.0,0.1,0,0,0.0,,,,,0.0
vit_cifar100_lf_0_1_evade_l1,before_attention_norm_token_mask,inverted,1,0.1,0.2,18,0,0.002274162981680354,0.14631254971027374,,,0.0,0.001137081490840177
vit_cifar100_lf_0_1_evade_l1,before_attention_norm_token_mask,inverted,2,0.2,0.30000000000000004,70,0,0.008843967150979154,0.23918277025222778,,,0.0,0.004421983575489577
vit_cifar100_lf_0_1_evade_l1,before_attention_norm_token_mask,inverted,3,0.30000000000000004,0.4,146,0,0.018445988629185093,0.32776594161987305,,,5.970975865142482e-05,0.00922189290906341
vit_cifar100_lf_0_1_evade_l1,before_attention_norm_token_mask,inverted,4,0.4,0.5,238,0,0.03006948831332912,0.43063387274742126,,,0.0003201027726314785,0.015025118830083856
vit_cifar100_lf_0_1_evade_l1,before_attention_norm_token_mask,inverted,5,0.5,0.6000000000000001,341,8,0.04308275426405559,0.519220232963562,0.5371814370155334,0.3815982404692082,0.0007628708991984115,0.021508510552542433
vit_cifar100_lf_0_1_evade_l1,before_attention_norm_token_mask,inverted,6,0.6000000000000001,0.7000000000000001,373,9,0.04712571067593178,0.618165135383606,0.6283780932426453,0.33124813821864757,0.0015764007323116423,0.023488566333145642
vit_cifar100_lf_0_1_evade_l1,before_attention_norm_token_mask,inverted,7,0.7000000000000001,0.8,408,14,0.051547694251421354,0.7109541893005371,0.7487708330154419,0.30934873949579833,0.002952943653772312,0.025621629689104343
vit_cifar100_lf_0_1_evade_l1,before_attention_norm_token_mask,inverted,8,0.8,0.9,524,18,0.06620341124447252,0.8173903822898865,0.8606750965118408,0.23982188295165396,0.004874067501555169,0.032779025726997486
vit_cifar100_lf_0_1_evade_l1,before_attention_norm_token_mask,inverted,9,0.9,1.0,5797,7866,0.7324068224889451,0.9292826652526855,0.9979010224342346,0.0071610463709430704,0.012902397617605813,0.3567536072028729
swin_cifar100_wanet_0_01_evade_l1,pre_residual,inverted,0,0.0,0.1,0,0,0.0,,,,,0.0
swin_cifar100_wanet_0_01_evade_l1,pre_residual,inverted,1,0.1,0.2,10,22,0.0012634238787113076,0.061070363968610764,0.05171194300055504,0.5136363636363637,0.4799494630448515,2.5332327170118075e-05
swin_cifar100_wanet_0_01_evade_l1,pre_residual,inverted,2,0.2,0.30000000000000004,49,98,0.006190777005685408,0.08026452362537384,0.06320451945066452,0.5379008746355686,0.5025487642940941,-1.5778831384790026e-05
swin_cifar100_wanet_0_01_evade_l1,pre_residual,inverted,3,0.30000000000000004,0.4,123,183,0.015540113708149084,0.05994270369410515,0.1359827220439911,0.3858900884090808,0.43352387408902515,0.0010330465555337847
swin_cifar100_wanet_0_01_evade_l1,pre_residual,inverted,4,0.4,0.5,204,315,0.025773847125710677,0.1671091914176941,0.19996137917041779,0.4564892623716153,0.5415716002130481,-0.001071460068662259
swin_cifar100_wanet_0_01_evade_l1,pre_residual,inverted,5,0.5,0.6000000000000001,320,473,0.04042956411876184,0.16923682391643524,0.21522635221481323,0.4350290697674418,0.5282126500315856,-0.0011406251434121781
swin_cifar100_wanet_0_01_evade_l1,pre_residual,inverted,6,0.6000000000000001,0.7000000000000001,329,478,0.04156664560960202,0.22710499167442322,0.24573805928230286,0.4785517162442293,0.55567148675037,-0.0023140769603122884
swin_cifar100_wanet_0_01_evade_l1,pre_residual,inverted,7,0.7000000000000001,0.8,400,520,0.05053695514845231,0.26081734895706177,0.3169562816619873,0.4466057692307692,0.5771689829437777,-0.0038998854298813715
swin_cifar100_wanet_0_01_evade_l1,pre_residual,inverted,8,0.8,0.9,541,778,0.06835123183828175,0.2945621609687805,0.29630884528160095,0.5046614619218909,0.5949689573717047,-0.0064912452227532825
swin_cifar100_wanet_0_01_evade_l1,pre_residual,inverted,9,0.9,1.0,5939,5048,0.7503474415666456,0.10856562107801437,0.14597178995609283,0.4690585799793943,0.4301218420120244,0.0524328970676674
vit_cifar100_tact_0_05_evade_l1,before_mlp_gaussian,inverted,0,0.0,0.1,1,0,0.00012634238787113077,0.03980705514550209,,,0.8372710044219835,-4.26116240583681e-05
vit_cifar100_tact_0_05_evade_l1,before_mlp_gaussian,inverted,1,0.1,0.2,28,34,0.0035375868603916612,-0.003142068162560463,0.0012055883416906,0.47373949579831937,0.47381554011370813,9.262980124019862e-05
vit_cifar100_tact_0_05_evade_l1,before_mlp_gaussian,inverted,2,0.2,0.30000000000000004,70,95,0.008843967150979154,0.0038949421141296625,0.01314044650644064,0.5009022556390977,0.5205631260716541,-0.00018185961149915267
vit_cifar100_tact_0_05_evade_l1,before_mlp_gaussian,inverted,3,0.30000000000000004,0.4,147,206,0.018572331017056222,-0.0021488768979907036,0.009407256729900837,0.47942672214516874,0.4780959256728591,0.0004068097190258627
vit_cifar100_tact_0_05_evade_l1,before_mlp_gaussian,inverted,4,0.4,0.5,242,288,0.030574857864813645,0.02139955759048462,0.022525779902935028,0.48787591827364557,0.5324684274549317,-0.0009927175545285526
vit_cifar100_tact_0_05_evade_l1,before_mlp_gaussian,inverted,5,0.5,0.6000000000000001,337,391,0.04257738471257107,0.037436313927173615,0.028412748128175735,0.5261332503585875,0.5813802437245886,-0.003464957945064606
vit_cifar100_tact_0_05_evade_l1,before_mlp_gaussian,inverted,6,0.6000000000000001,0.7000000000000001,340,365,0.04295641187618446,0.04306945204734802,0.05666597560048103,0.47271555197421433,0.5807989298056557,-0.0034708321078866624
vit_cifar100_tact_0_05_evade_l1,before_mlp_gaussian,inverted,7,0.7000000000000001,0.8,375,435,0.047378395451674035,0.041842568665742874,0.04089523106813431,0.5038528735632184,0.5817059591492946,-0.0038710972433336033
vit_cifar100_tact_0_05_evade_l1,before_mlp_gaussian,inverted,8,0.8,0.9,498,632,0.06291850915982312,0.05255046486854553,0.044253889471292496,0.5184694474098928,0.6347875392917215,-0.0084806310255562
vit_cifar100_tact_0_05_evade_l1,before_mlp_gaussian,inverted,9,0.9,1.0,5877,5469,0.7425142135186356,0.005242415238171816,0.005832120776176453,0.46827262470577974,0.4453011412843047,0.040614680059651485
vit_cifar100_blend_0_05,final_norm_out_gain_scale,inverted,0,0.0,0.1,1,0,0.00012634238787113077,-0.06050455570220947,,,0.0,6.317119393556538e-05
vit_cifar100_blend_0_05,final_norm_out_gain_scale,inverted,1,0.1,0.2,18,0,0.002274162981680354,-0.1353902369737625,,,0.0,0.001137081490840177
vit_cifar100_blend_0_05,final_norm_out_gain_scale,inverted,2,0.2,0.30000000000000004,45,0,0.005685407454200884,-0.15561756491661072,,,0.0,0.002842703727100442
vit_cifar100_blend_0_05,final_norm_out_gain_scale,inverted,3,0.30000000000000004,0.4,105,0,0.013265950726468731,-0.18314185738563538,,,0.0,0.0066329753632343655
vit_cifar100_blend_0_05,final_norm_out_gain_scale,inverted,4,0.4,0.5,153,0,0.019330385344283007,-0.14929895102977753,,,0.0065409023158642275,0.009538754509876533
vit_cifar100_blend_0_05,final_norm_out_gain_scale,inverted,5,0.5,0.6000000000000001,291,0,0.03676563487049905,-0.11191584914922714,,,0.0171925505749447,0.01775072239831852
vit_cifar100_blend_0_05,final_norm_out_gain_scale,inverted,6,0.6000000000000001,0.7000000000000001,285,0,0.036007580543272265,-0.1388775259256363,,,0.0,0.018003790271636132
vit_cifar100_blend_0_05,final_norm_out_gain_scale,inverted,7,0.7000000000000001,0.8,278,0,0.03512318382817435,-0.13502657413482666,,,0.0,0.017561591914087175
vit_cifar100_blend_0_05,final_norm_out_gain_scale,inverted,8,0.8,0.9,452,0,0.0571067593177511,-0.1008484736084938,,,0.0,0.02855337965887555
vit_cifar100_blend_0_05,final_norm_out_gain_scale,inverted,9,0.9,1.0,6287,7915,0.7943145925457992,-0.008318482898175716,-0.00027229724219068885,0.05332252647397527,0.053322526473975264,0.35480243538321127
swin_cifar100_sig_0_05_evade_l1,before_attention_norm,inverted,0,0.0,0.1,0,1,0.0,,0.08238644897937775,,,0.0
swin_cifar100_sig_0_05_evade_l1,before_attention_norm,inverted,1,0.1,0.2,15,60,0.0018951358180669614,0.13169555366039276,0.14301912486553192,0.5744444444444444,0.09553169088229099,0.0007665223798819501
swin_cifar100_sig_0_05_evade_l1,before_attention_norm,inverted,2,0.2,0.30000000000000004,57,211,0.007201516108654453,0.17490914463996887,0.2054249793291092,0.4316122058701256,0.11993882368587293,0.0027370166835003467
swin_cifar100_sig_0_05_evade_l1,before_attention_norm,inverted,3,0.30000000000000004,0.4,91,379,0.0114971572962729,0.25911420583724976,0.3018282651901245,0.4480269071298095,0.1793811999750092,0.0036862047760295846
swin_cifar100_sig_0_05_evade_l1,before_attention_norm,inverted,4,0.4,0.5,180,443,0.022741629816803537,0.2964469790458679,0.36949706077575684,0.4086907449209932,0.21892398399663088,0.0063921267063305675
swin_cifar100_sig_0_05_evade_l1,before_attention_norm,inverted,5,0.5,0.6000000000000001,267,535,0.033733417561591914,0.3484073579311371,0.4579756259918213,0.3717666001610137,0.26260927788464034,0.008008000354365257
swin_cifar100_sig_0_05_evade_l1,before_attention_norm,inverted,6,0.6000000000000001,0.7000000000000001,271,473,0.03423878711307644,0.4287808835506439,0.5429664850234985,0.3714065047627221,0.32462114766441413,0.006004759189253794
swin_cifar100_sig_0_05_evade_l1,before_attention_norm,inverted,7,0.7000000000000001,0.8,350,635,0.04421983575489577,0.5101882815361023,0.6393800973892212,0.352458942632171,0.38543669343922027,0.0050659705996554515
swin_cifar100_sig_0_05_evade_l1,before_attention_norm,inverted,8,0.8,0.9,473,766,0.05975994946304485,0.582760214805603,0.728578507900238,0.33653310075679377,0.45283729477709117,0.0028184408806615135
swin_cifar100_sig_0_05_evade_l1,before_attention_norm,inverted,9,0.9,1.0,6211,4412,0.7847125710675932,0.4153529703617096,0.6936480402946472,0.29436457748389844,0.348753719101063,0.11868485794861623
swin_cifar10_badnet_a2a_0_01,before_attention,inverted,0,0.0,0.1,0,0,0.0,,,,,0.0
swin_cifar10_badnet_a2a_0_01,before_attention,inverted,1,0.1,0.2,0,0,0.0,,,,,0.0
swin_cifar10_badnet_a2a_0_01,before_attention,inverted,2,0.2,0.30000000000000004,0,8,0.0,,0.0681261271238327,,,0.0
swin_cifar10_badnet_a2a_0_01,before_attention,inverted,3,0.30000000000000004,0.4,4,53,0.0005,-0.04402719438076019,0.16807734966278076,,0.07668749999999999,0.00021165625000000004
swin_cifar10_badnet_a2a_0_01,before_attention,inverted,4,0.4,0.5,22,152,0.00275,0.2046896368265152,0.24971504509449005,0.5038875598086124,0.21519886363636365,0.000783203125
swin_cifar10_badnet_a2a_0_01,before_attention,inverted,5,0.5,0.6000000000000001,64,272,0.008,0.15882834792137146,0.3097825348377228,0.4176815257352941,0.2225625,0.0022195
swin_cifar10_badnet_a2a_0_01,before_attention,inverted,6,0.6000000000000001,0.7000000000000001,71,307,0.008875,0.29563844203948975,0.39904895424842834,0.42047070697802447,0.29483098591549295,0.001820875
swin_cifar10_badnet_a2a_0_01,before_attention,inverted,7,0.7000000000000001,0.8,60,331,0.0075,0.3296016454696655,0.5039432644844055,0.3488922457200403,0.3211604166666667,0.0013412968749999998
swin_cifar10_badnet_a2a_0_01,before_attention,inverted,8,0.8,0.9,115,570,0.014375,0.4507034718990326,0.5952692627906799,0.3797864225781846,0.42262934782608697,0.001112203125
swin_cifar10_badnet_a2a_0_01,before_attention,inverted,9,0.9,1.0,7664,6307,0.958,0.23034949600696564,0.5713238716125488,0.19386555780385184,0.21119338791753653,0.276676734375
vit_cifar100_badnet_a2o_0_01,before_attention_channel_mask,inverted,0,0.0,0.1,0,0,0.0,,,,,0.0
vit_cifar100_badnet_a2o_0_01,before_attention_channel_mask,inverted,1,0.1,0.2,12,0,0.0015161086544535692,0.14471779763698578,,,0.0423246999368288,0.000693885483355408
vit_cifar100_badnet_a2o_0_01,before_attention_channel_mask,inverted,2,0.2,0.30000000000000004,52,0,0.0065698041692988,0.2056526094675064,,,0.04252879148646679,0.0030054962530263714
vit_cifar100_badnet_a2o_0_01,before_attention_channel_mask,inverted,3,0.30000000000000004,0.4,103,0,0.01301326595072647,0.31263503432273865,,,0.1165232537458065,0.00499028488492507
vit_cifar100_badnet_a2o_0_01,before_attention_channel_mask,inverted,4,0.4,0.5,191,0,0.024131396083385975,0.3655884563922882,,,0.19329790013659534,0.007401149851410019
vit_cifar100_badnet_a2o_0_01,before_attention_channel_mask,inverted,5,0.5,0.6000000000000001,257,0,0.03246999368288061,0.4427667260169983,,,0.21299114374273345,0.009319175749604232
vit_cifar100_badnet_a2o_0_01,before_attention_channel_mask,inverted,6,0.6000000000000001,0.7000000000000001,264,0,0.03335439039797852,0.5229112505912781,,,0.27029278891249836,0.007661743995843391
vit_cifar100_badnet_a2o_0_01,before_attention_channel_mask,inverted,7,0.7000000000000001,0.8,309,0,0.039039797852179405,0.617426335811615,,,0.48149002242679606,0.0007226257827062572
vit_cifar100_badnet_a2o_0_01,before_attention_channel_mask,inverted,8,0.8,0.9,447,1,0.056475047378395454,0.6975744962692261,0.8912999629974365,,0.5483728824577693,-0.002731860828632075
vit_cifar100_badnet_a2o_0_01,before_attention_channel_mask,inverted,9,0.9,1.0,6280,7914,0.7934301958307012,0.6728520393371582,0.6666106581687927,0.48150591590489483,0.48148244082227165,0.014692390604691588
vit_cifar100_adaptive_blend_0_01,before_mlp_residual_channel_mask,inverted,0,0.0,0.1,0,0,0.0,,,,,0.0
vit_cifar100_adaptive_blend_0_01,before_mlp_residual_channel_mask,inverted,1,0.1,0.2,8,0,0.0010107391029690461,0.11847516149282455,,,0.28226468730259,0.00022007359464046493
vit_cifar100_adaptive_blend_0_01,before_mlp_residual_channel_mask,inverted,2,0.2,0.30000000000000004,41,1,0.005180037902716361,0.15307465195655823,0.02275843918323517,,0.3488436589988136,0.0007829955756220648
vit_cifar100_adaptive_blend_0_01,before_mlp_residual_channel_mask,inverted,3,0.30000000000000004,0.4,93,23,0.011749842072015161,0.22434355318546295,0.050490602850914,0.6629266012155213,0.45450926850474466,0.0005345089108096967
vit_cifar100_adaptive_blend_0_01,before_mlp_residual_channel_mask,inverted,4,0.4,0.5,130,140,0.016424510423247,0.27849888801574707,0.1413201242685318,0.6336813186813187,0.5236950289129696,-0.00038917924936020704
vit_cifar100_adaptive_blend_0_01,before_mlp_residual_channel_mask,inverted,5,0.5,0.6000000000000001,238,499,0.03006948831332912,0.29630377888679504,0.1712421178817749,0.6102709620922517,0.5260360872080986,-0.0007828918200287402
vit_cifar100_adaptive_blend_0_01,before_mlp_residual_channel_mask,inverted,6,0.6000000000000001,0.7000000000000001,220,568,0.027795325331648767,0.3937597870826721,0.2679343521595001,0.6036491677336747,0.6264601160052833,-0.0035150000658448954
vit_cifar100_adaptive_blend_0_01,before_mlp_residual_channel_mask,inverted,7,0.7000000000000001,0.8,305,674,0.03853442830069488,0.44100990891456604,0.30649542808532715,0.6224108576154107,0.6504139266592794,-0.005796114672277983
vit_cifar100_adaptive_blend_0_01,before_mlp_residual_channel_mask,inverted,8,0.8,0.9,414,1094,0.052305748578648135,0.5510022640228271,0.35854896903038025,0.6854206961114202,0.7499629212557335,-0.013074497713186818
vit_cifar100_adaptive_blend_0_01,before_mlp_residual_channel_mask,inverted,9,0.9,1.0,6466,4916,0.8169298799747315,0.30338582396507263,0.3164084553718567,0.4451902855696077,0.4669739024615663,0.026980005898106424
vit_cifar10_wanet_0_1,pre_residual,inverted,0,0.0,0.1,0,0,0.0,,,,,0.0
vit_cifar10_wanet_0_1,pre_residual,inverted,1,0.1,0.2,0,0,0.0,,,,,0.0
vit_cifar10_wanet_0_1,pre_residual,inverted,2,0.2,0.30000000000000004,2,0,0.0002777777777777778,0.14465194940567017,,,0.38666666666666666,3.148148148148148e-05
vit_cifar10_wanet_0_1,pre_residual,inverted,3,0.30000000000000004,0.4,8,0,0.0011111111111111111,0.12356537580490112,,,0.3286111111111111,0.00019043209876543207
vit_cifar10_wanet_0_1,pre_residual,inverted,4,0.4,0.5,40,6,0.005555555555555556,0.10565225034952164,0.21075166761875153,0.3958333333333333,0.3445347222222222,0.000863695987654321
vit_cifar10_wanet_0_1,pre_residual,inverted,5,0.5,0.6000000000000001,103,74,0.014305555555555556,0.20328299701213837,0.12420471012592316,0.5393597480976122,0.4396615426105718,0.0008631751543209877
vit_cifar10_wanet_0_1,pre_residual,inverted,6,0.6000000000000001,0.7000000000000001,125,86,0.017361111111111112,0.24969422817230225,0.23211324214935303,0.48418604651162794,0.46970555555555565,0.0005259452160493828
vit_cifar10_wanet_0_1,pre_residual,inverted,7,0.7000000000000001,0.8,161,109,0.02236111111111111,0.29467225074768066,0.36732879281044006,0.41141945409994873,0.5030909247757074,-6.911651234567902e-05
vit_cifar10_wanet_0_1,pre_residual,inverted,8,0.8,0.9,216,199,0.03,0.3713069260120392,0.49283328652381897,0.3766285129350456,0.5656433256172839,-0.0019692997685185187
vit_cifar10_wanet_0_1,pre_residual,inverted,9,0.9,1.0,6545,6726,0.9090277777777778,0.1561843603849411,0.30151090025901794,0.3093156052462344,0.30982954545454544,0.17287022569444446
swin_tiny_tact_0_01_evade_l1,pre_residual,inverted,0,0.0,0.1,1,3,0.00012564392511622062,0.07726515084505081,0.07694775611162186,,0.2613393642417389,2.9986259047400562e-05
swin_tiny_tact_0_01_evade_l1,pre_residual,inverted,1,0.1,0.2,61,65,0.007664279432089458,0.09707630425691605,0.09516028314828873,0.49281210592686003,0.2752364062541838,0.0017226509886285697
swin_tiny_tact_0_01_evade_l1,pre_residual,inverted,2,0.2,0.30000000000000004,141,126,0.017715793441387108,0.16039128601551056,0.13348133862018585,0.5528537656197231,0.32002755255435883,0.003188354704087876
swin_tiny_tact_0_01_evade_l1,pre_residual,inverted,3,0.30000000000000004,0.4,188,242,0.02362105792184948,0.23541045188903809,0.2596035599708557,0.4832512748373483,0.379595693888626,0.0028440770886968597
swin_tiny_tact_0_01_evade_l1,pre_residual,inverted,4,0.4,0.5,306,311,0.038447041085563516,0.3124941289424896,0.30339446663856506,0.4976987579597756,0.43908733238238123,0.002341911834525861
swin_tiny_tact_0_01_evade_l1,pre_residual,inverted,5,0.5,0.6000000000000001,385,383,0.048372911169744945,0.35662683844566345,0.35812506079673767,0.5005798379166525,0.4720115918758964,0.0013538807799698294
swin_tiny_tact_0_01_evade_l1,pre_residual,inverted,6,0.6000000000000001,0.7000000000000001,374,348,0.046990827993466516,0.444810152053833,0.4249001443386078,0.5199535927223553,0.5381032000231131,-0.0017905009182867574
swin_tiny_tact_0_01_evade_l1,pre_residual,inverted,7,0.7000000000000001,0.8,408,420,0.051262721447418017,0.5149713158607483,0.5152925848960876,0.4866013071895425,0.5862776509020495,-0.004422827185329336
swin_tiny_tact_0_01_evade_l1,pre_residual,inverted,8,0.8,0.9,571,587,0.07174268124136197,0.5910347104072571,0.5891709327697754,0.5043902177058689,0.6419087622665108,-0.010180915096642502
swin_tiny_tact_0_01_evade_l1,pre_residual,inverted,9,0.9,1.0,5524,5474,0.6940570423420027,0.4068131446838379,0.4122060537338257,0.49619958095633176,0.49021966442973175,0.0067881107790127
vit_gtsrb_badnet_a2o_0_01,attention_norm_out_gain_scale,inverted,0,0.0,0.1,0,0,0.0,,,,,0.0
vit_gtsrb_badnet_a2o_0_01,attention_norm_out_gain_scale,inverted,1,0.1,0.2,0,0,0.0,,,,,0.0
vit_gtsrb_badnet_a2o_0_01,attention_norm_out_gain_scale,inverted,2,0.2,0.30000000000000004,2,0,0.00018907165815844205,0.2803526520729065,,,0.0,9.453582907922102e-05
vit_gtsrb_badnet_a2o_0_01,attention_norm_out_gain_scale,inverted,3,0.30000000000000004,0.4,8,0,0.0007562866326337682,0.34470701217651367,,,0.0,0.0003781433163168841
vit_gtsrb_badnet_a2o_0_01,attention_norm_out_gain_scale,inverted,4,0.4,0.5,11,0,0.0010398941198714313,0.43594110012054443,,,0.0,0.0005199470599357157
vit_gtsrb_badnet_a2o_0_01,attention_norm_out_gain_scale,inverted,5,0.5,0.6000000000000001,17,0,0.0016071090943467574,0.5168970823287964,,,0.0,0.0008035545471733787
vit_gtsrb_badnet_a2o_0_01,attention_norm_out_gain_scale,inverted,6,0.6000000000000001,0.7000000000000001,23,0,0.0021743240688220835,0.625515878200531,,,0.0,0.0010871620344110417
vit_gtsrb_badnet_a2o_0_01,attention_norm_out_gain_scale,inverted,7,0.7000000000000001,0.8,29,0,0.00274153904329741,0.7131175994873047,,,0.0,0.001370769521648705
vit_gtsrb_badnet_a2o_0_01,attention_norm_out_gain_scale,inverted,8,0.8,0.9,50,0,0.004726791453961051,0.8298937082290649,,,0.0,0.0023633957269805256
vit_gtsrb_badnet_a2o_0_01,attention_norm_out_gain_scale,inverted,9,0.9,1.0,10438,10578,0.9867649839289091,0.9704071283340454,0.9906935691833496,0.14238166383856185,0.14238166383856185,0.3528852517350247
swin_cifar100_tact_0_05_evade_l1,before_attention_norm,inverted,0,0.0,0.1,0,0,0.0,,,,,0.0
swin_cifar100_tact_0_05_evade_l1,before_attention_norm,inverted,1,0.1,0.2,7,20,0.0008843967150979153,0.15925468504428864,0.14603736996650696,0.6571428571428571,0.017597689739193213,0.0004266350185503029
swin_cifar100_tact_0_05_evade_l1,before_attention_norm,inverted,2,0.2,0.30000000000000004,45,73,0.005685407454200884,0.231746107339859,0.2348783314228058,0.5153729071537291,0.03250368498631291,0.0026579070341902615
swin_cifar100_tact_0_05_evade_l1,before_attention_norm,inverted,3,0.30000000000000004,0.4,115,175,0.014529374605180037,0.3224417567253113,0.32882019877433777,0.4679254658385093,0.05978521794061907,0.006396045475278434
swin_cifar100_tact_0_05_evade_l1,before_attention_norm,inverted,4,0.4,0.5,185,260,0.02337334175615919,0.40205472707748413,0.41422343254089355,0.5038045738045737,0.10019770876372265,0.009344715587961
swin_cifar100_tact_0_05_evade_l1,before_attention_norm,inverted,5,0.5,0.6000000000000001,294,322,0.037144662034112444,0.48735150694847107,0.5079177021980286,0.4609477331305193,0.14657951620319637,0.013127684426564784
swin_cifar100_tact_0_05_evade_l1,before_attention_norm,inverted,6,0.6000000000000001,0.7000000000000001,289,315,0.03651295009475679,0.5747327208518982,0.5918497443199158,0.4823749107486133,0.2016004826366651,0.01089544668578696
swin_cifar100_tact_0_05_evade_l1,before_attention_norm,inverted,7,0.7000000000000001,0.8,297,389,0.037523689197725835,0.6822843551635742,0.7076106071472168,0.43977045519461977,0.27624401522064185,0.008396150028991708
swin_cifar100_tact_0_05_evade_l1,before_attention_norm,inverted,8,0.8,0.9,445,576,0.05622236260265319,0.7711882591247559,0.7955094575881958,0.44170568039950064,0.37470270500472014,0.0070445099523562295
swin_cifar100_tact_0_05_evade_l1,before_attention_norm,inverted,9,0.9,1.0,6238,5785,0.7881238155401137,0.7883662581443787,0.8470245599746704,0.44435371574615995,0.5365286466883125,-0.028789096404509537
vit_tiny_wanet_0_05,before_mlp_residual_token_mask,inverted,0,0.0,0.1,2,0,0.00025128785023244125,0.060402825474739075,,,0.6032164844829753,-2.5937048494276987e-05
vit_tiny_wanet_0_05,before_mlp_residual_token_mask,inverted,1,0.1,0.2,48,1,0.00603090840557859,0.039464522153139114,0.06739503145217896,,0.503957783641161,-2.3869030628939012e-05
vit_tiny_wanet_0_05,before_mlp_residual_token_mask,inverted,2,0.2,0.30000000000000004,111,6,0.01394647568790049,0.07611599564552307,0.13431678712368011,0.4339339339339339,0.493310875896628,9.328970668102847e-05
vit_tiny_wanet_0_05,before_mlp_residual_token_mask,inverted,3,0.30000000000000004,0.4,189,15,0.023746701846965697,0.12338101118803024,0.1329202651977539,0.4444444444444444,0.5246896960680099,-0.0005862988512192332
vit_tiny_wanet_0_05,before_mlp_residual_token_mask,inverted,4,0.4,0.5,261,22,0.03279306445533359,0.15394674241542816,0.2478320598602295,0.37948450017415536,0.5481933510775291,-0.00158040766820393
vit_tiny_wanet_0_05,before_mlp_residual_token_mask,inverted,5,0.5,0.6000000000000001,377,92,0.04736775976881518,0.17894220352172852,0.1702173352241516,0.48091338945911655,0.5559827004645492,-0.002651775106814307
vit_tiny_wanet_0_05,before_mlp_residual_token_mask,inverted,6,0.6000000000000001,0.7000000000000001,370,100,0.04648825229300163,0.2049962878227234,0.21880395710468292,0.47664864864864864,0.5492965638084372,-0.0022917110955046798
vit_tiny_wanet_0_05,before_mlp_residual_token_mask,inverted,7,0.7000000000000001,0.8,382,140,0.04799597939439628,0.2770308256149292,0.31060314178466797,0.46411742707554227,0.5964389485642715,-0.004628681788108016
vit_tiny_wanet_0_05,before_mlp_residual_token_mask,inverted,8,0.8,0.9,553,213,0.06948109058927,0.31948110461235046,0.37534773349761963,0.4535652734975252,0.641080065171254,-0.009802396788504017
vit_tiny_wanet_0_05,before_mlp_residual_token_mask,inverted,9,0.9,1.0,5666,7370,0.7118984797085061,0.09622249752283096,0.1641460508108139,0.3740959547798982,0.37159893802720945,0.09140852081138728
vit_tiny_badnet_a2o_0_1_evade_l1,before_attention_norm_token_mask,inverted,0,0.0,0.1,2,0,0.00025128785023244125,0.07674282044172287,,,0.0,0.00012564392511622062
vit_tiny_badnet_a2o_0_1_evade_l1,before_attention_norm_token_mask,inverted,1,0.1,0.2,57,0,0.007161703731624576,0.1367184966802597,,,0.0,0.003580851865812288
vit_tiny_badnet_a2o_0_1_evade_l1,before_attention_norm_token_mask,inverted,2,0.2,0.30000000000000004,168,0,0.021108179419525065,0.21415193378925323,,,0.0,0.010554089709762533
vit_tiny_badnet_a2o_0_1_evade_l1,before_attention_norm_token_mask,inverted,3,0.30000000000000004,0.4,236,0,0.02965196632742807,0.2841666042804718,,,0.0,0.014825983163714035
vit_tiny_badnet_a2o_0_1_evade_l1,before_attention_norm_token_mask,inverted,4,0.4,0.5,354,0,0.0444779494911421,0.38036125898361206,,,0.0,0.02223897474557105
vit_tiny_badnet_a2o_0_1_evade_l1,before_attention_norm_token_mask,inverted,5,0.5,0.6000000000000001,470,0,0.059052644804623695,0.43802517652511597,,,0.0,0.029526322402311848
vit_tiny_badnet_a2o_0_1_evade_l1,before_attention_norm_token_mask,inverted,6,0.6000000000000001,0.7000000000000001,427,0,0.05364995602462621,0.5195824503898621,,,7.503325738790693e-05,0.026820952481353858
vit_tiny_badnet_a2o_0_1_evade_l1,before_attention_norm_token_mask,inverted,7,0.7000000000000001,0.8,471,0,0.05917828872973992,0.6223793625831604,,,0.0006226176671364311,0.02955229891679592
vit_tiny_badnet_a2o_0_1_evade_l1,before_attention_norm_token_mask,inverted,8,0.8,0.9,628,1,0.07890438497298656,0.705565333366394,0.8072167634963989,,0.0016733850154013847,0.03932015507103002
vit_tiny_badnet_a2o_0_1_evade_l1,before_attention_norm_token_mask,inverted,9,0.9,1.0,5146,7958,0.6465636386480713,0.5822921991348267,0.9968793392181396,0.008126601209009564,0.008181101776609008,0.3179922163912012
vit_cifar100_bpp_0_05,final_norm_out_gain_scale,inverted,0,0.0,0.1,1,0,0.00012634238787113077,-0.02898027002811432,,,0.013265950726468731,6.149514204340256e-05
vit_cifar100_bpp_0_05,final_norm_out_gain_scale,inverted,1,0.1,0.2,17,0,0.002147820593809223,-0.06385738402605057,,,0.004607781204711829,0.0010640136095413644
vit_cifar100_bpp_0_05,final_norm_out_gain_scale,inverted,2,0.2,0.30000000000000004,41,0,0.005180037902716361,-0.07901055365800858,,,0.002807266228063417,0.002575477205893797
vit_cifar100_bpp_0_05,final_norm_out_gain_scale,inverted,3,0.30000000000000004,0.4,85,1,0.010739102969046115,-0.08400125801563263,-0.016683727502822876,,0.0036698747723979044,0.005330140321458772
vit_cifar100_bpp_0_05,final_norm_out_gain_scale,inverted,4,0.4,0.5,144,1,0.01819330385344283,-0.0777246430516243,-0.02232465147972107,,0.026566996560679443,0.008613310485819602
vit_cifar100_bpp_0_05,final_norm_out_gain_scale,inverted,5,0.5,0.6000000000000001,279,22,0.03524952621604548,-0.06619851291179657,-0.04221028462052345,0.3853046594982079,0.030547913878869806,0.01654796361690402
vit_cifar100_bpp_0_05,final_norm_out_gain_scale,inverted,6,0.6000000000000001,0.7000000000000001,220,13,0.027795325331648767,-0.07591612637042999,-0.05682933330535889,0.38041958041958035,0.005076666858094527,0.013756555058903249
vit_cifar100_bpp_0_05,final_norm_out_gain_scale,inverted,7,0.7000000000000001,0.8,283,19,0.03575489576753001,-0.07952059805393219,-0.06856708973646164,0.38199739631764923,0.0032197219128148238,0.017762327062371873
vit_cifar100_bpp_0_05,final_norm_out_gain_scale,inverted,8,0.8,0.9,394,32,0.04977890082122552,-0.06428485363721848,-0.05933557450771332,0.44281408629441626,0.004925429131219717,0.0246442679623878
vit_cifar100_bpp_0_05,final_norm_out_gain_scale,inverted,9,0.9,1.0,6451,7827,0.8150347441566645,-0.005645988509058952,-0.00048248909297399223,0.05247638649601698,0.06264250852409627,0.3564615511700638
vit_cifar100_blend_0_05_evade_l1,before_attention_norm_token_mask,inverted,0,0.0,0.1,0,0,0.0,,,,,0.0
vit_cifar100_blend_0_05_evade_l1,before_attention_norm_token_mask,inverted,1,0.1,0.2,26,0,0.0032849020846494,0.07432781159877777,,,0.0,0.0016424510423247
vit_cifar100_blend_0_05_evade_l1,before_attention_norm_token_mask,inverted,2,0.2,0.30000000000000004,78,0,0.009854706253948199,0.13110040128231049,,,0.00014739945251631925,0.004925900548667558
vit_cifar100_blend_0_05_evade_l1,before_attention_norm_token_mask,inverted,3,0.30000000000000004,0.4,151,0,0.019077700568540745,0.1788746863603592,,,0.0904318650562893,0.007813618240871801
vit_cifar100_blend_0_05_evade_l1,before_attention_norm_token_mask,inverted,4,0.4,0.5,241,0,0.030448515476942516,0.20933561027050018,,,0.3594713540915799,0.004278888649896305
vit_cifar100_blend_0_05_evade_l1,before_attention_norm_token_mask,inverted,5,0.5,0.6000000000000001,291,0,0.03676563487049905,0.22239433228969574,,,0.4103396699902096,0.0032964189555084043
vit_cifar100_blend_0_05_evade_l1,before_attention_norm_token_mask,inverted,6,0.6000000000000001,0.7000000000000001,311,0,0.03929248262792167,0.29897961020469666,,,0.4843654341851627,0.0006143209056745931
vit_cifar100_blend_0_05_evade_l1,before_attention_norm_token_mask,inverted,7,0.7000000000000001,0.8,359,0,0.04535691724573594,0.3747478723526001,,,0.584057983765531,-0.003812611013496607
vit_cifar100_blend_0_05_evade_l1,before_attention_norm_token_mask,inverted,8,0.8,0.9,520,0,0.065698041692988,0.382941871881485,,,0.5439146702949609,-0.002885107839972162
vit_cifar100_blend_0_05_evade_l1,before_attention_norm_token_mask,inverted,9,0.9,1.0,5938,7915,0.7502210991787744,0.1409638226032257,0.3589513301849365,0.1635391890129357,0.16353918901293574,0.2524199994492972
vit_gtsrb_lf_0_1,after_embedding_token_mask,inverted,0,0.0,0.1,0,0,0.0,,,,,0.0
vit_gtsrb_lf_0_1,after_embedding_token_mask,inverted,1,0.1,0.2,0,0,0.0,,,,,0.0
vit_gtsrb_lf_0_1,after_embedding_token_mask,inverted,2,0.2,0.30000000000000004,1,0,9.453582907922102e-05,0.151741623878479,,,0.00274153904329741,4.700874087319933e-05
vit_gtsrb_lf_0_1,after_embedding_token_mask,inverted,3,0.30000000000000004,0.4,13,0,0.0012289657780298732,0.34689679741859436,,,0.015307532323981559,0.0005956704556426773
vit_gtsrb_lf_0_1,after_embedding_token_mask,inverted,4,0.4,0.5,20,0,0.0018907165815844206,0.4319179654121399,,,0.029225751559841185,0.0008901006777087519
vit_gtsrb_lf_0_1,after_embedding_token_mask,inverted,5,0.5,0.6000000000000001,39,3,0.00368689733408962,0.524684727191925,0.5583012700080872,,0.051769274401151893,0.0016525806672674493
vit_gtsrb_lf_0_1,after_embedding_token_mask,inverted,6,0.6000000000000001,0.7000000000000001,34,1,0.003214218188693515,0.6185844540596008,0.6182095408439636,,0.089628307363785,0.0013190241585962668
vit_gtsrb_lf_0_1,after_embedding_token_mask,inverted,7,0.7000000000000001,0.8,51,2,0.004821327283040272,0.7176206707954407,0.7612303495407104,,0.1504361623643596,0.0016853616675569728
vit_gtsrb_lf_0_1,after_embedding_token_mask,inverted,8,0.8,0.9,55,3,0.005199470599357156,0.8252497315406799,0.8579978942871094,,0.23062273328864372,0.0014006191784008885
vit_gtsrb_lf_0_1,after_embedding_token_mask,inverted,9,0.9,1.0,10365,10569,0.9798638684061259,0.9354644417762756,0.8914749026298523,0.4907149658160279,0.4910991256279472,0.008721645194396515
vit_cifar10_badnet_a2o_0_005,post_residual,inverted,0,0.0,0.1,0,0,0.0,,,,,0.0
vit_cifar10_badnet_a2o_0_005,post_residual,inverted,1,0.1,0.2,0,0,0.0,,,,,0.0
vit_cifar10_badnet_a2o_0_005,post_residual,inverted,2,0.2,0.30000000000000004,1,0,0.0001388888888888889,-0.18493852019309998,,,0.0004166666666666667,6.938657407407407e-05
vit_cifar10_badnet_a2o_0_005,post_residual,inverted,3,0.30000000000000004,0.4,6,0,0.0008333333333333334,0.13553486764431,,,0.5,7.709882115452476e-21
vit_cifar10_badnet_a2o_0_005,post_residual,inverted,4,0.4,0.5,27,0,0.00375,0.20843926072120667,,,0.5958641975308643,-0.0003594907407407407
vit_cifar10_badnet_a2o_0_005,post_residual,inverted,5,0.5,0.6000000000000001,96,6,0.013333333333333334,0.16531521081924438,0.41317060589790344,0.16666666666666666,0.5161371527777777,-0.00021516203703703706
vit_cifar10_badnet_a2o_0_005,post_residual,inverted,6,0.6000000000000001,0.7000000000000001,100,11,0.013888888888888888,0.23947328329086304,0.26061999797821045,0.40727272727272723,0.5957694444444445,-0.0013301311728395062
vit_cifar10_badnet_a2o_0_005,post_residual,inverted,7,0.7000000000000001,0.8,106,20,0.014722222222222222,0.2722817659378052,0.64799964427948,0.10141509433962265,0.611766247379455,-0.0016454475308641974
vit_cifar10_badnet_a2o_0_005,post_residual,inverted,8,0.8,0.9,165,23,0.022916666666666665,0.4385261833667755,0.7498247027397156,0.10856389986824769,0.7657887205387205,-0.0060909915123456785
vit_cifar10_badnet_a2o_0_005,post_residual,inverted,9,0.9,1.0,6699,7140,0.9304166666666667,0.12291605770587921,0.19479703903198242,0.3580234915282728,0.35636273448773453,0.13364250578703704
swin_cifar100_wanet_0_1_evade_l1,pre_residual,inverted,0,0.0,0.1,0,0,0.0,,,,,0.0
swin_cifar100_wanet_0_1_evade_l1,pre_residual,inverted,1,0.1,0.2,18,0,0.002274162981680354,0.16229158639907837,,,0.01784235277602302,0.0010965050726508636
swin_cifar100_wanet_0_1_evade_l1,pre_residual,inverted,2,0.2,0.30000000000000004,59,4,0.007454200884396715,0.1824054718017578,0.16599991917610168,,0.018831439982012275,0.003586727105629978
swin_cifar100_wanet_0_1_evade_l1,pre_residual,inverted,3,0.30000000000000004,0.4,122,5,0.015413771320277953,0.28805428743362427,0.17635871469974518,0.7295081967213114,0.023127906133819372,0.007350397403875431
swin_cifar100_wanet_0_1_evade_l1,pre_residual,inverted,4,0.4,0.5,231,29,0.029185091598231207,0.33414772152900696,0.37026673555374146,0.33079564114046867,0.026306563514396742,0.013824786333313249
swin_cifar100_wanet_0_1_evade_l1,pre_residual,inverted,5,0.5,0.6000000000000001,312,124,0.039418825015792795,0.4427487254142761,0.3997253477573395,0.5193341604631927,0.037213097494209306,0.018242515929476528
swin_cifar100_wanet_0_1_evade_l1,pre_residual,inverted,6,0.6000000000000001,0.7000000000000001,323,133,0.04080859128237524,0.5063560605049133,0.48619648814201355,0.512977490165041,0.050963311813404424,0.018324554678998153
swin_cifar100_wanet_0_1_evade_l1,pre_residual,inverted,7,0.7000000000000001,0.8,334,165,0.04219835754895768,0.5641093254089355,0.5970651507377625,0.4397749954636182,0.06790222460953016,0.01823381642203625
swin_cifar100_wanet_0_1_evade_l1,pre_residual,inverted,8,0.8,0.9,536,249,0.06771951989892609,0.6803112030029297,0.7491130828857422,0.4042962896361566,0.10401962078426566,0.02681560116988422
swin_cifar100_wanet_0_1_evade_l1,pre_residual,inverted,9,0.9,1.0,5980,7206,0.7555274794693619,0.6319624781608582,0.9510452747344971,0.200141035851766,0.23721308340921624,0.19854273672936032
vit_cifar100_badnet_a2a_0_1_evade_l1,before_attention_norm_token_mask,inverted,0,0.0,0.1,0,1,0.0,,0.08748412132263184,,,0.0
vit_cifar100_badnet_a2a_0_1_evade_l1,before_attention_norm_token_mask,inverted,1,0.1,0.2,15,87,0.001875,0.16226820647716522,0.15291447937488556,0.6114942528735632,0.006841666666666666,0.000924671875
vit_cifar100_badnet_a2a_0_1_evade_l1,before_attention_norm_token_mask,inverted,2,0.2,0.30000000000000004,47,176,0.005875,0.23054446280002594,0.2446230798959732,0.38442940038684725,0.019178191489361705,0.0028248281249999996
vit_cifar100_badnet_a2a_0_1_evade_l1,before_attention_norm_token_mask,inverted,3,0.30000000000000004,0.4,102,259,0.01275,0.32589805126190186,0.34005895256996155,0.43917026269967446,0.04555269607843137,0.005794203125
vit_cifar100_badnet_a2a_0_1_evade_l1,before_attention_norm_token_mask,inverted,4,0.4,0.5,201,349,0.025125,0.4263160526752472,0.441060334444046,0.4320232647650002,0.0823662935323383,0.010493046875
vit_cifar100_badnet_a2a_0_1_evade_l1,before_attention_norm_token_mask,inverted,5,0.5,0.6000000000000001,311,475,0.038875,0.49480003118515015,0.5370714664459229,0.34767981045862245,0.12035128617363343,0.01475884375
vit_cifar100_badnet_a2a_0_1_evade_l1,before_attention_norm_token_mask,inverted,6,0.6000000000000001,0.7000000000000001,290,434,0.03625,0.5899445414543152,0.6365939974784851,0.32970761163197204,0.17275043103448276,0.011862796875000001
vit_cifar100_badnet_a2a_0_1_evade_l1,before_attention_norm_token_mask,inverted,7,0.7000000000000001,0.8,355,516,0.044375,0.6906251907348633,0.7385324835777283,0.3562561415001638,0.23028767605633804,0.011968484375000001
vit_cifar100_badnet_a2a_0_1_evade_l1,before_attention_norm_token_mask,inverted,8,0.8,0.9,526,711,0.06575,0.7972961664199829,0.8406584858894348,0.3393870358783484,0.3026867870722434,0.012973343750000001
vit_cifar100_badnet_a2a_0_1_evade_l1,before_attention_norm_token_mask,inverted,9,0.9,1.0,6153,4992,0.769125,0.8769269585609436,0.9648622274398804,0.3421566656821563,0.5487502437835202,-0.037495031250000005
swin_cifar100_lc_0_05,before_attention_norm,inverted,0,0.0,0.1,0,0,0.0,,,,,0.0
swin_cifar100_lc_0_05,before_attention_norm,inverted,1,0.1,0.2,0,0,0.0,,,,,0.0
swin_cifar100_lc_0_05,before_attention_norm,inverted,2,0.2,0.30000000000000004,18,2,0.002274162981680354,0.14245593547821045,0.2453335076570511,,0.3333754474626237,0.0003789313892195545
swin_cifar100_lc_0_05,before_attention_norm,inverted,3,0.30000000000000004,0.4,41,1,0.005180037902716361,0.14521968364715576,0.3661003112792969,,0.33199081706546696,0.0008702939356052881
swin_cifar100_lc_0_05,before_attention_norm,inverted,4,0.4,0.5,108,50,0.013644977890082122,0.13435733318328857,0.2800734043121338,0.29000000000000004,0.32941671930932837,0.0023276050934418883
swin_cifar100_lc_0_05,before_attention_norm,inverted,5,0.5,0.6000000000000001,191,277,0.024131396083385975,0.22842882573604584,0.1291351020336151,0.5159241688245412,0.3841470069752904,0.0027956944621250184
swin_cifar100_lc_0_05,before_attention_norm,inverted,6,0.6000000000000001,0.7000000000000001,216,286,0.027289955780164243,0.2395244538784027,0.22559869289398193,0.4698426573426573,0.3862500292459231,0.0031042316718737344
swin_cifar100_lc_0_05,before_attention_norm,inverted,7,0.7000000000000001,0.8,251,369,0.03171193935565382,0.3001776337623596,0.3462309241294861,0.454496377633099,0.41555521439195836,0.0026779079201034043
swin_cifar100_lc_0_05,before_attention_norm,inverted,8,0.8,0.9,368,597,0.04649399873657612,0.3686395585536957,0.47045567631721497,0.40742662588303835,0.45926453624103936,0.001893954600542961
swin_cifar100_lc_0_05,before_attention_norm,inverted,9,0.9,1.0,6722,6333,0.849273531269741,0.11732618510723114,0.41913294792175293,0.2118975271706231,0.2469190181380831,0.21493497916308346
vit_cifar100_badnet_a2a_0_1,before_attention_norm_gaussian,inverted,0,0.0,0.1,1,3,0.000125,0.00840093195438385,0.056900668889284134,,0.086625,5.1671875e-05
vit_cifar100_badnet_a2a_0_1,before_attention_norm_gaussian,inverted,1,0.1,0.2,23,94,0.002875,0.09418743848800659,0.10977688431739807,0.4037927844588344,0.2267336956521739,0.000785640625
vit_cifar100_badnet_a2a_0_1,before_attention_norm_gaussian,inverted,2,0.2,0.30000000000000004,52,147,0.0065,0.16228005290031433,0.16825313866138458,0.4791993720565149,0.29276682692307693,0.0013470156250000001
vit_cifar100_badnet_a2a_0_1,before_attention_norm_gaussian,inverted,3,0.30000000000000004,0.4,102,240,0.01275,0.20955948531627655,0.2381482571363449,0.45763888888888893,0.31371936274509804,0.002375078125
vit_cifar100_badnet_a2a_0_1,before_attention_norm_gaussian,inverted,4,0.4,0.5,154,298,0.01925,0.25252842903137207,0.3193207383155823,0.3940338185304628,0.34030844155844153,0.0030740625
vit_cifar100_badnet_a2a_0_1,before_attention_norm_gaussian,inverted,5,0.5,0.6000000000000001,246,342,0.03075,0.29041993618011475,0.35031792521476746,0.41755812294965056,0.3635315040650407,0.00419640625
vit_cifar100_badnet_a2a_0_1,before_attention_norm_gaussian,inverted,6,0.6000000000000001,0.7000000000000001,268,336,0.0335,0.2875628173351288,0.4394589364528656,0.3427172174840085,0.34318003731343283,0.0052534687499999995
vit_cifar100_badnet_a2a_0_1,before_attention_norm_gaussian,inverted,7,0.7000000000000001,0.8,305,437,0.038125,0.3907688856124878,0.5218794941902161,0.37565367445699066,0.4110274590163934,0.0033920781249999997
vit_cifar100_badnet_a2a_0_1,before_attention_norm_gaussian,inverted,8,0.8,0.9,445,649,0.055625,0.4358673691749573,0.5675912499427795,0.38872941950450995,0.43169705056179775,0.0037993515624999996
vit_cifar100_badnet_a2a_0_1,before_attention_norm_gaussian,inverted,9,0.9,1.0,6404,5454,0.8005,0.42149513959884644,0.539370596408844,0.3882689747217487,0.4170825265459088,0.06637543750000001
vit_cifar100_adaptive_blend_0_05,mlp_norm_out_gain_scale,inverted,0,0.0,0.1,0,0,0.0,,,,,0.0
vit_cifar100_adaptive_blend_0_05,mlp_norm_out_gain_scale,inverted,1,0.1,0.2,8,0,0.0010107391029690461,0.11137878149747849,,,0.7509949463044852,-0.0002536904068775592
vit_cifar100_adaptive_blend_0_05,mlp_norm_out_gain_scale,inverted,2,0.2,0.30000000000000004,48,0,0.006064434617814277,0.06369371712207794,,,0.6781927774268267,-0.0010806384480717222
vit_cifar100_adaptive_blend_0_05,mlp_norm_out_gain_scale,inverted,3,0.30000000000000004,0.4,87,4,0.010991787744788376,0.1281435638666153,0.07591831684112549,,0.6703407613944133,-0.0018723494935330336
vit_cifar100_adaptive_blend_0_05,mlp_norm_out_gain_scale,inverted,4,0.4,0.5,158,25,0.01996209728363866,0.13132305443286896,0.051879361271858215,0.5827848101265822,0.616468490368392,-0.0023249553352123736
vit_cifar100_adaptive_blend_0_05,mlp_norm_out_gain_scale,inverted,5,0.5,0.6000000000000001,275,211,0.03474415666456096,0.14875198900699615,0.03197617828845978,0.5901421800947868,0.6066989031183598,-0.003707163405881107
vit_cifar100_adaptive_blend_0_05,mlp_norm_out_gain_scale,inverted,6,0.6000000000000001,0.7000000000000001,266,231,0.03360707517372078,0.22948040068149567,0.04997596517205238,0.6443218435699638,0.6252494787189072,-0.004209268646775655
vit_cifar100_adaptive_blend_0_05,mlp_norm_out_gain_scale,inverted,7,0.7000000000000001,0.8,337,302,0.04257738471257107,0.23497383296489716,0.11404171586036682,0.5870163303004696,0.5728345120915663,-0.0031011030416750306
vit_cifar100_adaptive_blend_0_05,mlp_norm_out_gain_scale,inverted,8,0.8,0.9,432,504,0.05457991156032849,0.31115829944610596,0.15869484841823578,0.6093658142269254,0.6293494536861561,-0.007059881742567209
vit_cifar100_adaptive_blend_0_05,mlp_norm_out_gain_scale,inverted,9,0.9,1.0,6304,6638,0.7964624131396083,0.06419427692890167,0.05105143040418625,0.3771515103778736,0.39978198723108155,0.0798198802899889
swin_cifar10_badnet_a2a_0_1,post_residual,inverted,0,0.0,0.1,0,0,0.0,,,,,0.0
swin_cifar10_badnet_a2a_0_1,post_residual,inverted,1,0.1,0.2,0,0,0.0,,,,,0.0
swin_cifar10_badnet_a2a_0_1,post_residual,inverted,2,0.2,0.30000000000000004,0,0,0.0,,,,,0.0
swin_cifar10_badnet_a2a_0_1,post_residual,inverted,3,0.30000000000000004,0.4,0,0,0.0,,,,,0.0
swin_cifar10_badnet_a2a_0_1,post_residual,inverted,4,0.4,0.5,14,17,0.00175,0.23987458646297455,0.18900907039642334,0.6302521008403361,0.2880178571428571,0.00037096875
swin_cifar10_badnet_a2a_0_1,post_residual,inverted,5,0.5,0.6000000000000001,60,58,0.0075,0.2907133102416992,0.3734184503555298,0.4422413793103448,0.3124770833333333,0.001406421875
swin_cifar10_badnet_a2a_0_1,post_residual,inverted,6,0.6000000000000001,0.7000000000000001,48,59,0.006,0.32373881340026855,0.36043351888656616,0.530367231638418,0.3553541666666667,0.000867875
swin_cifar10_badnet_a2a_0_1,post_residual,inverted,7,0.7000000000000001,0.8,57,72,0.007125,0.3871004581451416,0.4942922592163086,0.4456627680311891,0.3946008771929824,0.00075096875
swin_cifar10_badnet_a2a_0_1,post_residual,inverted,8,0.8,0.9,112,134,0.014,0.4547376036643982,0.5664634108543396,0.4065831556503199,0.43532812499999995,0.00090540625
swin_cifar10_badnet_a2a_0_1,post_residual,inverted,9,0.9,1.0,7709,7660,0.963625,0.3010067939758301,0.5261465311050415,0.2846871446923622,0.28686641425606435,0.2053808515625
swin_cifar10_lf_0_05,before_mlp,inverted,0,0.0,0.1,0,0,0.0,,,,,0.0
swin_cifar10_lf_0_05,before_mlp,inverted,1,0.1,0.2,0,0,0.0,,,,,0.0
swin_cifar10_lf_0_05,before_mlp,inverted,2,0.2,0.30000000000000004,1,0,0.0001388888888888889,0.2509448528289795,,,0.0,6.944444444444444e-05
swin_cifar10_lf_0_05,before_mlp,inverted,3,0.30000000000000004,0.4,5,0,0.0006944444444444445,0.22487974166870117,,,0.0,0.00034722222222222224
swin_cifar10_lf_0_05,before_mlp,inverted,4,0.4,0.5,7,0,0.0009722222222222222,0.3262128233909607,,,0.00021825396825396823,0.0004858989197530864
swin_cifar10_lf_0_05,before_mlp,inverted,5,0.5,0.6000000000000001,56,3,0.0077777777777777776,0.4090849459171295,0.5173452496528625,,0.0011582341269841272,0.0038798804012345678
swin_cifar10_lf_0_05,before_mlp,inverted,6,0.6000000000000001,0.7000000000000001,67,3,0.009305555555555555,0.5313946604728699,0.526947557926178,,0.004641376451077944,0.004609587191358025
swin_cifar10_lf_0_05,before_mlp,inverted,7,0.7000000000000001,0.8,72,2,0.01,0.5655367970466614,0.6964739561080933,,0.010823688271604938,0.004891763117283951
swin_cifar10_lf_0_05,before_mlp,inverted,8,0.8,0.9,115,4,0.01597222222222222,0.7247194647789001,0.6976175904273987,,0.06681400966183575,0.006918942901234568
swin_cifar10_lf_0_05,before_mlp,inverted,9,0.9,1.0,6877,7188,0.9551388888888889,0.8776569962501526,0.9085898995399475,0.47173065007688564,0.47250706865073594,0.026259567901234567
vit_tiny_adaptive_blend_0_05,final_norm_out_gain_scale,inverted,0,0.0,0.1,3,0,0.0003769317753486619,-0.5345046520233154,,,0.0011307953260459855,0.00018803965498452845
vit_tiny_adaptive_blend_0_05,final_norm_out_gain_scale,inverted,1,0.1,0.2,52,0,0.006533484106043473,-0.4869522750377655,,,0.009278320623967062,0.003206122292694272
vit_tiny_adaptive_blend_0_05,final_norm_out_gain_scale,inverted,2,0.2,0.30000000000000004,121,4,0.015202914939062697,-0.4972928762435913,-0.3174571990966797,,0.017941121802959176,0.0073287001208495964
vit_tiny_adaptive_blend_0_05,final_norm_out_gain_scale,inverted,3,0.30000000000000004,0.4,232,11,0.029149390626963187,-0.4742909073829651,-0.26320603489875793,0.20180250783699058,0.01759556520269831,0.014061795310085938
vit_tiny_adaptive_blend_0_05,final_norm_out_gain_scale,inverted,4,0.4,0.5,270,52,0.03392385978137957,-0.39986395835876465,-0.07716155797243118,0.10598290598290598,0.04598893402763236,0.015401807741241268
vit_tiny_adaptive_blend_0_05,final_norm_out_gain_scale,inverted,5,0.5,0.6000000000000001,364,239,0.04573438874230431,-0.3513837158679962,-0.21092911064624786,0.1847211366039818,0.039749733869598174,0.021049264589956814
vit_tiny_adaptive_blend_0_05,final_norm_out_gain_scale,inverted,6,0.6000000000000001,0.7000000000000001,353,269,0.04435230556602588,-0.3333691954612732,-0.3052081763744354,0.236854576281896,0.01398313666321769,0.02155596843295441
vit_tiny_adaptive_blend_0_05,final_norm_out_gain_scale,inverted,7,0.7000000000000001,0.8,353,352,0.04435230556602588,-0.24866577982902527,-0.24353471398353577,0.44906483389132124,0.0654286290895229,0.01927424223286825
vit_tiny_adaptive_blend_0_05,final_norm_out_gain_scale,inverted,8,0.8,0.9,575,514,0.07224525694182686,-0.14322292804718018,-0.14678287506103516,0.5357841312806632,0.13785083334699028,0.026163559596115164
vit_tiny_adaptive_blend_0_05,final_norm_out_gain_scale,inverted,9,0.9,1.0,5636,6518,0.7081291619550195,-0.011171415448188782,-0.012752566486597061,0.581579881644563,0.6523138211617007,-0.10785785853340182
swin_tiny_bpp_0_05_evade_l1,before_attention_norm,inverted,0,0.0,0.1,2,0,0.00025128785023244125,0.07772447913885117,,,0.0,0.00012564392511622062
swin_tiny_bpp_0_05_evade_l1,before_attention_norm,inverted,1,0.1,0.2,45,0,0.005653976630229929,0.10803842544555664,,,0.0,0.0028269883151149644
swin_tiny_bpp_0_05_evade_l1,before_attention_norm,inverted,2,0.2,0.30000000000000004,140,0,0.01759014951627089,0.17278003692626953,,,5.205248326243426e-05,0.008794159147172164
swin_tiny_bpp_0_05_evade_l1,before_attention_norm,inverted,3,0.30000000000000004,0.4,233,3,0.02927503455207941,0.22915063798427582,0.34338632225990295,,0.0005699812396903228,0.014620831055553733
swin_tiny_bpp_0_05_evade_l1,before_attention_norm,inverted,4,0.4,0.5,256,8,0.03216484482975248,0.28219568729400635,0.44253045320510864,0.09912109375,0.0015636779117979647,0.01603212695747955
swin_tiny_bpp_0_05_evade_l1,before_attention_norm,inverted,5,0.5,0.6000000000000001,371,31,0.04661389621811785,0.33291563391685486,0.4991653859615326,0.18189722632814537,0.003269112693118269,0.02315456202925658
swin_tiny_bpp_0_05_evade_l1,before_attention_norm,inverted,6,0.6000000000000001,0.7000000000000001,382,36,0.04799597939439628,0.40372639894485474,0.5685027241706848,0.20796974985456662,0.005943089222316729,0.023712745309344765
swin_tiny_bpp_0_05_evade_l1,before_attention_norm,inverted,7,0.7000000000000001,0.8,398,33,0.05000628219625581,0.45786407589912415,0.7044204473495483,0.11100959342165373,0.009799910470811147,0.02451308400962648
swin_tiny_bpp_0_05_evade_l1,before_attention_norm,inverted,8,0.8,0.9,576,54,0.07237090086694309,0.530604362487793,0.7631816267967224,0.16030092592592593,0.015297584146528737,0.03507835048769939
swin_tiny_bpp_0_05_evade_l1,before_attention_norm,inverted,9,0.9,1.0,5556,7794,0.6980776479457218,0.31147804856300354,0.9787903428077698,0.004822247014696103,0.008262603220916846,0.3432708853504945
vit_cifar100_wanet_0_05_evade_l1,before_attention_norm_token_mask,inverted,0,0.0,0.1,0,0,0.0,,,,,0.0
vit_cifar100_wanet_0_05_evade_l1,before_attention_norm_token_mask,inverted,1,0.1,0.2,32,8,0.0040429564118761845,0.15028786659240723,0.15156573057174683,0.5,0.00055669614655717,0.002019227507682902
vit_cifar100_wanet_0_05_evade_l1,before_attention_norm_token_mask,inverted,2,0.2,0.30000000000000004,103,21,0.01301326595072647,0.2326354682445526,0.24878428876399994,0.3901987979657882,0.0022361376028065183,0.0064775335220354936
vit_cifar100_wanet_0_05_evade_l1,before_attention_norm_token_mask,inverted,3,0.30000000000000004,0.4,178,60,0.022488945041061276,0.330392986536026,0.33999866247177124,0.45767790262172287,0.007520211233115901,0.011075350903411923
vit_cifar100_wanet_0_05_evade_l1,before_attention_norm_token_mask,inverted,4,0.4,0.5,279,191,0.03524952621604548,0.4244021475315094,0.45275112986564636,0.3377432490757942,0.020337048886352987,0.016907891770146247
vit_cifar100_wanet_0_05_evade_l1,before_attention_norm_token_mask,inverted,5,0.5,0.6000000000000001,377,477,0.0476310802274163,0.51370769739151,0.5414063334465027,0.3637733624721263,0.05560573131967472,0.021166979064116565
vit_cifar100_wanet_0_05_evade_l1,before_attention_norm_token_mask,inverted,6,0.6000000000000001,0.7000000000000001,387,495,0.048894504106127605,0.6147243976593018,0.6393806338310242,0.39945188317281344,0.11793327359003364,0.018680963123266833
vit_cifar100_wanet_0_05_evade_l1,before_attention_norm_token_mask,inverted,7,0.7000000000000001,0.8,402,536,0.050789639924194566,0.7148425579071045,0.7416037917137146,0.38115393183337043,0.17976777514826373,0.016264479392343396
vit_cifar100_wanet_0_05_evade_l1,before_attention_norm_token_mask,inverted,8,0.8,0.9,601,834,0.07593177511054959,0.8192183375358582,0.8431239724159241,0.38217279753568195,0.26496121961397245,0.017846911814529694
vit_cifar100_wanet_0_05_evade_l1,before_attention_norm_token_mask,inverted,9,0.9,1.0,5556,5293,0.7019583070120026,0.8850017786026001,0.9722370505332947,0.2405744570474037,0.45489648383404124,0.03166078784814491
vit_gtsrb_badnet_a2a_0_1,before_attention_norm,inverted,0,0.0,0.1,0,0,0.0,,,,,0.0
vit_gtsrb_badnet_a2a_0_1,before_attention_norm,inverted,1,0.1,0.2,4,1,0.00037629350893697084,0.1324009895324707,0.18270032107830048,,0.0,0.00018814675446848542
vit_gtsrb_badnet_a2a_0_1,before_attention_norm,inverted,2,0.2,0.30000000000000004,6,12,0.0005644402634054562,0.25660374760627747,0.23076653480529785,0.7638888888888888,0.0010504860457823768,0.00028162719508234297
vit_gtsrb_badnet_a2a_0_1,before_attention_norm,inverted,3,0.30000000000000004,0.4,15,18,0.0014111006585136407,0.33251503109931946,0.3304779529571533,0.45555555555555555,0.0019943555973659455,0.0007027360927600669
vit_gtsrb_badnet_a2a_0_1,before_attention_norm,inverted,4,0.4,0.5,21,27,0.001975540921919097,0.43667662143707275,0.42646604776382446,0.5873015873015872,0.004685750123191328,0.0009785135698412964
vit_gtsrb_badnet_a2a_0_1,before_attention_norm,inverted,5,0.5,0.6000000000000001,46,62,0.004327375352775165,0.5273275375366211,0.5246909260749817,0.5778401122019636,0.012528119759499369,0.0021094737997237093
vit_gtsrb_badnet_a2a_0_1,before_attention_norm,inverted,6,0.6000000000000001,0.7000000000000001,29,68,0.0027281279397930384,0.62265944480896,0.6306951642036438,0.43356997971602435,0.029568235637590427,0.0012833980401232245
vit_gtsrb_badnet_a2a_0_1,before_attention_norm,inverted,7,0.7000000000000001,0.8,36,74,0.0033866415804327376,0.7320428490638733,0.7261120676994324,0.5379129129129129,0.05602592244172677,0.0015035810716931173
vit_gtsrb_badnet_a2a_0_1,before_attention_norm,inverted,8,0.8,0.9,52,95,0.004891815616180621,0.8383808135986328,0.8304295539855957,0.5558704453441297,0.07966386858672841,0.0020562068516923916
vit_gtsrb_badnet_a2a_0_1,before_attention_norm,inverted,9,0.9,1.0,10421,10273,0.9803386641580433,0.9622147679328918,0.9567338824272156,0.40029924169865205,0.42031052880684616,0.07812266973695739
vit_cifar10_wanet_0_05,input_pixels_scale_up,inverted,0,0.0,0.1,0,0,0.0,,,,,0.0
vit_cifar10_wanet_0_05,input_pixels_scale_up,inverted,1,0.1,0.2,0,0,0.0,,,,,0.0
vit_cifar10_wanet_0_05,input_pixels_scale_up,inverted,2,0.2,0.30000000000000004,0,0,0.0,,,,,0.0
vit_cifar10_wanet_0_05,input_pixels_scale_up,inverted,3,0.30000000000000004,0.4,7,3,0.0009722222222222222,0.08204208314418793,-0.36799517273902893,,0.23623015873015873,0.0002564429012345679
vit_cifar10_wanet_0_05,input_pixels_scale_up,inverted,4,0.4,0.5,27,22,0.00375,0.19566656649112701,0.11357813328504562,0.4377104377104378,0.2538477366255144,0.0009230709876543212
vit_cifar10_wanet_0_05,input_pixels_scale_up,inverted,5,0.5,0.6000000000000001,81,239,0.01125,0.18453660607337952,0.1625741571187973,0.4886099488609949,0.2402091906721536,0.0029226466049382714
vit_cifar10_wanet_0_05,input_pixels_scale_up,inverted,6,0.6000000000000001,0.7000000000000001,109,273,0.01513888888888889,0.2683495581150055,0.23830164968967438,0.5131565682024397,0.26606014271151884,0.0035415895061728393
vit_cifar10_wanet_0_05,input_pixels_scale_up,inverted,7,0.7000000000000001,0.8,106,337,0.014722222222222222,0.37730836868286133,0.3388206660747528,0.49860030233469577,0.3022366352201258,0.0029115162037037035
vit_cifar10_wanet_0_05,input_pixels_scale_up,inverted,8,0.8,0.9,177,504,0.024583333333333332,0.4821726977825165,0.47938084602355957,0.4946977849520222,0.355128688010044,0.0035614197530864197
vit_cifar10_wanet_0_05,input_pixels_scale_up,inverted,9,0.9,1.0,6693,5822,0.9295833333333333,0.2679503858089447,0.6439838409423828,0.28253080852788814,0.32612082275013693,0.1616351851851852
vit_cifar10_sig_0_01,pre_residual,inverted,0,0.0,0.1,0,0,0.0,,,,,0.0
vit_cifar10_sig_0_01,pre_residual,inverted,1,0.1,0.2,0,0,0.0,,,,,0.0
vit_cifar10_sig_0_01,pre_residual,inverted,2,0.2,0.30000000000000004,1,7,0.0001388888888888889,0.013024240732192993,0.04076090827584267,,0.10930555555555556,5.4263117283950616e-05
vit_cifar10_sig_0_01,pre_residual,inverted,3,0.30000000000000004,0.4,5,26,0.0006944444444444445,0.19649964570999146,0.10169973969459534,0.6076923076923076,0.41600000000000004,5.833333333333334e-05
vit_cifar10_sig_0_01,pre_residual,inverted,4,0.4,0.5,27,101,0.00375,0.16073302924633026,0.15877853333950043,0.5331866519985332,0.40791152263374486,0.0003453317901234568
vit_cifar10_sig_0_01,pre_residual,inverted,5,0.5,0.6000000000000001,71,354,0.00986111111111111,0.18955044448375702,0.18838346004486084,0.4937932680830748,0.43393583724569645,0.000651466049382716
vit_cifar10_sig_0_01,pre_residual,inverted,6,0.6000000000000001,0.7000000000000001,81,347,0.01125,0.296735018491745,0.2328547090291977,0.5667627281460136,0.5259490740740741,-0.00029192708333333344
vit_cifar10_sig_0_01,pre_residual,inverted,7,0.7000000000000001,0.8,111,447,0.015416666666666667,0.3902125358581543,0.3122509717941284,0.5873994800169297,0.6117404904904905,-0.0017226658950617285
vit_cifar10_sig_0_01,pre_residual,inverted,8,0.8,0.9,169,646,0.02347222222222222,0.4477769732475281,0.4054262638092041,0.546338871892575,0.6541272189349113,-0.0036177083333333335
vit_cifar10_sig_0_01,pre_residual,inverted,9,0.9,1.0,6735,5272,0.9354166666666667,0.16057078540325165,0.2936331331729889,0.3083854217713054,0.317006475294894,0.17117519290123456
vit_tiny_lf_0_01,final_norm_out_gain_scale,inverted,0,0.0,0.1,3,0,0.0003769317753486619,-0.4149051606655121,,,0.007119822423252503,0.00018578220036816719
vit_tiny_lf_0_01,final_norm_out_gain_scale,inverted,1,0.1,0.2,60,2,0.007538635506973238,-0.6338735222816467,-0.451935350894928,,0.002862587427231227,0.003747737750265878
vit_tiny_lf_0_01,final_norm_out_gain_scale,inverted,2,0.2,0.30000000000000004,107,3,0.013443899987435608,-0.5843049883842468,-0.4193582236766815,,0.004444507070699954,0.006662198485165863
vit_tiny_lf_0_01,final_norm_out_gain_scale,inverted,3,0.30000000000000004,0.4,177,7,0.02223897474557105,-0.5273072719573975,-0.4035802185535431,0.2857142857142857,0.010818864760996149,0.010878886912589984
vit_tiny_lf_0_01,final_norm_out_gain_scale,inverted,4,0.4,0.5,287,40,0.03605980650835532,-0.44670429825782776,-0.3343203663825989,0.34590592334494774,0.020993480087189,0.017272882424296615
vit_tiny_lf_0_01,final_norm_out_gain_scale,inverted,5,0.5,0.6000000000000001,323,70,0.040582987812539266,-0.3820458650588989,-0.3298182785511017,0.33785935426802305,0.020084356475543973,0.019476410712199937
vit_tiny_lf_0_01,final_norm_out_gain_scale,inverted,6,0.6000000000000001,0.7000000000000001,336,89,0.04221635883905013,-0.34358182549476624,-0.3405872583389282,0.4754213483146068,0.013260669263307786,0.0205483622474593
vit_tiny_lf_0_01,final_norm_out_gain_scale,inverted,7,0.7000000000000001,0.8,373,106,0.046865184068350295,-0.24732689559459686,-0.24664758145809174,0.4921847336739339,0.029216760023808346,0.02206334319777855
vit_tiny_lf_0_01,final_norm_out_gain_scale,inverted,8,0.8,0.9,489,161,0.06143987938183189,-0.14709751307964325,-0.14573664963245392,0.4837480470982738,0.047705122700671204,0.027788942706291217
vit_tiny_lf_0_01,final_norm_out_gain_scale,inverted,9,0.9,1.0,5804,7481,0.7292373413745445,-0.010584830306470394,-0.0034144222736358643,0.26666621602661505,0.31010534563379566,0.13847827289124887
swin_tiny_blend_0_01_evade_l1,before_attention_norm,inverted,0,0.0,0.1,2,0,0.00025128785023244125,0.07500529289245605,,,0.0,0.00012564392511622062
swin_tiny_blend_0_01_evade_l1,before_attention_norm,inverted,1,0.1,0.2,44,0,0.005528332705113707,0.016159867867827415,,,0.0,0.0027641663525568537
swin_tiny_blend_0_01_evade_l1,before_attention_norm,inverted,2,0.2,0.30000000000000004,123,0,0.015454202789295138,0.1347726583480835,,,0.002068528035449974,0.007695133942912383
swin_tiny_blend_0_01_evade_l1,before_attention_norm,inverted,3,0.30000000000000004,0.4,210,0,0.026385224274406333,0.13857682049274445,,,0.04063982673104422,0.01212032119443155
swin_tiny_blend_0_01_evade_l1,before_attention_norm,inverted,4,0.4,0.5,270,0,0.03392385978137957,0.24186457693576813,,,0.21117183900825062,0.00979816603439783
swin_tiny_blend_0_01_evade_l1,before_attention_norm,inverted,5,0.5,0.6000000000000001,383,0,0.0481216233195125,0.23382537066936493,,,0.28560028763601447,0.010317262198191538
swin_tiny_blend_0_01_evade_l1,before_attention_norm,inverted,6,0.6000000000000001,0.7000000000000001,361,0,0.045357456966955645,0.3304530084133148,,,0.44724086288488896,0.0023930202913123627
swin_tiny_blend_0_01_evade_l1,before_attention_norm,inverted,7,0.7000000000000001,0.8,412,0,0.0517652971478829,0.35909131169319153,,,0.46934135746672573,0.0015870537408856653
swin_tiny_blend_0_01_evade_l1,before_attention_norm,inverted,8,0.8,0.9,546,0,0.06860158311345646,0.4182780683040619,,,0.515203950465918,-0.0010430150715405521
swin_tiny_blend_0_01_evade_l1,before_attention_norm,inverted,9,0.9,1.0,5608,7959,0.7046111320517653,0.14967146515846252,0.4324833154678345,0.14117374278555628,0.1411737427855563,0.2528329753057671
vit_tiny_badnet_a2a_0_1_evade_l1,mlp_norm_out_gain_scale,inverted,0,0.0,0.1,7,27,0.000875,0.07426386326551437,0.022221192717552185,0.6296296296296295,0.46128571428571424,3.3875000000000003e-05
vit_tiny_badnet_a2a_0_1_evade_l1,mlp_norm_out_gain_scale,inverted,1,0.1,0.2,61,243,0.007625,0.07214971631765366,0.06557977199554443,0.5365310665857113,0.4611188524590164,0.00029646874999999997
vit_tiny_badnet_a2a_0_1_evade_l1,mlp_norm_out_gain_scale,inverted,2,0.2,0.30000000000000004,132,365,0.0165,0.13489432632923126,0.09807101637125015,0.5796803652968037,0.5318342803030303,-0.0005252656249999999
vit_tiny_badnet_a2a_0_1_evade_l1,mlp_norm_out_gain_scale,inverted,3,0.30000000000000004,0.4,237,427,0.029625,0.15430650115013123,0.1649009883403778,0.546705006966472,0.5433776371308018,-0.0012850625
vit_tiny_badnet_a2a_0_1_evade_l1,mlp_norm_out_gain_scale,inverted,4,0.4,0.5,336,562,0.042,0.20302002131938934,0.1819269210100174,0.5711955600745636,0.576852306547619,-0.003227796875
vit_tiny_badnet_a2a_0_1_evade_l1,mlp_norm_out_gain_scale,inverted,5,0.5,0.6000000000000001,412,578,0.0515,0.21749603748321533,0.23227177560329437,0.5115270265730507,0.5590424757281555,-0.0030406874999999996
vit_tiny_badnet_a2a_0_1_evade_l1,mlp_norm_out_gain_scale,inverted,6,0.6000000000000001,0.7000000000000001,393,545,0.049125,0.2898448705673218,0.24974919855594635,0.5563975068282092,0.5945504134860051,-0.0046447890625
vit_tiny_badnet_a2a_0_1_evade_l1,mlp_norm_out_gain_scale,inverted,7,0.7000000000000001,0.8,429,624,0.053625,0.30278101563453674,0.2958139181137085,0.5115989779451318,0.5792578671328671,-0.004250203124999999
vit_tiny_badnet_a2a_0_1_evade_l1,mlp_norm_out_gain_scale,inverted,8,0.8,0.9,564,861,0.0705,0.35509932041168213,0.29229333996772766,0.5335520300491758,0.5891026152482269,-0.006281734375000001
vit_tiny_badnet_a2a_0_1_evade_l1,mlp_norm_out_gain_scale,inverted,9,0.9,1.0,5429,3768,0.678625,0.12727846205234528,0.15784648060798645,0.37232419646945963,0.3689660734020998,0.0889228984375
swin_tiny_badnet_a2o_0_05_evade_l1,before_attention_norm,inverted,0,0.0,0.1,0,0,0.0,,,,,0.0
swin_tiny_badnet_a2o_0_05_evade_l1,before_attention_norm,inverted,1,0.1,0.2,45,0,0.005653976630229929,0.15008443593978882,,,0.0,0.0028269883151149644
swin_tiny_badnet_a2o_0_05_evade_l1,before_attention_norm,inverted,2,0.2,0.30000000000000004,133,0,0.016710642040457344,0.2384779006242752,,,0.0,0.008355321020228672
swin_tiny_badnet_a2o_0_05_evade_l1,before_attention_norm,inverted,3,0.30000000000000004,0.4,181,0,0.022741550446035933,0.3320442736148834,,,0.0,0.011370775223017967
swin_tiny_badnet_a2o_0_05_evade_l1,before_attention_norm,inverted,4,0.4,0.5,285,0,0.03580851865812288,0.4363686442375183,,,0.0,0.01790425932906144
swin_tiny_badnet_a2o_0_05_evade_l1,before_attention_norm,inverted,5,0.5,0.6000000000000001,377,9,0.04736775976881518,0.5320278406143188,0.5424520969390869,0.44916003536693194,0.000522572081119984,0.02365912681560721
swin_tiny_badnet_a2o_0_05_evade_l1,before_attention_norm,inverted,6,0.6000000000000001,0.7000000000000001,346,11,0.04347279809021234,0.6292725205421448,0.6351879239082336,0.5076195480819758,0.0017913337647350184,0.021658524754039662
swin_tiny_badnet_a2o_0_05_evade_l1,before_attention_norm,inverted,7,0.7000000000000001,0.8,386,4,0.048498555094861166,0.7333441376686096,0.7411099672317505,,0.002701344389998744,0.024118266247702032
swin_tiny_badnet_a2o_0_05_evade_l1,before_attention_norm,inverted,8,0.8,0.9,581,30,0.07299912049252419,0.83840411901474,0.8650268912315369,0.28450946643717734,0.004283571202585368,0.03618686331590625
swin_tiny_badnet_a2o_0_05_evade_l1,before_attention_norm,inverted,9,0.9,1.0,5625,7905,0.7067470787787411,0.9357376098632812,0.9981507062911987,0.022202802726825496,0.028371101897223274,0.33332234600177396
swin_cifar10_blend_0_05,before_mlp_residual,working,0,0.0,0.1,0,0,0.0,,,,,0.0
swin_cifar10_blend_0_05,before_mlp_residual,working,1,0.1,0.2,0,0,0.0,,,,,0.0
swin_cifar10_blend_0_05,before_mlp_residual,working,2,0.2,0.30000000000000004,0,0,0.0,,,,,0.0
swin_cifar10_blend_0_05,before_mlp_residual,working,3,0.30000000000000004,0.4,3,0,0.0004166666666666667,0.2782200872898102,,,0.9998611111111111,-0.00020827546296296295
swin_cifar10_blend_0_05,before_mlp_residual,working,4,0.4,0.5,19,0,0.002638888888888889,0.2933209240436554,,,0.8419883040935672,-0.0009024691358024691
swin_cifar10_blend_0_05,before_mlp_residual,working,5,0.5,0.6000000000000001,52,0,0.007222222222222222,0.41384050250053406,,,0.9375080128205125,-0.0031597800925925925
swin_cifar10_blend_0_05,before_mlp_residual,working,6,0.6000000000000001,0.7000000000000001,48,0,0.006666666666666667,0.4918525218963623,,,0.9981163194444443,-0.0033207754629629624
swin_cifar10_blend_0_05,before_mlp_residual,working,7,0.7000000000000001,0.8,71,0,0.00986111111111111,0.6041696071624756,,,0.9997398278560253,-0.004927989969135802
swin_cifar10_blend_0_05,before_mlp_residual,working,8,0.8,0.9,90,0,0.0125,0.7121549248695374,,,0.9998611111111109,-0.006248263888888888
swin_cifar10_blend_0_05,before_mlp_residual,working,9,0.9,1.0,6917,7200,0.9606944444444444,0.898385763168335,0.006223409436643124,0.9999413080494113,0.9999413080494112,-0.48029083719135796
vit_tiny_lf_0_05,post_residual,working,0,0.0,0.1,1,0,0.00012564392511622062,0.07927411049604416,,,0.8220882020354315,-4.04684259373579e-05
vit_tiny_lf_0_05,post_residual,working,1,0.1,0.2,30,0,0.003769317753486619,0.1240004375576973,,,0.8401851153830046,-0.001282265794885053
vit_tiny_lf_0_05,post_residual,working,2,0.2,0.30000000000000004,110,2,0.01382083176278427,0.2211143672466278,0.10389550030231476,,0.8718808895589899,-0.005139703210389355
vit_tiny_lf_0_05,post_residual,working,3,0.30000000000000004,0.4,184,3,0.023118482221384597,0.3043399453163147,0.20426784455776215,,0.9103906160376276,-0.009487608160688965
vit_tiny_lf_0_05,post_residual,working,4,0.4,0.5,267,5,0.03354692800603091,0.37457019090652466,0.38781601190567017,0.3146067415730337,0.9408664160376236,-0.014789713919091027
vit_tiny_lf_0_05,post_residual,working,5,0.5,0.6000000000000001,354,12,0.0444779494911421,0.42102310061454773,0.13782088458538055,0.7869585687382298,0.929841355023592,-0.019118462077943404
vit_tiny_lf_0_05,post_residual,working,6,0.6000000000000001,0.7000000000000001,354,16,0.0444779494911421,0.5218892097473145,0.26086995005607605,0.7358757062146891,0.9437399156553041,-0.019736641555720268
vit_tiny_lf_0_05,post_residual,working,7,0.7000000000000001,0.8,415,17,0.05214222892323156,0.612739622592926,0.19504424929618835,0.842664776754075,0.971067080231972,-0.024562487535653772
vit_tiny_lf_0_05,post_residual,working,8,0.8,0.9,538,45,0.0675964317125267,0.6768784523010254,0.3180171847343445,0.8068566707971913,0.9747817695802512,-0.03209355346578403
vit_tiny_lf_0_05,post_residual,working,9,0.9,1.0,5706,7859,0.716924236713155,0.5047982931137085,0.05632943660020828,0.9333585120361158,0.9305230380886057,-0.30865240046910225
vit_tiny_blend_0_01,mlp_neurons_token_mask,working,0,0.0,0.1,7,0,0.0008795074758135445,0.06697099655866623,,,0.9390088489221547,-0.0003861115645753339
vit_tiny_blend_0_01,mlp_neurons_token_mask,working,1,0.1,0.2,66,0,0.008292499057670561,0.10933841019868851,,,0.8790467814214517,-0.0031432450777504465
vit_tiny_blend_0_01,mlp_neurons_token_mask,working,2,0.2,0.30000000000000004,130,0,0.016333710265108683,0.22018878161907196,,,0.9197956836479265,-0.006856821067248452
vit_tiny_blend_0_01,mlp_neurons_token_mask,working,3,0.30000000000000004,0.4,165,1,0.020731247644176404,0.3261893391609192,-0.008258312940597534,,0.9616953553629015,-0.009571520748194342
vit_tiny_blend_0_01,mlp_neurons_token_mask,working,4,0.4,0.5,234,0,0.029400678477195626,0.3892391324043274,,,0.9406337823224367,-0.012954932160252567
vit_tiny_blend_0_01,mlp_neurons_token_mask,working,5,0.5,0.6000000000000001,325,3,0.0408342756627717,0.5012311935424805,-0.015250533819198608,,0.9624819507669111,-0.018885115466672462
vit_tiny_blend_0_01,mlp_neurons_token_mask,working,6,0.6000000000000001,0.7000000000000001,329,1,0.04133685136323659,0.5909835696220398,0.36495131254196167,,0.9721146865527776,-0.019515734624433196
vit_tiny_blend_0_01,mlp_neurons_token_mask,working,7,0.7000000000000001,0.8,343,4,0.04309586631486367,0.7033842206001282,0.18805386126041412,,0.9800654740384119,-0.02068883749154106
vit_tiny_blend_0_01,mlp_neurons_token_mask,working,8,0.8,0.9,512,4,0.06432968965950496,0.7983759641647339,0.1539272665977478,,0.9896500816685514,-0.03149903779548916
vit_tiny_blend_0_01,mlp_neurons_token_mask,working,9,0.9,1.0,5848,7946,0.7347656740796582,0.8561868071556091,0.022913390770554543,0.9903949384060601,0.9903398556452709,-0.3602848945613198
swin_cifar10_lf_0_05,pre_residual,working,0,0.0,0.1,0,0,0.0,,,,,0.0
swin_cifar10_lf_0_05,pre_residual,working,1,0.1,0.2,0,0,0.0,,,,,0.0
swin_cifar10_lf_0_05,pre_residual,working,2,0.2,0.30000000000000004,1,0,0.0001388888888888889,0.23984122276306152,,,0.9845833333333334,-6.730324074074074e-05
swin_cifar10_lf_0_05,pre_residual,working,3,0.30000000000000004,0.4,5,0,0.0006944444444444445,0.13610140979290009,,,0.7840277777777778,-0.000197241512345679
swin_cifar10_lf_0_05,pre_residual,working,4,0.4,0.5,7,0,0.0009722222222222222,0.23004303872585297,,,0.7051190476190475,-0.0001994212962962963
swin_cifar10_lf_0_05,pre_residual,working,5,0.5,0.6000000000000001,56,3,0.0077777777777777776,0.2151915729045868,0.4328190088272095,,0.6879513888888888,-0.0014618441358024692
swin_cifar10_lf_0_05,pre_residual,working,6,0.6000000000000001,0.7000000000000001,67,3,0.009305555555555555,0.3697308897972107,0.6276670098304749,,0.8255265339966833,-0.0030292052469135804
swin_cifar10_lf_0_05,pre_residual,working,7,0.7000000000000001,0.8,72,2,0.01,0.4612024128437042,0.03869551420211792,,0.8946874999999999,-0.003946875
swin_cifar10_lf_0_05,pre_residual,working,8,0.8,0.9,115,4,0.01597222222222222,0.5251956582069397,-0.11486069858074188,,0.8458260869565216,-0.00552361111111111
swin_cifar10_lf_0_05,pre_residual,working,9,0.9,1.0,6877,7188,0.9551388888888889,0.3055359721183777,0.01201274897903204,0.9032620064834279,0.9027403038308048,-0.38467292631172845
vit_cifar100_blend_0_01_evade_l1,before_attention_norm,working,0,0.0,0.1,0,0,0.0,,,,,0.0
vit_cifar100_blend_0_01_evade_l1,before_attention_norm,working,1,0.1,0.2,13,0,0.0016424510423247,0.15496468544006348,,,0.5115020166188834,-1.8891499184520918e-05
vit_cifar100_blend_0_01_evade_l1,before_attention_norm,working,2,0.2,0.30000000000000004,67,0,0.008464939987365762,0.22907975316047668,,,0.6088929955403024,-0.0009217726722931465
vit_cifar100_blend_0_01_evade_l1,before_attention_norm,working,3,0.30000000000000004,0.4,110,0,0.013897662665824383,0.288632869720459,,,0.7024946878768737,-0.002814202863734188
vit_cifar100_blend_0_01_evade_l1,before_attention_norm,working,4,0.4,0.5,214,0,0.027037271004421985,0.3847289979457855,,,0.761417750515111,-0.0070680225660434285
vit_cifar100_blend_0_01_evade_l1,before_attention_norm,working,5,0.5,0.6000000000000001,293,2,0.03701831964624131,0.4595872759819031,0.11299508810043335,,0.8089371069317989,-0.011436332574986361
vit_cifar100_blend_0_01_evade_l1,before_attention_norm,working,6,0.6000000000000001,0.7000000000000001,331,1,0.041819330385344286,0.5401831865310669,0.6740590929985046,,0.8610550543634881,-0.015099080605725155
vit_cifar100_blend_0_01_evade_l1,before_attention_norm,working,7,0.7000000000000001,0.8,354,4,0.04472520530638029,0.640466570854187,0.19482068717479706,,0.9011042467459698,-0.017939469784974515
vit_cifar100_blend_0_01_evade_l1,before_attention_norm,working,8,0.8,0.9,507,5,0.0640555906506633,0.7550863027572632,0.33847230672836304,0.854043392504931,0.9420636670940378,-0.028316649300906785
vit_cifar100_blend_0_01_evade_l1,before_attention_norm,working,9,0.9,1.0,6026,7903,0.7613392293114339,0.7663730382919312,0.21457241475582123,0.9167436700024304,0.9166840092175851,-0.3172378824441146
swin_cifar10_blend_0_1,before_attention_norm,working,0,0.0,0.1,0,0,0.0,,,,,0.0
swin_cifar10_blend_0_1,before_attention_norm,working,1,0.1,0.2,0,0,0.0,,,,,0.0
swin_cifar10_blend_0_1,before_attention_norm,working,2,0.2,0.30000000000000004,1,0,0.0001388888888888889,0.03888314962387085,,,0.0,6.944444444444444e-05
swin_cifar10_blend_0_1,before_attention_norm,working,3,0.30000000000000004,0.4,2,0,0.0002777777777777778,0.24237100780010223,,,0.0005555555555555556,0.0001387345679012346
swin_cifar10_blend_0_1,before_attention_norm,working,4,0.4,0.5,11,0,0.0015277777777777779,0.2988642454147339,,,0.007537878787878788,0.0007523726851851851
swin_cifar10_blend_0_1,before_attention_norm,working,5,0.5,0.6000000000000001,41,0,0.005694444444444445,0.4368310868740082,,,0.04389566395663957,0.002597260802469136
swin_cifar10_blend_0_1,before_attention_norm,working,6,0.6000000000000001,0.7000000000000001,63,0,0.00875,0.5215078592300415,,,0.11522266313932979,0.003366801697530864
swin_cifar10_blend_0_1,before_attention_norm,working,7,0.7000000000000001,0.8,60,0,0.008333333333333333,0.6273387670516968,,,0.2675115740740741,0.0019374035493827158
swin_cifar10_blend_0_1,before_attention_norm,working,8,0.8,0.9,93,0,0.012916666666666667,0.7238108515739441,,,0.5261887694145758,-0.0003382716049382716
swin_cifar10_blend_0_1,before_attention_norm,working,9,0.9,1.0,6929,7200,0.9623611111111111,0.8890889286994934,0.7080003619194031,0.902436328394349,0.9024363283943491,-0.38728907214506175
swin_tiny_adaptive_blend_0_1_evade_l1,before_attention_norm_token_mask,working,0,0.0,0.1,4,0,0.0005025757004648825,0.07753947377204895,,,0.18183817062445032,0.00015990040425960532
swin_tiny_adaptive_blend_0_1_evade_l1,before_attention_norm_token_mask,working,1,0.1,0.2,62,1,0.007789923357205679,0.1546994000673294,0.18654292821884155,,0.3454397334727576,0.0012040126303165012
swin_tiny_adaptive_blend_0_1_evade_l1,before_attention_norm_token_mask,working,2,0.2,0.30000000000000004,158,7,0.019851740168362858,0.24440161883831024,0.05170687660574913,0.6229656419529838,0.5178915358936066,-0.0003551781217728167
swin_tiny_adaptive_blend_0_1_evade_l1,before_attention_norm_token_mask,working,3,0.30000000000000004,0.4,252,22,0.0316622691292876,0.3405725657939911,0.07861874997615814,0.6755050505050504,0.6552575002443076,-0.0049158047570757035
swin_tiny_adaptive_blend_0_1_evade_l1,before_attention_norm_token_mask,working,4,0.4,0.5,288,113,0.036185450433471544,0.4385511577129364,0.0071573564782738686,0.7587881022615536,0.7484346860995937,-0.008989721019811912
swin_tiny_adaptive_blend_0_1_evade_l1,before_attention_norm_token_mask,working,5,0.5,0.6000000000000001,402,385,0.050508857896720695,0.5341127514839172,0.1714538335800171,0.7379014020805065,0.8162760765840353,-0.0159747434083154
swin_tiny_adaptive_blend_0_1_evade_l1,before_attention_norm_token_mask,working,6,0.6000000000000001,0.7000000000000001,388,393,0.0487498429450936,0.6314370632171631,0.2188214659690857,0.7922929618845256,0.8687511576727636,-0.017976561022368675
swin_tiny_adaptive_blend_0_1_evade_l1,before_attention_norm_token_mask,working,7,0.7000000000000001,0.8,428,489,0.05377559994974243,0.7301284670829773,0.2761648893356323,0.8322200561894386,0.9066104556882059,-0.021865721200471425
swin_tiny_adaptive_blend_0_1_evade_l1,before_attention_norm_token_mask,working,8,0.8,0.9,541,838,0.06797336348787536,0.8297134637832642,0.31646886467933655,0.8672197248090913,0.9364285865244218,-0.029665518948324195
swin_tiny_adaptive_blend_0_1_evade_l1,before_attention_norm_token_mask,working,9,0.9,1.0,5436,5711,0.6830003769317754,0.9084242582321167,0.3079082667827606,0.9559148115206715,0.9600390952306065,-0.3142068754458572
vit_cifar10_blend_0_005,before_attention_norm,working,0,0.0,0.1,0,0,0.0,,,,,0.0
vit_cifar10_blend_0_005,before_attention_norm,working,1,0.1,0.2,0,0,0.0,,,,,0.0
vit_cifar10_blend_0_005,before_attention_norm,working,2,0.2,0.30000000000000004,0,0,0.0,,,,,0.0
vit_cifar10_blend_0_005,before_attention_norm,working,3,0.30000000000000004,0.4,5,0,0.0006944444444444445,0.14095288515090942,,,0.5991944444444444,-6.888503086419755e-05
vit_cifar10_blend_0_005,before_attention_norm,working,4,0.4,0.5,37,0,0.005138888888888889,0.2286016047000885,,,0.7557995495495495,-0.001314525462962963
vit_cifar10_blend_0_005,before_attention_norm,working,5,0.5,0.6000000000000001,77,2,0.010694444444444444,0.30691978335380554,0.08717672526836395,,0.8275180375180377,-0.0035026234567901234
vit_cifar10_blend_0_005,before_attention_norm,working,6,0.6000000000000001,0.7000000000000001,85,0,0.011805555555555555,0.42501017451286316,,,0.8923496732026144,-0.004631905864197531
vit_cifar10_blend_0_005,before_attention_norm,working,7,0.7000000000000001,0.8,100,0,0.013888888888888888,0.46091485023498535,,,0.8702763888888889,-0.00514272762345679
vit_cifar10_blend_0_005,before_attention_norm,working,8,0.8,0.9,182,5,0.025277777777777777,0.6232413649559021,0.13017885386943817,0.8175824175824177,0.9879899267399267,-0.012335300925925925
vit_cifar10_blend_0_005,before_attention_norm,working,9,0.9,1.0,6714,7193,0.9325,0.6399337649345398,0.03747210279107094,0.9789273062410783,0.9788430580379307,-0.44652115162037037
vit_gtsrb_bpp_0_01,before_attention_norm,working,0,0.0,0.1,0,0,0.0,,,,,0.0
vit_gtsrb_bpp_0_01,before_attention_norm,working,1,0.1,0.2,1,0,9.453582907922102e-05,0.15231502056121826,,,0.8174513140480242,-3.001052316581813e-05
vit_gtsrb_bpp_0_01,before_attention_norm,working,2,0.2,0.30000000000000004,4,4,0.0003781433163168841,0.24437417089939117,0.20954592525959015,,0.8541548496880318,-0.00013392128935073994
vit_gtsrb_bpp_0_01,before_attention_norm,working,3,0.30000000000000004,0.4,19,6,0.0017961807525051995,0.32378920912742615,0.27928557991981506,0.4649122807017544,0.8726353603805315,-0.0006693204620183494
vit_gtsrb_bpp_0_01,before_attention_norm,working,4,0.4,0.5,37,20,0.0034978256759311778,0.3481793999671936,0.15941883623600006,0.6283783783783784,0.803850929772654,-0.0010628175838143508
vit_gtsrb_bpp_0_01,before_attention_norm,working,5,0.5,0.6000000000000001,37,160,0.0034978256759311778,0.39830726385116577,0.15746405720710754,0.6837837837837837,0.7962957285135392,-0.0010363908068633907
vit_gtsrb_bpp_0_01,before_attention_norm,working,6,0.6000000000000001,0.7000000000000001,47,194,0.004443183966723388,0.5663449168205261,0.17545188963413239,0.7873437157271331,0.9068138207359312,-0.0018075486457353723
vit_gtsrb_bpp_0_01,before_attention_norm,working,7,0.7000000000000001,0.8,80,239,0.007562866326337682,0.6386283040046692,0.2391611486673355,0.7671548117154812,0.9151989979202118,-0.0031400945200999184
vit_gtsrb_bpp_0_01,before_attention_norm,working,8,0.8,0.9,111,413,0.010493477027793534,0.7567025423049927,0.253144234418869,0.841349824400672,0.9276409137441468,-0.004487440104518842
vit_gtsrb_bpp_0_01,before_attention_norm,working,9,0.9,1.0,10242,9542,0.9682359614293817,0.45461347699165344,0.10381162911653519,0.840036455238684,0.8256165209197766,-0.31527362519005026
vit_tiny_blend_0_1,pre_residual,working,0,0.0,0.1,4,0,0.0005025757004648825,-0.02191520296037197,,,0.7030405829878126,-0.00010204326321789798
vit_tiny_blend_0_1,pre_residual,working,1,0.1,0.2,60,0,0.007538635506973238,0.07265150547027588,,,0.7946245340704444,-0.0022210669737688983
vit_tiny_blend_0_1,pre_residual,working,2,0.2,0.30000000000000004,152,0,0.019097876617665537,0.11790107190608978,,,0.863320901197585,-0.006938657743690529
vit_tiny_blend_0_1,pre_residual,working,3,0.30000000000000004,0.4,210,0,0.026385224274406333,0.17740704119205475,,,0.8343145525580504,-0.008820964447441964
vit_tiny_blend_0_1,pre_residual,working,4,0.4,0.5,279,1,0.03505465510742556,0.18494655191898346,0.2899593710899353,,0.8289058485670964,-0.0115296810843347
vit_tiny_blend_0_1,pre_residual,working,5,0.5,0.6000000000000001,379,2,0.047619047619047616,0.2387855350971222,0.13360700011253357,,0.8290526547500531,-0.015669174035716816
vit_tiny_blend_0_1,pre_residual,working,6,0.6000000000000001,0.7000000000000001,355,0,0.04460359341625832,0.2629173994064331,,,0.842247504375417,-0.01526546853289019
vit_tiny_blend_0_1,pre_residual,working,7,0.7000000000000001,0.8,405,3,0.05088578967206935,0.32271164655685425,0.15811951458454132,,0.8699287552409805,-0.018824116832842953
vit_tiny_blend_0_1,pre_residual,working,8,0.8,0.9,571,2,0.07174268124136197,0.3492501378059387,0.4686933755874634,,0.9064461054674031,-0.029159533386340895
vit_tiny_blend_0_1,pre_residual,working,9,0.9,1.0,5544,7951,0.6965699208443272,0.12413778156042099,0.007039743009954691,0.8994800834585138,0.899008539344951,-0.27793734666772313
swin_cifar100_blend_0_01,mlp_norm_out_gain_scale,working,0,0.0,0.1,0,0,0.0,,,,,0.0
swin_cifar100_blend_0_01,mlp_norm_out_gain_scale,working,1,0.1,0.2,2,0,0.00025268477574226153,0.14223119616508484,,,0.9962728995578016,-0.000125400606331725
swin_cifar100_blend_0_01,mlp_norm_out_gain_scale,working,2,0.2,0.30000000000000004,18,0,0.002274162981680354,0.22911670804023743,,,0.9412999227907629,-0.0010035879482291515
swin_cifar100_blend_0_01,mlp_norm_out_gain_scale,working,3,0.30000000000000004,0.4,51,0,0.006443461781427669,0.29334861040115356,,,0.9578065970544882,-0.0029498593114060515
swin_cifar100_blend_0_01,mlp_norm_out_gain_scale,working,4,0.4,0.5,125,0,0.015792798483891344,0.3248647451400757,,,0.8775135818066963,-0.005961995922405182
swin_cifar100_blend_0_01,mlp_norm_out_gain_scale,working,5,0.5,0.6000000000000001,221,2,0.0279216677195199,0.35927554965019226,-0.02497008442878723,,0.8438185128757756,-0.009599986272336882
swin_cifar100_blend_0_01,mlp_norm_out_gain_scale,working,6,0.6000000000000001,0.7000000000000001,220,1,0.027795325331648767,0.4391476511955261,0.6650509238243103,,0.8433526675472348,-0.009543599097964836
swin_cifar100_blend_0_01,mlp_norm_out_gain_scale,working,7,0.7000000000000001,0.8,242,3,0.030574857864813645,0.5072782039642334,0.0832858458161354,,0.8402776400077268,-0.01040394047781047
swin_cifar100_blend_0_01,mlp_norm_out_gain_scale,working,8,0.8,0.9,358,5,0.045230574857864816,0.5998996496200562,0.2594720125198364,0.641340782122905,0.8670094615626225,-0.016600048924752853
swin_cifar100_blend_0_01,mlp_norm_out_gain_scale,working,9,0.9,1.0,6678,7904,0.8437144662034113,0.4393633306026459,0.0026621485594660044,0.8190607028274605,0.8189206712454903,-0.26907798390112253
vit_cifar100_lf_0_01,mlp_neurons_token_mask,working,0,0.0,0.1,2,0,0.00025268477574226153,0.07653418928384781,,,0.6411876184459886,-3.5675961704608615e-05
vit_cifar100_lf_0_01,mlp_neurons_token_mask,working,1,0.1,0.2,16,0,0.0020214782059380923,0.12465416640043259,,,0.6634870499052432,-0.0003304855083365624
vit_cifar100_lf_0_01,mlp_neurons_token_mask,working,2,0.2,0.30000000000000004,36,1,0.004548325963360708,0.21725767850875854,0.24025842547416687,,0.7418088018530216,-0.0010998252516372434
vit_cifar100_lf_0_01,mlp_neurons_token_mask,working,3,0.30000000000000004,0.4,83,12,0.010486418193303853,0.3112121820449829,-0.03883301094174385,0.9226907630522089,0.7953177206615468,-0.003096825118750272
vit_cifar100_lf_0_01,mlp_neurons_token_mask,working,4,0.4,0.5,153,18,0.019330385344283007,0.4040885269641876,0.023900773376226425,0.8703703703703703,0.8429638437813535,-0.00662962325945004
vit_cifar100_lf_0_01,mlp_neurons_token_mask,working,5,0.5,0.6000000000000001,247,79,0.031206569804169297,0.4749862253665924,0.2911263108253479,0.6477732793522268,0.8606660852529788,-0.011255151365443562
vit_cifar100_lf_0_01,mlp_neurons_token_mask,working,6,0.6000000000000001,0.7000000000000001,276,91,0.03487049905243209,0.5591158270835876,0.2911052405834198,0.7346313107182671,0.8815471449366915,-0.01330473935597307
vit_cifar100_lf_0_01,mlp_neurons_token_mask,working,7,0.7000000000000001,0.8,337,94,0.04257738471257107,0.6681832671165466,0.4011780321598053,0.7162699665382914,0.9216868395845322,-0.01795432279721887
vit_cifar100_lf_0_01,mlp_neurons_token_mask,working,8,0.8,0.9,439,132,0.05546430827542641,0.772213339805603,0.47292250394821167,0.7833057223717818,0.9416542794526698,-0.0244960491067242
vit_cifar100_lf_0_01,mlp_neurons_token_mask,working,9,0.9,1.0,6326,7488,0.7992419456727732,0.8281983137130737,0.13454477488994598,0.9543066566956071,0.9510176194306046,-0.36047219968641864
vit_cifar100_blend_0_1_evade_l1,before_mlp_gaussian,working,0,0.0,0.1,0,0,0.0,,,,,0.0
vit_cifar100_blend_0_1_evade_l1,before_mlp_gaussian,working,1,0.1,0.2,11,0,0.0013897662665824384,0.011072719469666481,,,0.6365933497961294,-0.00018983282978615572
vit_cifar100_blend_0_1_evade_l1,before_mlp_gaussian,working,2,0.2,0.30000000000000004,57,0,0.007201516108654453,0.08146447688341141,,,0.7720517338830336,-0.001959184943946041
vit_cifar100_blend_0_1_evade_l1,before_mlp_gaussian,working,3,0.30000000000000004,0.4,114,1,0.014403032217308907,0.13101226091384888,-0.474180668592453,,0.7807904157107868,-0.004044233403794023
vit_cifar100_blend_0_1_evade_l1,before_mlp_gaussian,working,4,0.4,0.5,228,0,0.028806064434617813,0.1351294368505478,,,0.7194340082676686,-0.006321030181304918
vit_cifar100_blend_0_1_evade_l1,before_mlp_gaussian,working,5,0.5,0.6000000000000001,330,0,0.041692987997473153,0.162273108959198,,,0.7183242405099638,-0.009102589939139363
vit_cifar100_blend_0_1_evade_l1,before_mlp_gaussian,working,6,0.6000000000000001,0.7000000000000001,332,2,0.04194567277321541,0.20995289087295532,-0.3593086898326874,,0.7441129013844386,-0.010239479881191864
vit_cifar100_blend_0_1_evade_l1,before_mlp_gaussian,working,7,0.7000000000000001,0.8,398,0,0.05028427037271004,0.2731212377548218,,,0.7940898427703902,-0.014788093167734086
vit_cifar100_blend_0_1_evade_l1,before_mlp_gaussian,working,8,0.8,0.9,549,2,0.0693619709412508,0.28371959924697876,-0.15013664960861206,,0.8234004973149366,-0.022431695897144686
vit_cifar100_blend_0_1_evade_l1,before_mlp_gaussian,working,9,0.9,1.0,5896,7910,0.7449147188881869,0.10192061215639114,9.015469913720153e-06,0.8595600930241334,0.8596488105901321,-0.26790769263921904
swin_cifar100_lf_0_01_evade_l1,before_attention_norm_token_mask,working,0,0.0,0.1,0,0,0.0,,,,,0.0
swin_cifar100_lf_0_01_evade_l1,before_attention_norm_token_mask,working,1,0.1,0.2,10,1,0.0012634238787113076,0.14610496163368225,0.08786257356405258,,0.1918761844598863,0.00038929098615301784
swin_cifar100_lf_0_01_evade_l1,before_attention_norm_token_mask,working,2,0.2,0.30000000000000004,48,6,0.006064434617814277,0.23072831332683563,0.19191782176494598,0.6250000000000001,0.31835123183828173,0.001101597077923244
swin_cifar100_lf_0_01_evade_l1,before_attention_norm_token_mask,working,3,0.30000000000000004,0.4,118,7,0.01490840176879343,0.32293570041656494,0.2722182869911194,0.6743341404358353,0.42564750473783947,0.001108476871880598
swin_cifar100_lf_0_01_evade_l1,before_attention_norm_token_mask,working,4,0.4,0.5,179,30,0.022615287428932408,0.4198712408542633,0.37393486499786377,0.592364990689013,0.5329933617309612,-0.0007461543587924287
swin_cifar100_lf_0_01_evade_l1,before_attention_norm_token_mask,working,5,0.5,0.6000000000000001,277,92,0.034996841440303225,0.5096115469932556,0.43630069494247437,0.6897268874587976,0.6218294104097917,-0.004263644558877108
swin_cifar100_lf_0_01_evade_l1,before_attention_norm_token_mask,working,6,0.6000000000000001,0.7000000000000001,295,80,0.037271004421983576,0.6068910956382751,0.5401020050048828,0.6565677966101694,0.7134254847586111,-0.007954582186202182
swin_cifar100_lf_0_01_evade_l1,before_attention_norm_token_mask,working,7,0.7000000000000001,0.8,346,112,0.04371446620341125,0.7044576406478882,0.6327427625656128,0.7290204376548307,0.8059910391843979,-0.013376234940973045
swin_cifar100_lf_0_01_evade_l1,before_attention_norm_token_mask,working,8,0.8,0.9,436,157,0.05508528111181301,0.800129771232605,0.6926146149635315,0.7524688833050897,0.8853747094994407,-0.021228474206159968
swin_cifar100_lf_0_01_evade_l1,before_attention_norm_token_mask,working,9,0.9,1.0,6206,7430,0.7840808591282376,0.7892200350761414,0.41353926062583923,0.8554693304660231,0.8530826748674535,-0.27684536705336904
vit_tiny_blend_0_01_evade_l1,mlp_norm_out_gain_scale,working,0,0.0,0.1,3,0,0.0003769317753486619,0.07640986144542694,,,0.5643925116220632,-2.4271583724863586e-05
vit_tiny_blend_0_01_evade_l1,mlp_norm_out_gain_scale,working,1,0.1,0.2,65,1,0.008166855132554341,0.13186544179916382,0.1209426000714302,,0.7960064561647675,-0.002417441845798453
vit_tiny_blend_0_01_evade_l1,mlp_norm_out_gain_scale,working,2,0.2,0.30000000000000004,185,1,0.023244126146500815,0.19897107779979706,0.21915461122989655,,0.8605148684304357,-0.008379853079486192
vit_tiny_blend_0_01_evade_l1,mlp_norm_out_gain_scale,working,3,0.30000000000000004,0.4,260,4,0.032667420530217366,0.3254975974559784,-0.0730607733130455,,0.934663225956102,-0.014199326391328874
vit_tiny_blend_0_01_evade_l1,mlp_norm_out_gain_scale,working,4,0.4,0.5,328,15,0.041211207438120366,0.40338584780693054,0.028660032898187637,0.8587398373983741,0.9376515005255595,-0.01803614677376347
vit_tiny_blend_0_01_evade_l1,mlp_norm_out_gain_scale,working,5,0.5,0.6000000000000001,419,37,0.052644804623696445,0.45351219177246094,0.20712806284427643,0.6762562084757788,0.9018385094732221,-0.02115470982149517
vit_tiny_blend_0_01_evade_l1,mlp_norm_out_gain_scale,working,6,0.6000000000000001,0.7000000000000001,365,58,0.04586003266742053,0.5555386543273926,0.20912259817123413,0.7697213037316958,0.9106172559022525,-0.018830920769483877
vit_tiny_blend_0_01_evade_l1,mlp_norm_out_gain_scale,working,7,0.7000000000000001,0.8,464,47,0.058298781253926374,0.628217339515686,0.14680849015712738,0.8350146735143067,0.8954999978337254,-0.023057167859636716
vit_tiny_blend_0_01_evade_l1,mlp_norm_out_gain_scale,working,8,0.8,0.9,599,105,0.07526071114461616,0.7245132327079773,0.20850473642349243,0.8632482709277367,0.9081847053796785,-0.030720271205230236
vit_tiny_blend_0_01_evade_l1,mlp_norm_out_gain_scale,working,9,0.9,1.0,5271,7691,0.662269129287599,0.6379625797271729,0.09822491556406021,0.7559058242329578,0.7577013874154749,-0.1706676734598528
vit_cifar10_bpp_0_005,post_residual,working,0,0.0,0.1,0,0,0.0,,,,,0.0
vit_cifar10_bpp_0_005,post_residual,working,1,0.1,0.2,0,0,0.0,,,,,0.0
vit_cifar10_bpp_0_005,post_residual,working,2,0.2,0.30000000000000004,0,0,0.0,,,,,0.0
vit_cifar10_bpp_0_005,post_residual,working,3,0.30000000000000004,0.4,4,2,0.0005555555555555556,0.17669954895973206,0.19519942998886108,,6.944444444444444e-05,0.0002777391975308642
vit_cifar10_bpp_0_005,post_residual,working,4,0.4,0.5,22,7,0.0030555555555555557,0.3446292579174042,0.3622288405895233,0.4025974025974026,0.019943181818181818,0.0014668402777777778
vit_cifar10_bpp_0_005,post_residual,working,5,0.5,0.6000000000000001,81,41,0.01125,0.41890645027160645,0.42094913125038147,0.5109906654622102,0.06543895747599451,0.004888811728395062
vit_cifar10_bpp_0_005,post_residual,working,6,0.6000000000000001,0.7000000000000001,106,39,0.014722222222222222,0.5128592848777771,0.5081755518913269,0.5387034349298501,0.17166928721174002,0.004833757716049383
vit_cifar10_bpp_0_005,post_residual,working,7,0.7000000000000001,0.8,103,55,0.014305555555555556,0.6136566400527954,0.6115410327911377,0.5011473962930274,0.34344795037756204,0.002239564043209876
vit_cifar10_bpp_0_005,post_residual,working,8,0.8,0.9,147,71,0.020416666666666666,0.7209768295288086,0.7125834226608276,0.5484334578901983,0.5906632653061226,-0.0018510416666666669
vit_cifar10_bpp_0_005,post_residual,working,9,0.9,1.0,6737,6985,0.9356944444444445,0.8537454009056091,0.6741319298744202,0.8808424273520655,0.8834901889235235,-0.3588296392746914
vit_tiny_badnet_a2o_0_1,before_mlp_residual,working,0,0.0,0.1,3,0,0.0003769317753486619,0.06579617410898209,,,0.6609708087280647,-6.06750127131793e-05
vit_tiny_badnet_a2o_0_1,before_mlp_residual,working,1,0.1,0.2,69,0,0.008669430833019224,0.13105033338069916,,,0.6924710154032169,-0.0016686141553991663
vit_tiny_badnet_a2o_0_1,before_mlp_residual,working,2,0.2,0.30000000000000004,123,0,0.015454202789295138,0.22164666652679443,,,0.7623991656426174,-0.004055169917582858
vit_tiny_badnet_a2o_0_1,before_mlp_residual,working,3,0.30000000000000004,0.4,197,0,0.024751853247895465,0.29046207666397095,,,0.8395093381498964,-0.008403485314176352
vit_tiny_badnet_a2o_0_1,before_mlp_residual,working,4,0.4,0.5,241,0,0.030280185953009173,0.3661131262779236,,,0.8944658803755139,-0.011944500209888027
vit_tiny_badnet_a2o_0_1,before_mlp_residual,working,5,0.5,0.6000000000000001,350,0,0.04397537379067722,0.43335092067718506,,,0.9031249439089619,-0.01772757009274239
vit_tiny_badnet_a2o_0_1,before_mlp_residual,working,6,0.6000000000000001,0.7000000000000001,349,0,0.043849729865561,0.5331405401229858,,,0.9351356936390692,-0.0190805826209367
vit_tiny_badnet_a2o_0_1,before_mlp_residual,working,7,0.7000000000000001,0.8,381,0,0.04787033546928006,0.5910167098045349,,,0.9436092915826154,-0.02123572560534948
vit_tiny_badnet_a2o_0_1,before_mlp_residual,working,8,0.8,0.9,558,0,0.07010931021485112,0.7039924263954163,,,0.9703514111974406,-0.03297601299763436
vit_tiny_badnet_a2o_0_1,before_mlp_residual,working,9,0.9,1.0,5688,7959,0.714662646061063,0.564099133014679,0.10333045572042465,0.89974273036796,0.8997427303679599,-0.2856811974284403
vit_cifar10_blend_0_05,before_mlp_norm,working,0,0.0,0.1,0,0,0.0,,,,,0.0
vit_cifar10_blend_0_05,before_mlp_norm,working,1,0.1,0.2,0,0,0.0,,,,,0.0
vit_cifar10_blend_0_05,before_mlp_norm,working,2,0.2,0.30000000000000004,0,0,0.0,,,,,0.0
vit_cifar10_blend_0_05,before_mlp_norm,working,3,0.30000000000000004,0.4,3,0,0.0004166666666666667,0.25785180926322937,,,0.5735185185185185,-3.063271604938271e-05
vit_cifar10_blend_0_05,before_mlp_norm,working,4,0.4,0.5,18,0,0.0025,0.29613813757896423,,,0.649537037037037,-0.00037384259259259255
vit_cifar10_blend_0_05,before_mlp_norm,working,5,0.5,0.6000000000000001,64,0,0.008888888888888889,0.27119046449661255,,,0.5877973090277777,-0.000780420524691358
vit_cifar10_blend_0_05,before_mlp_norm,working,6,0.6000000000000001,0.7000000000000001,75,0,0.010416666666666666,0.39724570512771606,,,0.7252444444444444,-0.0023462962962962964
vit_cifar10_blend_0_05,before_mlp_norm,working,7,0.7000000000000001,0.8,103,0,0.014305555555555556,0.4783139228820801,,,0.7571790722761597,-0.0036790895061728397
vit_cifar10_blend_0_05,before_mlp_norm,working,8,0.8,0.9,155,1,0.021527777777777778,0.5762904286384583,0.33194977045059204,,0.8516137992831542,-0.0075694637345679015
vit_cifar10_blend_0_05,before_mlp_norm,working,9,0.9,1.0,6782,7199,0.9419444444444445,0.629813551902771,0.2332603633403778,0.874387903821466,0.8743792186834431,-0.352644425154321
swin_tiny_wanet_0_1_evade_l1,before_attention_norm_token_mask,working,0,0.0,0.1,3,0,0.0003769317753486619,0.07349978387355804,,,0.9410311178121203,-0.00016623864222092743
swin_tiny_wanet_0_1_evade_l1,before_attention_norm_token_mask,working,1,0.1,0.2,70,0,0.008795074758135445,0.11621797829866409,,,0.9326746001830811,-0.003805405454556562
swin_tiny_wanet_0_1_evade_l1,before_attention_norm_token_mask,working,2,0.2,0.30000000000000004,137,4,0.017213217740922226,0.16134759783744812,0.21419477462768555,,0.9134524291006005,-0.007116846687621844
swin_tiny_wanet_0_1_evade_l1,before_attention_norm_token_mask,working,3,0.30000000000000004,0.4,217,4,0.027264731750219876,0.20886170864105225,0.1241825670003891,,0.8834151755859377,-0.010453711911314048
swin_tiny_wanet_0_1_evade_l1,before_attention_norm_token_mask,working,4,0.4,0.5,298,11,0.037441889684633745,0.2570716440677643,0.07921621203422546,0.6787675411836487,0.8773639398561925,-0.014129219007054324
swin_tiny_wanet_0_1_evade_l1,before_attention_norm_token_mask,working,5,0.5,0.6000000000000001,383,32,0.0481216233195125,0.29952818155288696,0.12287883460521698,0.7072454308093995,0.8581355425668823,-0.017234063676732754
swin_tiny_wanet_0_1_evade_l1,before_attention_norm_token_mask,working,6,0.6000000000000001,0.7000000000000001,346,40,0.04347279809021234,0.3531232476234436,0.2077350914478302,0.6343930635838151,0.8868124354077656,-0.016815818903265084
swin_tiny_wanet_0_1_evade_l1,before_attention_norm_token_mask,working,7,0.7000000000000001,0.8,413,42,0.051890941072999124,0.4052596688270569,0.1980370730161667,0.7084630462354433,0.920134271677456,-0.021801162734362264
swin_tiny_wanet_0_1_evade_l1,before_attention_norm_token_mask,working,8,0.8,0.9,520,64,0.06533484106043473,0.3806883692741394,0.2772398889064789,0.6060697115384616,0.8809267689214918,-0.02488778990315062
swin_tiny_wanet_0_1_evade_l1,before_attention_norm_token_mask,working,9,0.9,1.0,5572,7762,0.7000879507475813,0.13024140894412994,0.017283137887716293,0.8110785042006144,0.8014019399674588,-0.2110078665031638
vit_cifar10_wanet_0_1,pre_residual,working,0,0.0,0.1,0,0,0.0,,,,,0.0
vit_cifar10_wanet_0_1,pre_residual,working,1,0.1,0.2,0,0,0.0,,,,,0.0
vit_cifar10_wanet_0_1,pre_residual,working,2,0.2,0.30000000000000004,2,0,0.0002777777777777778,-0.01866225153207779,,,0.0008333333333333334,0.0001386574074074074
vit_cifar10_wanet_0_1,pre_residual,working,3,0.30000000000000004,0.4,8,0,0.0011111111111111111,0.24257320165634155,,,0.015729166666666666,0.0005380787037037037
vit_cifar10_wanet_0_1,pre_residual,working,4,0.4,0.5,40,6,0.005555555555555556,0.2742674648761749,0.33104071021080017,0.37916666666666665,0.03250694444444444,0.0025971836419753083
vit_cifar10_wanet_0_1,pre_residual,working,5,0.5,0.6000000000000001,103,74,0.014305555555555556,0.403841108083725,0.29765576124191284,0.7407504591970612,0.1334250269687163,0.005244058641975309
vit_cifar10_wanet_0_1,pre_residual,working,6,0.6000000000000001,0.7000000000000001,125,86,0.017361111111111112,0.4824613928794861,0.38298654556274414,0.716186046511628,0.2628433333333334,0.00411730324074074
vit_cifar10_wanet_0_1,pre_residual,working,7,0.7000000000000001,0.8,161,109,0.02236111111111111,0.5995543003082275,0.46599140763282776,0.769958402188159,0.5350508971704624,-0.0007837770061728395
vit_cifar10_wanet_0_1,pre_residual,working,8,0.8,0.9,216,199,0.03,0.693562388420105,0.572503387928009,0.7599804578447795,0.7482725694444445,-0.007448177083333333
vit_cifar10_wanet_0_1,pre_residual,working,9,0.9,1.0,6545,6726,0.9090277777777778,0.8347358107566833,0.5960856080055237,0.9127476876729119,0.9154430120533061,-0.37764923804012346
swin_cifar100_adaptive_blend_0_1_evade_l1,mlp_norm_out_gain_scale,working,0,0.0,0.1,0,0,0.0,,,,,0.0
swin_cifar100_adaptive_blend_0_1_evade_l1,mlp_norm_out_gain_scale,working,1,0.1,0.2,10,0,0.0012634238787113076,0.15929079055786133,,,0.35085281111813016,0.00018843611987602008
swin_cifar100_adaptive_blend_0_1_evade_l1,mlp_norm_out_gain_scale,working,2,0.2,0.30000000000000004,57,1,0.007201516108654453,0.23622091114521027,-0.6568027138710022,,0.5025855858851171,-1.8620138401980307e-05
swin_cifar100_adaptive_blend_0_1_evade_l1,mlp_norm_out_gain_scale,working,3,0.30000000000000004,0.4,114,0,0.014403032217308907,0.3375726044178009,,,0.6665558400106394,-0.0023989091296541865
swin_cifar100_adaptive_blend_0_1_evade_l1,mlp_norm_out_gain_scale,working,4,0.4,0.5,168,16,0.021225521162349967,0.44099536538124084,-0.08091556280851364,0.8638392857142857,0.7889491772704028,-0.006133096876996547
swin_cifar100_adaptive_blend_0_1_evade_l1,mlp_norm_out_gain_scale,working,5,0.5,0.6000000000000001,291,102,0.03676563487049905,0.5324418544769287,0.16322554647922516,0.7538575567684118,0.8709288770506215,-0.01363743565656739
swin_cifar100_adaptive_blend_0_1_evade_l1,mlp_norm_out_gain_scale,working,6,0.6000000000000001,0.7000000000000001,241,111,0.030448515476942516,0.633984386920929,0.12800078094005585,0.8425479421330044,0.9380812208554061,-0.013338922833373705
swin_cifar100_adaptive_blend_0_1_evade_l1,mlp_norm_out_gain_scale,working,7,0.7000000000000001,0.8,338,141,0.0427037271004422,0.7329899072647095,0.21258044242858887,0.8802509547190398,0.971909003577209,-0.020152273305002737
swin_cifar100_adaptive_blend_0_1_evade_l1,mlp_norm_out_gain_scale,working,8,0.8,0.9,434,258,0.05483259633607075,0.8392439484596252,0.2381911426782608,0.9221948344228914,0.9886763451534304,-0.026795392772784428
swin_cifar100_adaptive_blend_0_1_evade_l1,mlp_norm_out_gain_scale,working,9,0.9,1.0,6262,7286,0.7911560328490208,0.9705837965011597,0.27832359075546265,0.9965612003542275,0.9966087096350497,-0.3928949765931372
vit_cifar10_lf_0_005,post_residual,working,0,0.0,0.1,0,0,0.0,,,,,0.0
vit_cifar10_lf_0_005,post_residual,working,1,0.1,0.2,0,0,0.0,,,,,0.0
vit_cifar10_lf_0_005,post_residual,working,2,0.2,0.30000000000000004,0,0,0.0,,,,,0.0
vit_cifar10_lf_0_005,post_residual,working,3,0.30000000000000004,0.4,8,0,0.0011111111111111111,0.2470477819442749,,,0.00022569444444444446,0.0005553047839506173
vit_cifar10_lf_0_005,post_residual,working,4,0.4,0.5,37,12,0.005138888888888889,0.341940701007843,0.34836480021476746,0.4369369369369369,0.0033408408408408404,0.0025522762345679016
vit_cifar10_lf_0_005,post_residual,working,5,0.5,0.6000000000000001,116,111,0.01611111111111111,0.433289110660553,0.4126734137535095,0.625116495806151,0.01414750957854406,0.007827623456790124
vit_cifar10_lf_0_005,post_residual,working,6,0.6000000000000001,0.7000000000000001,134,133,0.01861111111111111,0.5384380221366882,0.509954035282135,0.6498148355964539,0.032465796019900496,0.008701331018518518
vit_cifar10_lf_0_005,post_residual,working,7,0.7000000000000001,0.8,128,124,0.017777777777777778,0.6414582133293152,0.6140490770339966,0.6115801411290323,0.06413411458333335,0.007748726851851851
vit_cifar10_lf_0_005,post_residual,working,8,0.8,0.9,221,255,0.030694444444444444,0.7371297478675842,0.7045164704322815,0.6666134327033981,0.23094142785319255,0.00825860339506173
vit_cifar10_lf_0_005,post_residual,working,9,0.9,1.0,6556,6565,0.9105555555555556,0.8888291716575623,0.805391252040863,0.8983512135415916,0.9071150684699344,-0.370700887345679
swin_cifar100_adaptive_blend_0_1,pre_residual,working,0,0.0,0.1,0,0,0.0,,,,,0.0
swin_cifar100_adaptive_blend_0_1,pre_residual,working,1,0.1,0.2,3,0,0.0003790271636133923,0.17647595703601837,,,0.961886712992209,-0.00017506761073614994
swin_cifar100_adaptive_blend_0_1,pre_residual,working,2,0.2,0.30000000000000004,12,0,0.0015161086544535692,0.257612407207489,,,0.9696567698462832,-0.0007120506933866583
swin_cifar100_adaptive_blend_0_1,pre_residual,working,3,0.30000000000000004,0.4,67,2,0.008464939987365762,0.2813083827495575,-0.1159157007932663,,0.8898803518729788,-0.0033003137808578116
swin_cifar100_adaptive_blend_0_1,pre_residual,working,4,0.4,0.5,101,20,0.012760581174984208,0.40700769424438477,-0.24364319443702698,0.9217821782178219,0.9586360025768843,-0.005852461940652599
swin_cifar100_adaptive_blend_0_1,pre_residual,working,5,0.5,0.6000000000000001,213,86,0.026910928616550853,0.40332576632499695,0.009596520103514194,0.7795064963423954,0.8800637050350112,-0.010227867235939022
swin_cifar100_adaptive_blend_0_1,pre_residual,working,6,0.6000000000000001,0.7000000000000001,207,116,0.026152874289324068,0.49693888425827026,0.03459363803267479,0.8472430451440945,0.9110104034106341,-0.010749103412002687
swin_cifar100_adaptive_blend_0_1,pre_residual,working,7,0.7000000000000001,0.8,238,176,0.03006948831332912,0.601923942565918,0.026792658492922783,0.9140326585179526,0.9533133025794019,-0.013630899054187956
swin_cifar100_adaptive_blend_0_1,pre_residual,working,8,0.8,0.9,386,311,0.04876816171825647,0.66802978515625,0.0411846861243248,0.9268280492477884,0.9518216542997325,-0.02203451150469953
swin_cifar100_adaptive_blend_0_1,pre_residual,working,9,0.9,1.0,6688,7204,0.8449778900821225,0.5243189930915833,0.008704778738319874,0.9465979306253305,0.9383837638697041,-0.370424587840882
vit_cifar100_adaptive_blend_0_01,mlp_neurons_token_mask,working,0,0.0,0.1,0,0,0.0,,,,,0.0
vit_cifar100_adaptive_blend_0_01,mlp_neurons_token_mask,working,1,0.1,0.2,8,0,0.0010107391029690461,0.09584186971187592,,,0.6205148452305749,-0.00012180906656280465
vit_cifar100_adaptive_blend_0_01,mlp_neurons_token_mask,working,2,0.2,0.30000000000000004,41,1,0.005180037902716361,0.22753413021564484,-0.7594125270843506,,0.6951912854567586,-0.0010110982569459383
vit_cifar100_adaptive_blend_0_01,mlp_neurons_token_mask,working,3,0.30000000000000004,0.4,93,23,0.011749842072015161,0.31161582469940186,-0.048819806426763535,0.5128564749883123,0.6923263980872035,-0.002259804803804159
vit_cifar100_adaptive_blend_0_01,mlp_neurons_token_mask,working,4,0.4,0.5,130,140,0.016424510423247,0.39681461453437805,-0.040636491030454636,0.6273626373626374,0.6873317459546139,-0.003076832214036615
vit_cifar100_adaptive_blend_0_01,mlp_neurons_token_mask,working,5,0.5,0.6000000000000001,238,499,0.03006948831332912,0.4767903983592987,0.03348403051495552,0.6447180074434584,0.7027736931791034,-0.006097301197299641
vit_cifar100_adaptive_blend_0_01,mlp_neurons_token_mask,working,6,0.6000000000000001,0.7000000000000001,220,568,0.027795325331648767,0.5751556158065796,0.14424113929271698,0.6466309218950064,0.7285505082409696,-0.006352635731271416
vit_cifar100_adaptive_blend_0_01,mlp_neurons_token_mask,working,7,0.7000000000000001,0.8,305,674,0.03853442830069488,0.6834586262702942,0.16896949708461761,0.7072821909811742,0.7708774582396983,-0.01043810799281213
vit_cifar100_adaptive_blend_0_01,mlp_neurons_token_mask,working,8,0.8,0.9,414,1094,0.052305748578648135,0.7875350713729858,0.24610714614391327,0.7202350987821141,0.8104345384688156,-0.016237510919278546
vit_cifar100_adaptive_blend_0_01,mlp_neurons_token_mask,working,9,0.9,1.0,6466,4916,0.8169298799747315,0.8496886491775513,0.206896111369133,0.8489830828188859,0.8768260001926594,-0.3078404191087475
swin_cifar10_badnet_a2o_0_1,after_embedding,working,0,0.0,0.1,0,0,0.0,,,,,0.0
swin_cifar10_badnet_a2o_0_1,after_embedding,working,1,0.1,0.2,0,0,0.0,,,,,0.0
swin_cifar10_badnet_a2o_0_1,after_embedding,working,2,0.2,0.30000000000000004,0,0,0.0,,,,,0.0
swin_cifar10_badnet_a2o_0_1,after_embedding,working,3,0.30000000000000004,0.4,5,0,0.0006944444444444445,0.1734182983636856,,,0.798138888888889,-0.00020704089506172837
swin_cifar10_badnet_a2o_0_1,after_embedding,working,4,0.4,0.5,21,0,0.002916666666666667,0.24981620907783508,,,0.7605555555555557,-0.0007599537037037037
swin_cifar10_badnet_a2o_0_1,after_embedding,working,5,0.5,0.6000000000000001,59,0,0.008194444444444445,0.30891507863998413,,,0.7951483050847459,-0.002418576388888889
swin_cifar10_badnet_a2o_0_1,after_embedding,working,6,0.6000000000000001,0.7000000000000001,58,0,0.008055555555555555,0.40144017338752747,,,0.7923323754789273,-0.0023548996913580252
swin_cifar10_badnet_a2o_0_1,after_embedding,working,7,0.7000000000000001,0.8,68,0,0.009444444444444445,0.5102365016937256,,,0.8960968137254901,-0.0037409143518518516
swin_cifar10_badnet_a2o_0_1,after_embedding,working,8,0.8,0.9,108,0,0.015,0.6089023947715759,,,0.9343068415637861,-0.006514602623456791
swin_cifar10_badnet_a2o_0_1,after_embedding,working,9,0.9,1.0,6881,7200,0.9556944444444444,0.44099247455596924,0.002144900616258383,0.9626499802192833,0.9626499802192834,-0.4421520158179012
swin_cifar10_sig_0_1,post_residual,working,0,0.0,0.1,0,0,0.0,,,,,0.0
swin_cifar10_sig_0_1,post_residual,working,1,0.1,0.2,0,0,0.0,,,,,0.0
swin_cifar10_sig_0_1,post_residual,working,2,0.2,0.30000000000000004,0,0,0.0,,,,,0.0
swin_cifar10_sig_0_1,post_residual,working,3,0.30000000000000004,0.4,5,0,0.0006944444444444445,-0.09981930255889893,,,0.36041666666666666,9.693287037037037e-05
swin_cifar10_sig_0_1,post_residual,working,4,0.4,0.5,16,7,0.0022222222222222222,0.184144526720047,-0.29393458366394043,0.9017857142857142,0.6892795138888889,-0.00042062114197530866
swin_cifar10_sig_0_1,post_residual,working,5,0.5,0.6000000000000001,47,68,0.006527777777777778,0.19155754148960114,0.06306087225675583,0.5910513141426783,0.6777245862884161,-0.0011601466049382717
swin_cifar10_sig_0_1,post_residual,working,6,0.6000000000000001,0.7000000000000001,68,88,0.009444444444444445,0.2799897789955139,0.17912998795509338,0.5658422459893047,0.6864113562091503,-0.001760551697530864
swin_cifar10_sig_0_1,post_residual,working,7,0.7000000000000001,0.8,73,98,0.010138888888888888,0.3793734312057495,0.2690015137195587,0.5823315627620912,0.7724467275494673,-0.002762307098765432
swin_cifar10_sig_0_1,post_residual,working,8,0.8,0.9,103,151,0.014305555555555556,0.4888371229171753,0.2586826682090759,0.6766540217321416,0.8735180690399136,-0.005343383487654322
swin_cifar10_sig_0_1,post_residual,working,9,0.9,1.0,6888,6788,0.9566666666666667,0.3054649233818054,0.0526406466960907,0.8821997998791336,0.8660460019034713,-0.35018400848765435
swin_tiny_wanet_0_05_evade_l1,before_attention_norm_token_mask,working,0,0.0,0.1,0,0,0.0,,,,,0.0
swin_tiny_wanet_0_05_evade_l1,before_attention_norm_token_mask,working,1,0.1,0.2,53,1,0.006659128031159693,0.12368792295455933,0.11260698735713959,,0.9339634494709916,-0.0028898181708710336
swin_tiny_wanet_0_05_evade_l1,before_attention_norm_token_mask,working,2,0.2,0.30000000000000004,150,3,0.018846588767433094,0.19011570513248444,0.07416805624961853,,0.9415579846714413,-0.008321861754079176
swin_tiny_wanet_0_05_evade_l1,before_attention_norm_token_mask,working,3,0.30000000000000004,0.4,217,13,0.027264731750219876,0.2333623617887497,0.17655310034751892,0.5083303792981213,0.9161833428579534,-0.011347127201931888
swin_tiny_wanet_0_05_evade_l1,before_attention_norm_token_mask,working,4,0.4,0.5,288,21,0.036185450433471544,0.29776227474212646,0.14807246625423431,0.5952380952380952,0.9106392483701191,-0.014859166167934954
swin_tiny_wanet_0_05_evade_l1,before_attention_norm_token_mask,working,5,0.5,0.6000000000000001,377,61,0.04736775976881518,0.3137706220149994,0.10564825683832169,0.703309127277471,0.8911890281192438,-0.018529747908148625
swin_tiny_wanet_0_05_evade_l1,before_attention_norm_token_mask,working,6,0.6000000000000001,0.7000000000000001,388,55,0.0487498429450936,0.3763572573661804,0.18442630767822266,0.6801312089971884,0.8974641947195873,-0.019376317068877987
swin_tiny_wanet_0_05_evade_l1,before_attention_norm_token_mask,working,7,0.7000000000000001,0.8,406,70,0.051011433597185574,0.42978882789611816,0.23761588335037231,0.6601337086558762,0.9269052539585574,-0.021777049014596594
swin_tiny_wanet_0_05_evade_l1,before_attention_norm_token_mask,working,8,0.8,0.9,567,120,0.0712401055408971,0.4650910198688507,0.1826838105916977,0.7806584362139919,0.9376941303900301,-0.031181376043616926
swin_tiny_wanet_0_05_evade_l1,before_attention_norm_token_mask,working,9,0.9,1.0,5513,7615,0.6926749591657243,0.18497474491596222,0.013281897641718388,0.8968796013576934,0.8796618471407301,-0.2629822544649887
vit_tiny_lc_0_1,input_pixels_scale_up,working,0,0.0,0.1,5,0,0.0006282196255811032,0.08744996041059494,,,0.4556100012564393,2.7886668390225376e-05
vit_tiny_lc_0_1,input_pixels_scale_up,working,1,0.1,0.2,76,6,0.009548938308832768,0.14317521452903748,-0.0007317562703974545,0.4692982456140351,0.4732775209792289,0.00025517130362841944
vit_tiny_lc_0_1,input_pixels_scale_up,working,2,0.2,0.30000000000000004,130,6,0.016333710265108683,0.2453356236219406,-0.06779540330171585,0.8384615384615385,0.5075318700648517,-0.00012302338339373136
vit_tiny_lc_0_1,input_pixels_scale_up,working,3,0.30000000000000004,0.4,208,41,0.02613393642417389,0.3409823775291443,0.027189208194613457,0.723968105065666,0.5232936588477486,-0.0006087549994134564
vit_tiny_lc_0_1,input_pixels_scale_up,working,4,0.4,0.5,267,166,0.03354692800603091,0.4412997364997864,0.06720542907714844,0.7188078155317901,0.5453303988182883,-0.001520695625641786
vit_tiny_lc_0_1,input_pixels_scale_up,working,5,0.5,0.6000000000000001,330,411,0.04146249528835281,0.5284615159034729,0.16782814264297485,0.7315933053159331,0.5686050097659597,-0.0028445348941785
vit_tiny_lc_0_1,input_pixels_scale_up,working,6,0.6000000000000001,0.7000000000000001,346,455,0.04347279809021234,0.6379430294036865,0.22271870076656342,0.7273010226767452,0.6119058876162298,-0.004864862057446347
vit_tiny_lc_0_1,input_pixels_scale_up,working,7,0.7000000000000001,0.8,390,562,0.049001130795326045,0.7421014308929443,0.32897835969924927,0.7512364266812666,0.657432160334535,-0.007714353879943291
vit_tiny_lc_0_1,input_pixels_scale_up,working,8,0.8,0.9,513,889,0.06445533358462119,0.8432378172874451,0.40308159589767456,0.7750621084645122,0.7110996733502867,-0.013606499865397297
vit_tiny_lc_0_1,input_pixels_scale_up,working,9,0.9,1.0,5694,5423,0.7154165096117603,0.9656507968902588,0.4273293912410736,0.8514078311030158,0.8945077474462662,-0.2822373556928056
swin_tiny_blend_0_01_evade_l1,before_attention_norm_token_mask,working,0,0.0,0.1,2,0,0.00025128785023244125,0.0848158523440361,,,1.0,-0.00012564392511622062
swin_tiny_blend_0_01_evade_l1,before_attention_norm_token_mask,working,1,0.1,0.2,44,0,0.005528332705113707,0.1497330516576767,,,0.9772727272727273,-0.002638522427440633
swin_tiny_blend_0_01_evade_l1,before_attention_norm_token_mask,working,2,0.2,0.30000000000000004,123,0,0.015454202789295138,0.24594919383525848,,,1.0,-0.007727101394647569
swin_tiny_blend_0_01_evade_l1,before_attention_norm_token_mask,working,3,0.30000000000000004,0.4,210,0,0.026385224274406333,0.33883053064346313,,,1.0,-0.013192612137203167
swin_tiny_blend_0_01_evade_l1,before_attention_norm_token_mask,working,4,0.4,0.5,270,0,0.03392385978137957,0.432263046503067,,,1.0,-0.016961929890689786
swin_tiny_blend_0_01_evade_l1,before_attention_norm_token_mask,working,5,0.5,0.6000000000000001,383,0,0.0481216233195125,0.5122033953666687,,,0.9921651335155334,-0.023683785166032076
swin_tiny_blend_0_01_evade_l1,before_attention_norm_token_mask,working,6,0.6000000000000001,0.7000000000000001,361,0,0.045357456966955645,0.6209444403648376,,,0.997229916897507,-0.022553084558361605
swin_tiny_blend_0_01_evade_l1,before_attention_norm_token_mask,working,7,0.7000000000000001,0.8,412,0,0.0517652971478829,0.7086655497550964,,,0.997572205612014,-0.02575697307603339
swin_tiny_blend_0_01_evade_l1,before_attention_norm_token_mask,working,8,0.8,0.9,546,0,0.06860158311345646,0.807590901851654,,,0.9963369963369964,-0.034049503706495794
swin_tiny_blend_0_01_evade_l1,before_attention_norm_token_mask,working,9,0.9,1.0,5608,7959,0.7046111320517653,0.7928346395492554,0.0038027639966458082,0.9965991675597063,0.9965991675597065,-0.349909301630209
vit_gtsrb_wanet_0_05,before_mlp_residual_token_mask,working,0,0.0,0.1,0,0,0.0,,,,,0.0
vit_gtsrb_wanet_0_05,before_mlp_residual_token_mask,working,1,0.1,0.2,3,4,0.0002836074872376631,0.15479697287082672,0.14642640948295593,,0.20624566710783387,8.331092821672324e-05
vit_gtsrb_wanet_0_05,before_mlp_residual_token_mask,working,2,0.2,0.30000000000000004,3,3,0.0002836074872376631,0.23800452053546906,0.20222759246826172,,0.337020230667423,4.622228285098612e-05
vit_gtsrb_wanet_0_05,before_mlp_residual_token_mask,working,3,0.30000000000000004,0.4,14,16,0.0013235016071090943,0.23028764128684998,0.16695861518383026,0.5982142857142857,0.3714110147745996,0.00017018772860234504
vit_gtsrb_wanet_0_05,before_mlp_residual_token_mask,working,4,0.4,0.5,41,39,0.003875968992248062,0.3651536703109741,0.19886496663093567,0.6823014383989994,0.538127913894,-0.00014778261199224795
vit_gtsrb_wanet_0_05,before_mlp_residual_token_mask,working,5,0.5,0.6000000000000001,84,360,0.007941009642654566,0.3961926996707916,0.22715479135513306,0.6953373015873017,0.5610093725521972,-0.0004844760157293034
vit_gtsrb_wanet_0_05,before_mlp_residual_token_mask,working,6,0.6000000000000001,0.7000000000000001,85,386,0.008035545471733787,0.5386660099029541,0.33028051257133484,0.7544651021030174,0.6972462269082335,-0.001584981025449031
vit_gtsrb_wanet_0_05,before_mlp_residual_token_mask,working,7,0.7000000000000001,0.8,93,463,0.008791832104367556,0.662947952747345,0.39665699005126953,0.8001114749529714,0.8019281243074996,-0.002654501376498153
vit_gtsrb_wanet_0_05,before_mlp_residual_token_mask,working,8,0.8,0.9,146,700,0.01380223104556627,0.7552200555801392,0.49542322754859924,0.800743639921722,0.8459331463336933,-0.004774649212017322
vit_gtsrb_wanet_0_05,before_mlp_residual_token_mask,working,9,0.9,1.0,10109,8607,0.9556626961618453,0.7485775947570801,0.3972585201263428,0.8248258959334654,0.828429968701337,-0.31386826938947016
vit_cifar100_lc_0_1,mlp_norm_out_gain_scale,working,0,0.0,0.1,0,0,0.0,,,,,0.0
vit_cifar100_lc_0_1,mlp_norm_out_gain_scale,working,1,0.1,0.2,21,0,0.002653190145293746,0.14804667234420776,,,0.0,0.001326595072646873
vit_cifar100_lc_0_1,mlp_norm_out_gain_scale,working,2,0.2,0.30000000000000004,59,0,0.007454200884396715,0.25031644105911255,,,0.00033834063192607897,0.003724578383160627
vit_cifar100_lc_0_1,mlp_norm_out_gain_scale,working,3,0.30000000000000004,0.4,80,8,0.01010739102969046,0.3482382893562317,0.3387375473976135,0.5390625,0.004864181933038535,0.005004531326008455
vit_cifar100_lc_0_1,mlp_norm_out_gain_scale,working,4,0.4,0.5,139,86,0.017561591914087175,0.44577789306640625,0.4061393737792969,0.7133177179186884,0.025683862259529077,0.008329746449264114
vit_cifar100_lc_0_1,mlp_norm_out_gain_scale,working,5,0.5,0.6000000000000001,267,414,0.033733417561591914,0.5390706062316895,0.4862555265426636,0.7403336409198646,0.06833183094726034,0.014561642594703916
vit_cifar100_lc_0_1,mlp_norm_out_gain_scale,working,6,0.6000000000000001,0.7000000000000001,253,416,0.031964624131396085,0.6388856172561646,0.5809568762779236,0.7754636667680146,0.13324327900943575,0.011723240734126691
vit_cifar100_lc_0_1,mlp_norm_out_gain_scale,working,7,0.7000000000000001,0.8,294,503,0.037144662034112444,0.7389470338821411,0.6784253120422363,0.7689576824765691,0.2372675665338782,0.009759107446499026
vit_cifar100_lc_0_1,mlp_norm_out_gain_scale,working,8,0.8,0.9,438,792,0.055337965887555275,0.8413246273994446,0.7704733610153198,0.8079237004750704,0.541483859615723,-0.0022956324082990106
vit_cifar100_lc_0_1,mlp_norm_out_gain_scale,working,9,0.9,1.0,6364,5696,0.8040429564118762,0.9764279723167419,0.8575443029403687,0.9683615102110538,0.9764708445682898,-0.3831030265107513
vit_gtsrb_blend_0_05,before_mlp_norm_token_mask,working,0,0.0,0.1,0,0,0.0,,,,,0.0
vit_gtsrb_blend_0_05,before_mlp_norm_token_mask,working,1,0.1,0.2,2,0,0.00018907165815844205,0.15648454427719116,,,0.6284269238041218,-2.42818914358332e-05
vit_gtsrb_blend_0_05,before_mlp_norm_token_mask,working,2,0.2,0.30000000000000004,25,0,0.0023633957269805256,0.19246695935726166,,,0.6213764416713935,-0.00028686056360227233
vit_gtsrb_blend_0_05,before_mlp_norm_token_mask,working,3,0.30000000000000004,0.4,43,0,0.0040650406504065045,0.2764555811882019,,,0.7112194242548159,-0.0008586155457512839
vit_gtsrb_blend_0_05,before_mlp_norm_token_mask,working,4,0.4,0.5,83,0,0.007846473813575346,0.3680800795555115,,,0.7816370416436023,-0.0022098576721893536
vit_gtsrb_blend_0_05,before_mlp_norm_token_mask,working,5,0.5,0.6000000000000001,92,1,0.008697296275288334,0.47974827885627747,0.2945733964443207,,0.8497815400297583,-0.0030421536852654335
vit_gtsrb_blend_0_05,before_mlp_norm_token_mask,working,6,0.6000000000000001,0.7000000000000001,109,0,0.010304405369635092,0.5856478810310364,,,0.8954446739901578,-0.004074822222057781
vit_gtsrb_blend_0_05,before_mlp_norm_token_mask,working,7,0.7000000000000001,0.8,114,2,0.010777084515031198,0.6707769632339478,0.7056941390037537,,0.9280142832028077,-0.004612746103717155
vit_gtsrb_blend_0_05,before_mlp_norm_token_mask,working,8,0.8,0.9,224,5,0.021176025713745508,0.7917846441268921,0.6866399049758911,0.6928571428571428,0.957168516867893,-0.0096810122687094
vit_gtsrb_blend_0_05,before_mlp_norm_token_mask,working,9,0.9,1.0,9886,10570,0.934581206277179,0.7027607560157776,0.1888517290353775,0.8901762351928351,0.8899884520172049,-0.3644758779204091
swin_cifar100_adaptive_blend_0_05_evade_l1,pre_residual,working,0,0.0,0.1,0,0,0.0,,,,,0.0
swin_cifar100_adaptive_blend_0_05_evade_l1,pre_residual,working,1,0.1,0.2,11,0,0.0013897662665824384,0.15868565440177917,,,0.22340779877103314,0.0003843985108677999
swin_cifar100_adaptive_blend_0_05_evade_l1,pre_residual,working,2,0.2,0.30000000000000004,43,2,0.005432722678458623,0.23989340662956238,0.03205414116382599,,0.35801025430078304,0.0007713909115687087
swin_cifar100_adaptive_blend_0_05_evade_l1,pre_residual,working,3,0.30000000000000004,0.4,100,14,0.012634238787113077,0.3223665952682495,0.24210970103740692,0.5764285714285715,0.49114339861023365,0.00011189641680058458
swin_cifar100_adaptive_blend_0_05_evade_l1,pre_residual,working,4,0.4,0.5,207,95,0.026152874289324068,0.4213411509990692,0.14001084864139557,0.7632341723874905,0.6263689380830748,-0.0033049109517620297
swin_cifar100_adaptive_blend_0_05_evade_l1,pre_residual,working,5,0.5,0.6000000000000001,287,327,0.03626026531901453,0.5026225447654724,0.20897340774536133,0.766934117571844,0.7163494533600693,-0.007844888580459869
swin_cifar100_adaptive_blend_0_05_evade_l1,pre_residual,working,6,0.6000000000000001,0.7000000000000001,292,402,0.036891977258370186,0.6130138039588928,0.2855852544307709,0.8041215157091256,0.8222721726563921,-0.011889257664645162
swin_cifar100_adaptive_blend_0_05_evade_l1,pre_residual,working,7,0.7000000000000001,0.8,354,515,0.04472520530638029,0.7058685421943665,0.326180636882782,0.8450551258844825,0.875915714637515,-0.01681290751505753
swin_cifar100_adaptive_blend_0_05_evade_l1,pre_residual,working,8,0.8,0.9,466,763,0.05887555274794694,0.8022993206977844,0.40020880103111267,0.8768724090021882,0.9133429490916091,-0.024335794602234978
swin_cifar100_adaptive_blend_0_05_evade_l1,pre_residual,working,9,0.9,1.0,6155,5797,0.7776373973468098,0.9099062085151672,0.3760623037815094,0.9401191153664037,0.9438484548202803,-0.3451531572228459
swin_cifar100_bpp_0_05,before_attention_norm,working,0,0.0,0.1,0,0,0.0,,,,,0.0
swin_cifar100_bpp_0_05,before_attention_norm,working,1,0.1,0.2,1,0,0.00012634238787113077,0.1617262214422226,,,0.5735944409349337,-9.29809740176042e-06
swin_cifar100_bpp_0_05,before_attention_norm,working,2,0.2,0.30000000000000004,11,0,0.0013897662665824384,0.24509066343307495,,,0.67395623959111,-0.00024175851364525725
swin_cifar100_bpp_0_05,before_attention_norm,working,3,0.30000000000000004,0.4,48,0,0.006064434617814277,0.33099547028541565,,,0.744667298378606,-0.0014837688341343132
swin_cifar100_bpp_0_05,before_attention_norm,working,4,0.4,0.5,103,1,0.01301326595072647,0.45047223567962646,0.4372413158416748,,0.8197572508877702,-0.004161086145475717
swin_cifar100_bpp_0_05,before_attention_norm,working,5,0.5,0.6000000000000001,201,2,0.025394819962097283,0.5273402333259583,0.4706772267818451,,0.8579452704889954,-0.00908995570035225
swin_cifar100_bpp_0_05,before_attention_norm,working,6,0.6000000000000001,0.7000000000000001,209,1,0.02640555906506633,0.6292756795883179,0.6037251353263855,,0.9020985531076297,-0.01061763709406123
swin_cifar100_bpp_0_05,before_attention_norm,working,7,0.7000000000000001,0.8,242,6,0.030574857864813645,0.7260171175003052,0.5883960127830505,0.8271349862258953,0.9375889486955933,-0.013379219909580992
swin_cifar100_bpp_0_05,before_attention_norm,working,8,0.8,0.9,331,9,0.041819330385344286,0.8327260613441467,0.6378222107887268,0.9791876468613628,0.9744818912424875,-0.01984251497173259
swin_cifar100_bpp_0_05,before_attention_norm,working,9,0.9,1.0,6769,7896,0.8552116234996842,0.9630764722824097,0.22292083501815796,0.9969426559155863,0.9969350445394715,-0.4249846262144892
swin_cifar10_lf_0_01,pre_residual,working,0,0.0,0.1,0,0,0.0,,,,,0.0
swin_cifar10_lf_0_01,pre_residual,working,1,0.1,0.2,0,0,0.0,,,,,0.0
swin_cifar10_lf_0_01,pre_residual,working,2,0.2,0.30000000000000004,0,0,0.0,,,,,0.0
swin_cifar10_lf_0_01,pre_residual,working,3,0.30000000000000004,0.4,3,0,0.0004166666666666667,0.25205013155937195,,,0.6633333333333333,-6.805555555555555e-05
swin_cifar10_lf_0_01,pre_residual,working,4,0.4,0.5,19,1,0.002638888888888889,0.3859533667564392,0.3543868660926819,,0.7631725146198829,-0.0006944830246913582
swin_cifar10_lf_0_01,pre_residual,working,5,0.5,0.6000000000000001,53,10,0.007361111111111111,0.38229453563690186,0.42909517884254456,0.44716981132075473,0.7206289308176104,-0.0016240740740740738
swin_cifar10_lf_0_01,pre_residual,working,6,0.6000000000000001,0.7000000000000001,60,16,0.008333333333333333,0.5023042559623718,0.40755850076675415,0.6802083333333333,0.8059398148148149,-0.002549498456790124
swin_cifar10_lf_0_01,pre_residual,working,7,0.7000000000000001,0.8,72,8,0.01,0.6072619557380676,0.47198545932769775,0.6840277777777778,0.8465181327160494,-0.0034651813271604935
swin_cifar10_lf_0_01,pre_residual,working,8,0.8,0.9,94,24,0.013055555555555556,0.6675187349319458,0.5651097893714905,0.6210106382978724,0.8780658983451535,-0.0049358603395061726
swin_cifar10_lf_0_01,pre_residual,working,9,0.9,1.0,6899,7141,0.9581944444444445,0.7471618056297302,0.2223852574825287,0.8902479407655122,0.889409606464705,-0.37313012152777775
vit_cifar10_blend_0_01,before_mlp_norm,working,0,0.0,0.1,0,0,0.0,,,,,0.0
vit_cifar10_blend_0_01,before_mlp_norm,working,1,0.1,0.2,0,0,0.0,,,,,0.0
vit_cifar10_blend_0_01,before_mlp_norm,working,2,0.2,0.30000000000000004,0,0,0.0,,,,,0.0
vit_cifar10_blend_0_01,before_mlp_norm,working,3,0.30000000000000004,0.4,4,0,0.0005555555555555556,0.16301339864730835,,,0.6296180555555555,-7.201003086419753e-05
vit_cifar10_blend_0_01,before_mlp_norm,working,4,0.4,0.5,21,0,0.002916666666666667,0.20522698760032654,,,0.6998809523809523,-0.000582986111111111
vit_cifar10_blend_0_01,before_mlp_norm,working,5,0.5,0.6000000000000001,83,0,0.011527777777777777,0.28958386182785034,,,0.8049564926372154,-0.003515470679012346
vit_cifar10_blend_0_01,before_mlp_norm,working,6,0.6000000000000001,0.7000000000000001,74,0,0.010277777777777778,0.3475053608417511,,,0.7762743993993994,-0.00283948688271605
vit_cifar10_blend_0_01,before_mlp_norm,working,7,0.7000000000000001,0.8,112,0,0.015555555555555555,0.5085909962654114,,,0.9205071924603175,-0.00654122299382716
vit_cifar10_blend_0_01,before_mlp_norm,working,8,0.8,0.9,150,1,0.020833333333333332,0.5649500489234924,0.7087744474411011,,0.9522638888888889,-0.009422164351851852
vit_cifar10_blend_0_01,before_mlp_norm,working,9,0.9,1.0,6756,7199,0.9383333333333334,0.40170037746429443,0.1044650599360466,0.83835293345048,0.8382585335668706,-0.31739925733024693
swin_tiny_wanet_0_01_evade_l1,before_attention_norm_token_mask,working,0,0.0,0.1,2,0,0.00025128785023244125,0.09690636396408081,,,0.3998617916823722,2.516351509426506e-05
swin_tiny_wanet_0_01_evade_l1,before_attention_norm_token_mask,working,1,0.1,0.2,47,26,0.00590526448046237,0.1708410382270813,0.0553007647395134,0.6472995090016367,0.5030515434153227,-1.8020170941093824e-05
swin_tiny_wanet_0_01_evade_l1,before_attention_norm_token_mask,working,2,0.2,0.30000000000000004,136,87,0.017087573815806004,0.2525976896286011,0.12638862431049347,0.5496112237998648,0.5242326482044005,-0.0004140771649451523
swin_tiny_wanet_0_01_evade_l1,before_attention_norm_token_mask,working,3,0.30000000000000004,0.4,201,153,0.025254428948360347,0.3372720777988434,0.11083830147981644,0.6255975026826651,0.5344598780191266,-0.0008702645410031981
swin_tiny_wanet_0_01_evade_l1,before_attention_norm_token_mask,working,4,0.4,0.5,307,282,0.03857268501067973,0.4489912986755371,0.1439768671989441,0.681509460115046,0.5583202675929121,-0.0022495693115999493
swin_tiny_wanet_0_01_evade_l1,before_attention_norm_token_mask,working,5,0.5,0.6000000000000001,361,459,0.045357456966955645,0.5493665337562561,0.21460160613059998,0.6881815822666402,0.5912663898323784,-0.004139611349351505
swin_tiny_wanet_0_01_evade_l1,before_attention_norm_token_mask,working,6,0.6000000000000001,0.7000000000000001,343,438,0.04309586631486367,0.650124728679657,0.27549970149993896,0.7139262750109827,0.6257946611954781,-0.005421229902003895
swin_tiny_wanet_0_01_evade_l1,before_attention_norm_token_mask,working,7,0.7000000000000001,0.8,438,523,0.05503203920090464,0.7480308413505554,0.38895249366760254,0.6878301334939801,0.658952187036186,-0.008747462988044916
swin_tiny_wanet_0_01_evade_l1,before_attention_norm_token_mask,working,8,0.8,0.9,578,759,0.07262218871717553,0.8530882596969604,0.4068920612335205,0.7554741031497463,0.7044648373085072,-0.014848684001044995
swin_tiny_wanet_0_01_evade_l1,before_attention_norm_token_mask,working,9,0.9,1.0,5546,5232,0.6968212086945597,0.9874829649925232,0.45145758986473083,0.8598190550591053,0.9077352322285321,-0.2841185573488428
vit_gtsrb_badnet_a2o_0_01,before_attention_residual_droppath,working,0,0.0,0.1,0,0,0.0,,,,,0.0
vit_gtsrb_badnet_a2o_0_01,before_attention_residual_droppath,working,1,0.1,0.2,0,0,0.0,,,,,0.0
vit_gtsrb_badnet_a2o_0_01,before_attention_residual_droppath,working,2,0.2,0.30000000000000004,2,0,0.00018907165815844205,0.243155837059021,,,0.848789941387786,-6.59462925671745e-05
vit_gtsrb_badnet_a2o_0_01,before_attention_residual_droppath,working,3,0.30000000000000004,0.4,8,0,0.0007562866326337682,0.19809749722480774,,,0.7427798260540746,-0.00018361113711784797
vit_gtsrb_badnet_a2o_0_01,before_attention_residual_droppath,working,4,0.4,0.5,11,0,0.0010398941198714313,0.31225907802581787,,,0.8609807662558655,-0.0003753817762161581
vit_gtsrb_badnet_a2o_0_01,before_attention_residual_droppath,working,5,0.5,0.6000000000000001,17,0,0.0016071090943467574,0.300475537776947,,,0.8508057789196224,-0.0005637831576511229
vit_gtsrb_badnet_a2o_0_01,before_attention_residual_droppath,working,6,0.6000000000000001,0.7000000000000001,23,0,0.0021743240688220835,0.36796292662620544,,,0.924437100791635,-0.0009228638039523162
vit_gtsrb_badnet_a2o_0_01,before_attention_residual_droppath,working,7,0.7000000000000001,0.8,29,0,0.00274153904329741,0.47721049189567566,,,0.9322536689681251,-0.001185040310084669
vit_gtsrb_badnet_a2o_0_01,before_attention_residual_droppath,working,8,0.8,0.9,50,0,0.004726791453961051,0.5541856288909912,,,0.9594214407260351,-0.002171589339790297
vit_gtsrb_badnet_a2o_0_01,before_attention_residual_droppath,working,9,0.9,1.0,10438,10578,0.9867649839289091,0.3143094778060913,0.07375302165746689,0.8455926460000729,0.8455926460000728,-0.3410187217762112
swin_cifar100_wanet_0_05,before_attention_norm_token_mask,working,0,0.0,0.1,0,0,0.0,,,,,0.0
swin_cifar100_wanet_0_05,before_attention_norm_token_mask,working,1,0.1,0.2,0,0,0.0,,,,,0.0
swin_cifar100_wanet_0_05,before_attention_norm_token_mask,working,2,0.2,0.30000000000000004,21,3,0.002653190145293746,0.18762578070163727,0.2817747890949249,,0.391354570887104,0.00028825698185354576
swin_cifar100_wanet_0_05,before_attention_norm_token_mask,working,3,0.30000000000000004,0.4,52,19,0.0065698041692988,0.3488287925720215,0.08005612343549728,0.6953441295546559,0.6135818066961465,-0.000746210227188834
swin_cifar100_wanet_0_05,before_attention_norm_token_mask,working,4,0.4,0.5,95,42,0.012002526847757423,0.43766751885414124,0.015678243711590767,0.8506265664160401,0.7481051966619011,-0.0029778892840026036
swin_cifar100_wanet_0_05,before_attention_norm_token_mask,working,5,0.5,0.6000000000000001,183,160,0.02312065698041693,0.5128394961357117,0.2110317051410675,0.768408469945355,0.8073382144299576,-0.0071058614328088745
swin_cifar100_wanet_0_05,before_attention_norm_token_mask,working,6,0.6000000000000001,0.7000000000000001,240,191,0.030322173089071383,0.620415449142456,0.3035779297351837,0.7634816753926702,0.8670946515055801,-0.01113110756302454
swin_cifar100_wanet_0_05,before_attention_norm_token_mask,working,7,0.7000000000000001,0.8,285,237,0.036007580543272265,0.7137216925621033,0.43256285786628723,0.750107335850174,0.8835854639757954,-0.013811984489336916
swin_cifar100_wanet_0_05,before_attention_norm_token_mask,working,8,0.8,0.9,346,310,0.04371446620341125,0.8212394118309021,0.42437055706977844,0.8283050531418982,0.9155926955111936,-0.018167412842308658
swin_cifar100_wanet_0_05,before_attention_norm_token_mask,working,9,0.9,1.0,6693,6953,0.8456096020214782,0.8959381580352783,0.34416958689689636,0.9353867268156738,0.9376033964639422,-0.37004163392712125
swin_cifar100_blend_0_01_evade_l1,before_attention_norm,working,0,0.0,0.1,0,0,0.0,,,,,0.0
swin_cifar100_blend_0_01_evade_l1,before_attention_norm,working,1,0.1,0.2,9,0,0.001137081490840177,0.16406862437725067,,,0.0,0.0005685407454200885
swin_cifar100_blend_0_01_evade_l1,before_attention_norm,working,2,0.2,0.30000000000000004,39,0,0.004927353126974099,0.2361167073249817,,,8.422825858075386e-05,0.0024632615411137523
swin_cifar100_blend_0_01_evade_l1,before_attention_norm,working,3,0.30000000000000004,0.4,90,0,0.011370814908401769,0.3357352912425995,,,0.00012493858356145158,0.00568398680069229
swin_cifar100_blend_0_01_evade_l1,before_attention_norm,working,4,0.4,0.5,175,1,0.022109917877447885,0.4402120113372803,0.2249687910079956,,0.00012562043136901004,0.011052181481302645
swin_cifar100_blend_0_01_evade_l1,before_attention_norm,working,5,0.5,0.6000000000000001,249,0,0.03145925457991156,0.5332908034324646,,,0.0001263423878711308,0.01572565265261151
swin_cifar100_blend_0_01_evade_l1,before_attention_norm,working,6,0.6000000000000001,0.7000000000000001,294,2,0.037144662034112444,0.6342307329177856,0.6446546316146851,,0.0036858457849343147,0.018435421521064976
swin_cifar100_blend_0_01_evade_l1,before_attention_norm,working,7,0.7000000000000001,0.8,324,0,0.040934933670246365,0.7364734411239624,,,0.21621608447782378,0.011616675758583082
swin_cifar100_blend_0_01_evade_l1,before_attention_norm,working,8,0.8,0.9,470,2,0.05938092229943146,0.8351268768310547,0.8167486786842346,,0.7881912877515086,-0.01711306446534543
swin_cifar100_blend_0_01_evade_l1,before_attention_norm,working,9,0.9,1.0,6265,7910,0.7915350600126342,0.9699887633323669,0.7867612242698669,0.9857182610029229,0.9857224430161042,-0.3844663430822355
vit_gtsrb_lc_0_1,both_sublayer_inputs_token_mask,working,0,0.0,0.1,0,0,0.0,,,,,0.0
vit_gtsrb_lc_0_1,both_sublayer_inputs_token_mask,working,1,0.1,0.2,0,0,0.0,,,,,0.0
vit_gtsrb_lc_0_1,both_sublayer_inputs_token_mask,working,2,0.2,0.30000000000000004,4,0,0.0003781433163168841,0.2280716449022293,,,0.0,0.00018907165815844205
vit_gtsrb_lc_0_1,both_sublayer_inputs_token_mask,working,3,0.30000000000000004,0.4,5,4,0.00047267914539610514,0.32803016901016235,0.3372341990470886,,0.00017016449234259784,0.00023625913949123532
vit_gtsrb_lc_0_1,both_sublayer_inputs_token_mask,working,4,0.4,0.5,17,129,0.0016071090943467574,0.4358820617198944,0.46089619398117065,0.2713178294573644,0.004287477895298789,0.0007966641024560333
vit_gtsrb_lc_0_1,both_sublayer_inputs_token_mask,working,5,0.5,0.6000000000000001,27,553,0.0025524673851389677,0.5058497786521912,0.5292112231254578,0.3214118277409417,0.027863560289349665,0.0012051128636970654
vit_gtsrb_lc_0_1,both_sublayer_inputs_token_mask,working,6,0.6000000000000001,0.7000000000000001,36,617,0.003403289846851957,0.6246955990791321,0.6271817684173584,0.48190167477039436,0.09334362723472195,0.0013839695045897154
vit_gtsrb_lc_0_1,both_sublayer_inputs_token_mask,working,7,0.7000000000000001,0.8,41,813,0.003875968992248062,0.7247331738471985,0.7280914783477783,0.4608346083460835,0.15977016264774108,0.0013187202998149572
vit_gtsrb_lc_0_1,both_sublayer_inputs_token_mask,working,8,0.8,0.9,75,1185,0.007090187180941577,0.8314811587333679,0.831140398979187,0.49903797468354427,0.26525745257452576,0.001664368600577668
vit_gtsrb_lc_0_1,both_sublayer_inputs_token_mask,working,9,0.9,1.0,10373,7277,0.9806201550387597,0.9687526226043701,0.9420146346092224,0.7928339846893502,0.8574715940931702,-0.3505438500215972
vit_cifar100_blend_0_05,before_attention_norm_token_mask,working,0,0.0,0.1,1,0,0.00012634238787113077,0.055795952677726746,,,0.9658875552747946,-5.8861346212860976e-05
vit_cifar100_blend_0_05,before_attention_norm_token_mask,working,1,0.1,0.2,18,0,0.002274162981680354,0.1384463906288147,,,0.9790201445918439,-0.0010893698803099419
vit_cifar100_blend_0_05,before_attention_norm_token_mask,working,2,0.2,0.30000000000000004,45,0,0.005685407454200884,0.23101554811000824,,,0.9861528742893239,-0.0027639771753657084
vit_cifar100_blend_0_05,before_attention_norm_token_mask,working,3,0.30000000000000004,0.4,105,0,0.013265950726468731,0.3176087439060211,,,0.9804409950967119,-0.006373506567928587
vit_cifar100_blend_0_05,before_attention_norm_token_mask,working,4,0.4,0.5,153,0,0.019330385344283007,0.41384223103523254,,,0.9727273853318965,-0.009138002521260919
vit_cifar100_blend_0_05,before_attention_norm_token_mask,working,5,0.5,0.6000000000000001,291,0,0.03676563487049905,0.46958088874816895,,,0.9755811858383641,-0.017485044229812254
vit_cifar100_blend_0_05,before_attention_norm_token_mask,working,6,0.6000000000000001,0.7000000000000001,285,0,0.036007580543272265,0.5603686571121216,,,0.9738936729062073,-0.017063764596117387
vit_cifar100_blend_0_05,before_attention_norm_token_mask,working,7,0.7000000000000001,0.8,278,0,0.03512318382817435,0.6653308868408203,,,0.9811408990306177,-0.016899200243905454
vit_cifar100_blend_0_05,before_attention_norm_token_mask,working,8,0.8,0.9,452,0,0.0571067593177511,0.7738606333732605,,,0.993242359360238,-0.028167472701304805
vit_cifar100_blend_0_05,before_attention_norm_token_mask,working,9,0.9,1.0,6287,7915,0.7943145925457992,0.72624671459198,0.011943851597607136,0.986384462478652,0.9863844624786521,-0.38634227613433797
swin_tiny_badnet_a2a_0_01_evade_l1,before_attention_norm,working,0,0.0,0.1,4,176,0.0005,0.08811633288860321,0.07816758751869202,,0.017,0.0002415
swin_tiny_badnet_a2a_0_01_evade_l1,before_attention_norm,working,1,0.1,0.2,80,953,0.01,0.15743404626846313,0.14648818969726562,0.6099422875131164,0.0948125,0.004051875
swin_tiny_badnet_a2a_0_01_evade_l1,before_attention_norm,working,2,0.2,0.30000000000000004,149,1034,0.018625,0.2465888410806656,0.2422345131635666,0.54204042423377,0.21154194630872483,0.00537253125
swin_tiny_badnet_a2a_0_01_evade_l1,before_attention_norm,working,3,0.30000000000000004,0.4,231,904,0.028875,0.34441813826560974,0.34170591831207275,0.5274274029805003,0.3299916125541125,0.0049089921875
swin_tiny_badnet_a2a_0_01_evade_l1,before_attention_norm,working,4,0.4,0.5,278,809,0.03475,0.44515979290008545,0.44383683800697327,0.5136281580421694,0.4352769784172662,0.0022491250000000003
swin_tiny_badnet_a2a_0_01_evade_l1,before_attention_norm,working,5,0.5,0.6000000000000001,350,813,0.04375,0.5431800484657288,0.5407688021659851,0.5221156211562116,0.537665357142857,-0.001647859375
swin_tiny_badnet_a2a_0_01_evade_l1,before_attention_norm,working,6,0.6000000000000001,0.7000000000000001,350,740,0.04375,0.6402921676635742,0.6415597200393677,0.48673745173745175,0.6314425000000001,-0.005750609375
swin_tiny_badnet_a2a_0_01_evade_l1,before_attention_norm,working,7,0.7000000000000001,0.8,386,713,0.04825,0.7411496043205261,0.7415608763694763,0.4960667543547297,0.7233265867875647,-0.0107755078125
swin_tiny_badnet_a2a_0_01_evade_l1,before_attention_norm,working,8,0.8,0.9,549,837,0.068625,0.8451290726661682,0.8437075018882751,0.5078637601112482,0.8212827868852459,-0.022048031250000003
swin_tiny_badnet_a2a_0_01_evade_l1,before_attention_norm,working,9,0.9,1.0,5623,1021,0.702875,0.9759491086006165,0.9427903890609741,0.8342442532184259,0.9778995309443357,-0.3359036328125001
