folder,placement,position,operator,rule,rate,architecture,dataset,attack,summary_auroc,clamped_share,auroc_psu,auroc_smoothed_confidence,auroc_radius,q0.01_psu_fpr,q0.01_psu_tpr,q0.01_tilde_fpr,q0.01_tilde_tpr,q0.01_radius_fpr,q0.01_radius_tpr,q0.05_psu_fpr,q0.05_psu_tpr,q0.05_tilde_fpr,q0.05_tilde_tpr,q0.05_radius_fpr,q0.05_radius_tpr,q0.1_psu_fpr,q0.1_psu_tpr,q0.1_tilde_fpr,q0.1_tilde_tpr,q0.1_radius_fpr,q0.1_radius_tpr,q0.25_psu_fpr,q0.25_psu_tpr,q0.25_tilde_fpr,q0.25_tilde_tpr,q0.25_radius_fpr,q0.25_radius_tpr
swin_cifar100_adaptive_blend_0_01,before_attention_norm_token_mask,before_attention_norm,token_mask,adaptive,0.5,swin,cifar100,adaptive_blend,0.8044211136247457,0.0,0.8044211136247457,0.6284962023457543,0.6284962023457543,0.012002526847757423,0.1569172457359444,0.0082122552116235,0.23512318382817435,0.0082122552116235,0.23512318382817435,0.046620341124447254,0.3444093493367025,0.0377763739734681,0.4838913455464308,0.0377763739734681,0.4838913455464308,0.09829437776373974,0.5849652558433355,0.08186986734049273,0.4899557801642451,0.08186986734049273,0.4899557801642451,0.22766898294377763,0.7437776373973468,0.2160454832596336,0.5017056222362603,0.2160454832596336,0.5017056222362603
swin_cifar100_adaptive_blend_0_01_evade_l1,before_attention_norm_token_mask,before_attention_norm,token_mask,adaptive,0.5,swin,cifar100,adaptive_blend,0.8653071145609403,0.0,0.8653071145609403,0.7382057545246418,0.7382057545246418,0.009475679090334808,0.10486418193303854,0.012634238787113077,0.6610233733417562,0.012634238787113077,0.6610233733417562,0.04320909665192672,0.2603916614024005,0.04687302590018951,0.6622867972204675,0.04687302590018951,0.6622867972204675,0.08970309538850284,0.4636765634870499,0.10777005685407454,0.6624131396083386,0.10777005685407454,0.6624131396083386,0.24257738471257106,0.868603916614024,0.2509159823120657,0.6736576121288692,0.2509159823120657,0.6736576121288692
swin_cifar100_adaptive_blend_0_05,before_attention_norm_token_mask,before_attention_norm,token_mask,adaptive,0.5,swin,cifar100,adaptive_blend,0.9760265039672548,0.0,0.9760265039672547,0.9197464851795112,0.9197464851795112,0.005938092229943146,0.9097915350600126,0.00505369551484523,0.912065698041693,0.00505369551484523,0.912065698041693,0.04194567277321541,0.920783322804801,0.038660770688566014,0.912065698041693,0.038660770688566014,0.912065698041693,0.09096651926721415,0.9402400505369551,0.08856601389766267,0.9121920404295641,0.08856601389766267,0.9121920404295641,0.23512318382817435,0.9687934301958308,0.22741629816803538,0.9135818066961465,0.22741629816803538,0.9135818066961465
swin_cifar100_adaptive_blend_0_05_evade_l1,before_attention_norm_token_mask,before_attention_norm,token_mask,adaptive,0.5,swin,cifar100,adaptive_blend,0.96283524928678,0.0,0.9628352492867801,0.8673975742740401,0.8673975742740401,0.005180037902716361,0.8649399873657612,0.009602021478205939,0.8660770688566014,0.009602021478205939,0.8660770688566014,0.04649399873657612,0.8716361339229312,0.041692987997473153,0.8660770688566014,0.041692987997473153,0.8660770688566014,0.10069488313329122,0.896651926721415,0.09513581806696146,0.8660770688566014,0.09513581806696146,0.8660770688566014,0.23802905874921035,0.9512318382817435,0.2271636133922931,0.8662034112444725,0.2271636133922931,0.8662034112444725
swin_cifar100_adaptive_blend_0_1,before_attention_norm_token_mask,before_attention_norm,token_mask,adaptive,0.4,swin,cifar100,adaptive_blend,0.9879955337207672,0.0,0.9879955337207673,0.9698521841949105,0.9698521841949105,0.007201516108654453,0.9704358812381554,0.007959570435881238,0.9706885660138976,0.007959570435881238,0.9706885660138976,0.041692987997473153,0.971067593177511,0.04080859128237524,0.971067593177511,0.04080859128237524,0.971067593177511,0.09311433986102337,0.9713202779532533,0.09576753000631712,0.971067593177511,0.09576753000631712,0.971067593177511,0.23790271636133922,0.981680353758686,0.24333543903979785,0.9711939355653821,0.24333543903979785,0.9711939355653821
swin_cifar100_adaptive_blend_0_1_evade_l1,before_attention_norm_token_mask,before_attention_norm,token_mask,adaptive,0.4,swin,cifar100,adaptive_blend,0.8052845118039946,0.0,0.8052845118039946,0.9672265531314437,0.9672265531314437,0.01301326595072647,0.002274162981680354,0.008970309538850285,0.6168035375868604,0.008970309538850285,0.6168035375868604,0.04965255843335439,0.019077700568540745,0.05053695514845231,0.8907138344914719,0.05053695514845231,0.8907138344914719,0.09627289955780165,0.08363866077068857,0.09943145925457991,0.9516108654453569,0.09943145925457991,0.9516108654453569,0.2406822488945041,0.7489576753000632,0.24384080859128238,0.9727100442198358,0.24384080859128238,0.9727100442198358
swin_cifar100_badnet_a2a_0_01_evade_l1,before_attention_norm_token_mask,before_attention_norm,token_mask,adaptive,0.4,swin,cifar100,badnet_a2a,0.8966378828125,0.0,0.8966378828125,0.537329828125,0.537329828125,0.008875,0.21175,0.00925,0.009,0.00925,0.009,0.053625,0.44775,0.049,0.066,0.049,0.066,0.1045,0.601875,0.104375,0.146125,0.104375,0.146125,0.259375,0.91125,0.250875,0.30925,0.250875,0.30925
swin_cifar100_badnet_a2a_0_05_evade_l1,before_attention_norm_token_mask,before_attention_norm,token_mask,adaptive,0.4,swin,cifar100,badnet_a2a,0.613165609375,0.0,0.613165609375,0.49074021875,0.49074021875,0.0085,0.019,0.012125,0.00125,0.012125,0.00125,0.04825,0.099125,0.04875,0.011125,0.04875,0.011125,0.1005,0.178375,0.10025,0.0345,0.10025,0.0345,0.238125,0.338125,0.266,0.198375,0.266,0.198375
swin_cifar100_badnet_a2a_0_1_evade_l1,before_attention_norm_token_mask,before_attention_norm,token_mask,adaptive,0.5,swin,cifar100,badnet_a2a,0.6282437265624999,0.0,0.6282437265624999,0.5181287031249999,0.5181287031249999,0.00875,0.022125,0.01025,0.11575,0.01025,0.11575,0.047875,0.087,0.053125,0.2425,0.053125,0.2425,0.103125,0.1735,0.109375,0.29875,0.109375,0.29875,0.246625,0.435375,0.269875,0.396375,0.269875,0.396375
swin_cifar100_badnet_a2o_0_01,before_attention_norm_token_mask,before_attention_norm,token_mask,adaptive,0.5,swin,cifar100,badnet_a2o,0.9991112295875836,0.0,0.9991112295875835,0.9997552485365473,0.9997552485365473,0.0065698041692988,0.9705622236260265,0.005306380290587492,0.9953253316487681,0.005306380290587492,0.9953253316487681,0.038660770688566014,0.995198989260897,0.030195830701200254,1.0,0.030195830701200254,1.0,0.08275426405559065,0.9987365761212887,0.079216677195199,1.0,0.079216677195199,1.0,0.2224889450410613,1.0,0.2286797220467467,1.0,0.2286797220467467,1.0
swin_cifar100_badnet_a2o_0_01_evade_l1,before_attention_norm_token_mask,before_attention_norm,token_mask,adaptive,0.5,swin,cifar100,badnet_a2o,0.9030523379128126,0.0,0.9030523379128126,0.9834294974757463,0.9834294974757463,0.005685407454200884,0.12545799115603284,0.007580543272267846,0.8739102969046115,0.007580543272267846,0.8739102969046115,0.044346178142766896,0.495641187618446,0.04421983575489577,0.8753000631711939,0.04421983575489577,0.8753000631711939,0.10461149715729627,0.5703095388502842,0.08452305748578648,0.9020846493998737,0.08452305748578648,0.9020846493998737,0.25243209096651925,0.8765634870499053,0.24156664560960203,0.9967150979153506,0.24156664560960203,0.9967150979153506
swin_cifar100_badnet_a2o_0_05,before_attention_norm_token_mask,before_attention_norm,token_mask,adaptive,0.4,swin,cifar100,badnet_a2o,0.999583493123598,0.0,0.9995834931235981,0.9997180401845414,0.9997180401845414,0.006190777005685408,0.991282375236892,0.006696146557169931,0.9920404295641188,0.006696146557169931,0.9920404295641188,0.0361339229311434,0.9998736576121289,0.03676563487049905,0.9998736576121289,0.03676563487049905,0.9998736576121289,0.08629185091598231,1.0,0.09804169298799748,1.0,0.09804169298799748,1.0,0.24826279216677194,1.0,0.2419456727732154,1.0,0.2419456727732154,1.0
swin_cifar100_badnet_a2o_0_05_evade_l1,before_attention_norm_token_mask,before_attention_norm,token_mask,adaptive,0.4,swin,cifar100,badnet_a2o,0.9832283872110856,0.0,0.9832283872110856,0.9974049768365638,0.9974049768365638,0.008464939987365762,0.592293114339861,0.007327858496525584,0.9346809854706254,0.007327858496525584,0.9346809854706254,0.04472520530638029,0.9287428932406823,0.05104232469993683,0.9949463044851548,0.05104232469993683,0.9949463044851548,0.08477574226152874,0.9349336702463676,0.10246367656348705,0.9967150979153506,0.10246367656348705,0.9967150979153506,0.23878711307643716,0.9946936197094125,0.2591282375236892,0.9993682880606444,0.2591282375236892,0.9993682880606444
swin_cifar100_badnet_a2o_0_1,before_attention_norm_token_mask,before_attention_norm,token_mask,adaptive,0.4,swin,cifar100,badnet_a2o,0.9997775001207156,0.0,0.9997775001207156,0.9999080725443146,0.9999080725443146,0.004169298799747315,0.9963360707517372,0.003790271636133923,0.9963360707517372,0.003790271636133923,0.9963360707517372,0.037144662034112444,0.9998736576121289,0.03828174352495262,0.9998736576121289,0.03828174352495262,0.9998736576121289,0.08654453569172457,1.0,0.08793430195830701,1.0,0.08793430195830701,1.0,0.24346178142766897,1.0,0.23840808591282375,1.0,0.23840808591282375,1.0
swin_cifar100_badnet_a2o_0_1_evade_l1,before_attention_norm_token_mask,before_attention_norm,token_mask,adaptive,0.4,swin,cifar100,badnet_a2o,0.9484946460118544,0.0,0.9484946460118545,0.9966846416581101,0.9966846416581101,0.0114971572962729,0.36285533796588754,0.012128869235628554,0.988376500315856,0.012128869235628554,0.988376500315856,0.05205306380290588,0.6669614655716993,0.05028427037271004,0.9938092229943146,0.05028427037271004,0.9938092229943146,0.10701200252684775,0.8445988629185092,0.09399873657612129,0.9945672773215414,0.09399873657612129,0.9945672773215414,0.24851547694251422,0.9869867340492735,0.2576121288692356,0.9946936197094125,0.2576121288692356,0.9946936197094125
swin_cifar100_blend_0_01,before_attention_norm_token_mask,before_attention_norm,token_mask,adaptive,0.5,swin,cifar100,blend,0.9977318708051316,0.0,0.9977318708051315,0.9985124001901121,0.9985124001901121,0.00833859759949463,0.9730890713834491,0.010612760581174984,0.9950726468730259,0.010612760581174984,0.9950726468730259,0.050031585596967784,0.990397978521794,0.04712571067593178,0.9977258370183196,0.04712571067593178,0.9977258370183196,0.1145925457991156,0.9964624131396084,0.09437776373973468,0.9982312065698041,0.09437776373973468,0.9982312065698041,0.24560960202147822,0.9988629185091599,0.2255211623499684,0.9988629185091599,0.2255211623499684,0.9988629185091599
swin_cifar100_blend_0_01_evade_l1,before_attention_norm_token_mask,before_attention_norm,token_mask,adaptive,0.5,swin,cifar100,blend,0.8150830703195552,0.0,0.8150830703195552,0.9981778602324365,0.9981778602324365,0.011876184459886292,0.0,0.010233733417561591,0.9963360707517372,0.010233733417561591,0.9963360707517372,0.05483259633607075,0.00012634238787113077,0.04295641187618446,0.9993682880606444,0.04295641187618446,0.9993682880606444,0.09842072015161087,0.00025268477574226153,0.08919772583701832,0.9994946304485155,0.08919772583701832,0.9994946304485155,0.24459886291850916,0.9826910928616551,0.24775742261528744,0.9994946304485155,0.24775742261528744,0.9994946304485155
swin_cifar100_blend_0_05,before_attention_norm_token_mask,before_attention_norm,token_mask,adaptive,0.5,swin,cifar100,blend,0.9996665933726514,0.0,0.9996665933726514,0.9998998997960404,0.9998998997960404,0.010739102969046115,0.9943145925457991,0.008591282375236892,0.9992419456727732,0.008591282375236892,0.9992419456727732,0.057233101705622236,0.9983575489576753,0.04320909665192672,1.0,0.04320909665192672,1.0,0.09829437776373974,0.9993682880606444,0.08123815540113709,1.0,0.08123815540113709,1.0,0.21831964624131395,1.0,0.238660770688566,1.0,0.238660770688566,1.0
swin_cifar100_blend_0_05_evade_l1,before_attention_norm_token_mask,before_attention_norm,token_mask,adaptive,0.5,swin,cifar100,blend,0.9209867635797117,0.0,0.9209867635797117,0.9997385997544185,0.9997385997544185,0.007959570435881238,0.05622236260265319,0.009854706253948199,0.997094125078964,0.009854706253948199,0.997094125078964,0.048515476942514214,0.4390397978521794,0.049273531269740996,0.9997473152242577,0.049273531269740996,0.9997473152242577,0.10688566013897663,0.7209096651926722,0.0969046114971573,0.9998736576121289,0.0969046114971573,0.9998736576121289,0.25596967782691094,0.9791535060012634,0.24055590650663297,0.9998736576121289,0.24055590650663297,0.9998736576121289
swin_cifar100_blend_0_1,before_attention_norm_token_mask,before_attention_norm,token_mask,adaptive,0.5,swin,cifar100,blend,0.9951707677395129,0.0,0.9951707677395127,0.998730462522482,0.998730462522482,0.010486418193303853,0.9137081490840177,0.006822488945041061,0.9844598862918509,0.006822488945041061,0.9844598862918509,0.05407454200884397,0.9795325331648768,0.045483259633607075,0.9994946304485155,0.045483259633607075,0.9994946304485155,0.09564118761844599,0.9914087176247631,0.09589387239418826,0.9998736576121289,0.09589387239418826,0.9998736576121289,0.24358812381554013,0.9996209728363866,0.24586228679722047,1.0,0.24586228679722047,1.0
swin_cifar100_blend_0_1_evade_l1,before_attention_norm_token_mask,before_attention_norm,token_mask,adaptive,0.5,swin,cifar100,blend,0.7485355496592226,0.0,0.7485355496592226,0.9938770791523487,0.9938770791523487,0.014529374605180037,0.0,0.008591282375236892,0.8448515476942514,0.008591282375236892,0.8448515476942514,0.053821857233101705,0.0,0.04990524320909665,0.9946936197094125,0.04990524320909665,0.9946936197094125,0.10625394819962097,0.002274162981680354,0.10296904611497157,0.9983575489576753,0.10296904611497157,0.9983575489576753,0.2523057485786481,0.5253316487681617,0.24952621604548325,1.0,0.24952621604548325,1.0
swin_cifar100_bpp_0_01_evade_l1,before_attention_norm_token_mask,before_attention_norm,token_mask,adaptive,0.5,swin,cifar100,bpp,0.9152546501461158,0.0,0.9152546501461158,0.9716900948126592,0.9716900948126592,0.006948831332912192,0.16298168035375868,0.004927353126974099,0.9465571699305116,0.004927353126974099,0.9465571699305116,0.045862286797220465,0.4486418193303853,0.038660770688566014,0.951737207833228,0.038660770688566014,0.951737207833228,0.10625394819962097,0.6778269109286166,0.08439671509791535,0.9532533164876816,0.08439671509791535,0.9532533164876816,0.2291850915982312,0.9588123815540114,0.25596967782691094,0.9612128869235629,0.25596967782691094,0.9612128869235629
swin_cifar100_bpp_0_05_evade_l1,before_attention_norm_token_mask,before_attention_norm,token_mask,adaptive,0.4,swin,cifar100,bpp,0.9530363236360428,0.0,0.9530363236360428,0.9893717718542203,0.9893717718542203,0.009854706253948199,0.26506632975363237,0.00833859759949463,0.6803537586860392,0.00833859759949463,0.6803537586860392,0.04977890082122552,0.6586228679722047,0.050410612760581175,0.9891345546430828,0.050410612760581175,0.9891345546430828,0.10120025268477574,0.8664560960202148,0.10006317119393557,0.9946936197094125,0.10006317119393557,0.9946936197094125,0.2547062539481996,0.9953253316487681,0.24156664560960203,0.995198989260897,0.24156664560960203,0.995198989260897
swin_cifar100_bpp_0_1_evade_l1,before_attention_norm_token_mask,before_attention_norm,token_mask,adaptive,0.4,swin,cifar100,bpp,0.9327076738035882,0.0,0.9327076738035882,0.9973825975532037,0.9973825975532037,0.00998104864181933,0.09058749210360076,0.010360075805432722,0.9744788376500316,0.010360075805432722,0.9744788376500316,0.04990524320909665,0.5335439039797852,0.04801010739102969,0.9944409349336703,0.04801010739102969,0.9944409349336703,0.10170562223626027,0.7759949463044852,0.09665192672141504,0.9974731522425774,0.09665192672141504,0.9974731522425774,0.2526847757422615,0.981680353758686,0.25356917245735944,0.9983575489576753,0.25356917245735944,0.9983575489576753
swin_cifar100_lc_0_01,before_attention_norm_token_mask,before_attention_norm,token_mask,adaptive,0.6,swin,cifar100,lc,0.9032640392291916,0.0,0.9032640392291917,0.9983815564057307,0.9983815564057307,0.007833228048010107,0.009096651926721416,0.006822488945041061,0.9945672773215414,0.006822488945041061,0.9945672773215414,0.04068224889450411,0.08149084017687934,0.04573594440934934,0.9965887555274795,0.04573594440934934,0.9965887555274795,0.09298799747315224,0.44586228679722045,0.09374605180037902,0.997094125078964,0.09374605180037902,0.997094125078964,0.22981680353758685,0.9998736576121289,0.2324699936828806,0.998104864181933,0.2324699936828806,0.998104864181933
swin_cifar100_lc_0_01_evade_l1,before_attention_norm_token_mask,before_attention_norm,token_mask,adaptive,0.4,swin,cifar100,lc,0.7603234620527884,0.0,0.7603234620527884,0.6812139963102914,0.6812139963102914,0.009854706253948199,0.023499684144030322,0.0070751737207833225,0.00012634238787113077,0.0070751737207833225,0.00012634238787113077,0.05735944409349337,0.14264055590650662,0.058749210360075806,0.270499052432091,0.058749210360075806,0.270499052432091,0.10777005685407454,0.2775742261528743,0.11042324699936829,0.557422615287429,0.11042324699936829,0.557422615287429,0.2664560960202148,0.7363234365129501,0.25698041692988,0.6085912823752369,0.25698041692988,0.6085912823752369
swin_cifar100_lc_0_05,before_attention_norm_token_mask,before_attention_norm,token_mask,adaptive,0.6,swin,cifar100,lc,0.838366320295911,0.0,0.838366320295911,0.9330670273104674,0.9330670273104674,0.006696146557169931,0.0018951358180669614,0.009602021478205939,0.8059380922299432,0.009602021478205939,0.8059380922299432,0.04459886291850916,0.05445356917245736,0.04409349336702464,0.8610233733417562,0.04409349336702464,0.8610233733417562,0.09248262792166773,0.1351863550221099,0.08730259001895135,0.87150979153506,0.08730259001895135,0.87150979153506,0.23032217308907138,0.9408717624763108,0.23108022741629816,0.8910928616550853,0.23108022741629816,0.8910928616550853
swin_cifar100_lc_0_05_evade_l1,before_attention_norm_token_mask,before_attention_norm,token_mask,adaptive,0.4,swin,cifar100,lc,0.7647629324363528,0.0,0.7647629324363528,0.8116293658657666,0.8116293658657666,0.007327858496525584,0.0040429564118761845,0.011876184459886292,0.0003790271636133923,0.011876184459886292,0.0003790271636133923,0.050410612760581175,0.06746683512318383,0.04459886291850916,0.028679722046746684,0.04459886291850916,0.028679722046746684,0.10246367656348705,0.1540113708149084,0.1018319646241314,0.6237523689197726,0.1018319646241314,0.6237523689197726,0.23600758054327226,0.46178142766898295,0.24914718888186987,0.8056854074542009,0.24914718888186987,0.8056854074542009
swin_cifar100_lc_0_1,before_attention_norm_token_mask,before_attention_norm,token_mask,adaptive,0.5,swin,cifar100,lc,0.8970685533158091,0.0,0.8970685533158091,0.8746169523071452,0.8746169523071452,0.012255211623499684,0.26430827542640556,0.008717624763108023,0.38130132659507265,0.008717624763108023,0.38130132659507265,0.05432722678458623,0.5481996209728364,0.04333543903979785,0.7552747946936197,0.04333543903979785,0.7552747946936197,0.10195830701200252,0.7252053063802906,0.08414403032217309,0.8003790271636134,0.08414403032217309,0.8003790271636134,0.23916614024005053,0.897662665824384,0.23335439039797853,0.8343651295009475,0.23335439039797853,0.8343651295009475
swin_cifar100_lc_0_1_evade_l1,before_attention_norm_token_mask,before_attention_norm,token_mask,adaptive,0.5,swin,cifar100,lc,0.6970030037244268,0.0,0.6970030037244268,0.5622774831606667,0.5622774831606667,0.012886923562855339,0.04788376500315856,0.00998104864181933,0.08262792166771953,0.00998104864181933,0.08262792166771953,0.05546430827542641,0.1622236260265319,0.05066329753632343,0.24156664560960203,0.05066329753632343,0.24156664560960203,0.10271636133922932,0.2622867972204675,0.1018319646241314,0.2682248894504106,0.1018319646241314,0.2682248894504106,0.23588123815540113,0.5521162349968415,0.2534428300694883,0.3658875552747947,0.2534428300694883,0.3658875552747947
swin_cifar100_lf_0_01_evade_l1,before_attention_norm_token_mask,before_attention_norm,token_mask,adaptive,0.5,swin,cifar100,lf,0.7525177691430067,0.0,0.7525177691430067,0.9529026704694423,0.9529026704694423,0.009728363866077068,0.001137081490840177,0.009728363866077068,0.8296904611497157,0.009728363866077068,0.8296904611497157,0.05356917245735945,0.01010739102969046,0.04080859128237524,0.9063802905874921,0.04080859128237524,0.9063802905874921,0.10928616550852811,0.03398610233733418,0.0890713834491472,0.9205306380290588,0.0890713834491472,0.9205306380290588,0.2476310802274163,0.5681617182564751,0.24548325963360706,0.9364497789008213,0.24548325963360706,0.9364497789008213
swin_cifar100_lf_0_05_evade_l1,before_attention_norm_token_mask,before_attention_norm,token_mask,adaptive,0.5,swin,cifar100,lf,0.8409113173009659,0.0,0.8409113173009659,0.9888240540582602,0.9888240540582602,0.0180669614655717,0.06948831332912192,0.004421983575489577,0.9562855337965888,0.004421983575489577,0.9562855337965888,0.05331648768161718,0.1766266582438408,0.03967150979153506,0.9768793430195831,0.03967150979153506,0.9768793430195831,0.11547694251421352,0.32141503474415667,0.0837650031585597,0.9771320277953254,0.0837650031585597,0.9771320277953254,0.2610233733417562,0.8797220467466835,0.24257738471257106,0.9838281743524953,0.24257738471257106,0.9838281743524953
swin_cifar100_lf_0_1_evade_l1,before_attention_norm_token_mask,before_attention_norm,token_mask,adaptive,0.5,swin,cifar100,lf,0.8947064055909899,0.0,0.8947064055909899,0.9916265724459463,0.9916265724459463,0.00998104864181933,0.14024005053695515,0.006443461781427669,0.967150979153506,0.006443461781427669,0.967150979153506,0.046999368288060644,0.33644977890082123,0.03651295009475679,0.9857233101705623,0.03651295009475679,0.9857233101705623,0.0965255843335439,0.5118130132659507,0.08881869867340493,0.9863550221099179,0.08881869867340493,0.9863550221099179,0.2366392924826279,0.9198989260897031,0.23676563487049906,0.9881238155401137,0.23676563487049906,0.9881238155401137
swin_cifar100_sig_0_01_evade_l1,before_attention_norm_token_mask,before_attention_norm,token_mask,adaptive,0.5,swin,cifar100,sig,0.6745319046454172,0.0,0.6745319046454172,0.4280643715663384,0.4280643715663384,0.009222994314592546,0.05596967782691093,0.009728363866077068,0.002653190145293746,0.009728363866077068,0.002653190145293746,0.0427037271004422,0.16096020214782059,0.04636765634870499,0.017561591914087175,0.04636765634870499,0.017561591914087175,0.09589387239418826,0.25356917245735944,0.10334807327858496,0.04611497157296273,0.10334807327858496,0.04611497157296273,0.23701831964624132,0.49185091598231206,0.25066329753632344,0.1528742893240682,0.25066329753632344,0.1528742893240682
swin_cifar100_sig_0_05_evade_l1,before_attention_norm_token_mask,before_attention_norm,token_mask,adaptive,0.5,swin,cifar100,sig,0.6540536871345857,0.0,0.6540536871345857,0.3970972537091627,0.3970972537091627,0.007959570435881238,0.03006948831332912,0.009602021478205939,0.006317119393556538,0.009602021478205939,0.006317119393556538,0.0410612760581175,0.13240682248894503,0.05470625394819962,0.045483259633607075,0.05470625394819962,0.045483259633607075,0.09058749210360076,0.22817435249526216,0.10006317119393557,0.06923562855337966,0.10006317119393557,0.06923562855337966,0.232849020846494,0.4640555906506633,0.2607706885660139,0.17258370183196461,0.2607706885660139,0.17258370183196461
swin_cifar100_sig_0_1_evade_l1,before_attention_norm_token_mask,before_attention_norm,token_mask,adaptive,0.5,swin,cifar100,sig,0.6454447264024863,0.0,0.6454447264024863,0.4618987513014343,0.4618987513014343,0.006696146557169931,0.03335439039797852,0.0114971572962729,0.002147820593809223,0.0114971572962729,0.002147820593809223,0.046999368288060644,0.14264055590650662,0.04990524320909665,0.02514213518635502,0.04990524320909665,0.02514213518635502,0.10031585596967783,0.24169298799747316,0.09602021478205938,0.06228679722046747,0.09602021478205938,0.06228679722046747,0.25028427037271006,0.4626658243840809,0.2563487049905243,0.17586860391661402,0.2563487049905243,0.17586860391661402
swin_cifar100_tact_0_01_evade_l1,before_attention_norm_token_mask,before_attention_norm,token_mask,adaptive,0.5,swin,cifar100,tact,0.5546155396348362,0.0,0.5546155396348362,0.4982034319955912,0.4982034319955912,0.008085912823752369,0.013771320277953253,0.009475679090334808,0.012886923562855339,0.009475679090334808,0.012886923562855339,0.04535691724573594,0.06506632975363234,0.04712571067593178,0.06683512318382817,0.04712571067593178,0.06683512318382817,0.08806064434617815,0.11648768161718256,0.10082122552116235,0.114971572962729,0.10082122552116235,0.114971572962729,0.24371446620341125,0.2998104864181933,0.2562223626026532,0.2605180037902716,0.2562223626026532,0.2605180037902716
swin_cifar100_tact_0_05_evade_l1,before_attention_norm_token_mask,before_attention_norm,token_mask,adaptive,0.5,swin,cifar100,tact,0.5508925654727723,0.0,0.5508925654727723,0.48528566907792003,0.48528566907792003,0.007201516108654453,0.012886923562855339,0.008591282375236892,0.007454200884396715,0.008591282375236892,0.007454200884396715,0.05142135186355022,0.07492103600758054,0.04421983575489577,0.03335439039797852,0.04421983575489577,0.03335439039797852,0.10397978521794062,0.1326595072646873,0.08806064434617815,0.07037271004421984,0.08806064434617815,0.07037271004421984,0.2586228679722047,0.3244472520530638,0.2632975363234365,0.23891345546430828,0.2632975363234365,0.23891345546430828
swin_cifar100_tact_0_1_evade_l1,before_attention_norm_token_mask,before_attention_norm,token_mask,adaptive,0.5,swin,cifar100,tact,0.5333404632048746,0.0,0.5333404632048746,0.5125159813543217,0.5125159813543217,0.009349336702463677,0.012255211623499684,0.0032849020846494,0.004421983575489577,0.0032849020846494,0.004421983575489577,0.04952621604548326,0.05811749842072015,0.05028427037271004,0.09387239418825016,0.05028427037271004,0.09387239418825016,0.09399873657612129,0.10777005685407454,0.09905243209096652,0.13190145293746053,0.09905243209096652,0.13190145293746053,0.23310170562223625,0.27605811749842074,0.26253948199620974,0.27492103600758055,0.26253948199620974,0.27492103600758055
swin_cifar100_wanet_0_01,before_attention_norm_token_mask,before_attention_norm,token_mask,adaptive,0.4,swin,cifar100,wanet,0.4850061116035068,0.0,0.4850061116035068,0.4029627010613799,0.4029627010613799,0.005432722678458623,0.037523689197725835,0.006190777005685408,0.018445988629185093,0.006190777005685408,0.018445988629185093,0.044346178142766896,0.0640555906506633,0.04308275426405559,0.05660138976626658,0.04308275426405559,0.05660138976626658,0.09677826910928616,0.11749842072015161,0.09412507896399241,0.08515476942514213,0.09412507896399241,0.08515476942514213,0.2419456727732154,0.2451042324699937,0.24649399873657613,0.17435249526216046,0.24649399873657613,0.17435249526216046
swin_cifar100_wanet_0_01_evade_l1,before_attention_norm_token_mask,before_attention_norm,token_mask,adaptive,0.3,swin,cifar100,wanet,0.5373880646748519,0.0,0.5373880646748519,0.41140629932131867,0.41140629932131867,0.009854706253948199,0.056854074542008845,0.004674668351231839,0.028427037271004423,0.004674668351231839,0.028427037271004423,0.036007580543272265,0.09513581806696146,0.03929248262792167,0.07454200884396715,0.03929248262792167,0.07454200884396715,0.08363866077068857,0.14971572962728996,0.09235628553379659,0.09538850284270373,0.09235628553379659,0.09538850284270373,0.22185723310170563,0.2980416929879975,0.2611497157296273,0.18003790271636133,0.2611497157296273,0.18003790271636133
swin_cifar100_wanet_0_05,before_attention_norm_token_mask,before_attention_norm,token_mask,adaptive,0.4,swin,cifar100,wanet,0.9236938427839384,0.0,0.9236938427839383,0.9010752511384184,0.9010752511384184,0.006822488945041061,0.09854706253948199,0.007327858496525584,0.12179406190777006,0.007327858496525584,0.12179406190777006,0.0377763739734681,0.697536323436513,0.03461781427668983,0.7686670878079596,0.03461781427668983,0.7686670878079596,0.0854074542008844,0.8478837650031585,0.09488313329121921,0.8678458622867972,0.09488313329121921,0.8678458622867972,0.2529374605180038,0.9169930511686671,0.2645609602021478,0.8851547694251422,0.2645609602021478,0.8851547694251422
swin_cifar100_wanet_0_05_evade_l1,before_attention_norm_token_mask,before_attention_norm,token_mask,adaptive,0.3,swin,cifar100,wanet,0.7535305354706453,0.0,0.7535305354706453,0.6488677192006509,0.6488677192006509,0.006443461781427669,0.06595072646873026,0.0065698041692988,0.0048010107391029695,0.0065698041692988,0.0048010107391029695,0.04308275426405559,0.21794061907770057,0.053442830069488315,0.35944409349336703,0.053442830069488315,0.35944409349336703,0.09046114971572963,0.38003790271636134,0.0998104864181933,0.4480101073910297,0.0998104864181933,0.4480101073910297,0.25154769425142137,0.655085281111813,0.24030322173089072,0.510170562223626,0.24030322173089072,0.510170562223626
swin_cifar100_wanet_0_1,before_attention_norm_token_mask,before_attention_norm,token_mask,adaptive,0.4,swin,cifar100,wanet,0.9386586157647048,0.0,0.9386586157647047,0.9245638573775613,0.9245638573775613,0.007327858496525584,0.134301958307012,0.0065698041692988,0.10044219835754896,0.0065698041692988,0.10044219835754896,0.03765003158559697,0.7202779532533164,0.03701831964624131,0.6995578016424511,0.03701831964624131,0.6995578016424511,0.09071383449147188,0.8899557801642451,0.0899557801642451,0.890840176879343,0.0899557801642451,0.890840176879343,0.2505369551484523,0.9394819962097284,0.2510423246999368,0.931396083385976,0.2510423246999368,0.931396083385976
swin_cifar100_wanet_0_1_evade_l1,before_attention_norm_token_mask,before_attention_norm,token_mask,adaptive,0.4,swin,cifar100,wanet,0.8542647180302081,0.0,0.8542647180302081,0.9605065826938065,0.9605065826938065,0.011370814908401769,0.008843967150979154,0.0055590650663297535,0.6141503474415666,0.0055590650663297535,0.6141503474415666,0.04409349336702464,0.045104232469993684,0.0427037271004422,0.9331648768161718,0.0427037271004422,0.9331648768161718,0.10069488313329122,0.22122552116234998,0.0972836386607707,0.9387239418825016,0.0972836386607707,0.9387239418825016,0.2509159823120657,0.9636133922931144,0.25116866708780794,0.9499684144030323,0.25116866708780794,0.9499684144030323
swin_tiny_adaptive_blend_0_01_evade_l1,before_attention_norm_token_mask,before_attention_norm,token_mask,adaptive,0.4,swin,tiny,adaptive_blend,0.7621527030390595,0.006083268221899765,0.7621527030390595,0.5075891440807149,0.5075891440807149,0.012690036436738284,0.5023244126146501,0.010805377559994974,0.5011936172886041,0.010805377559994974,0.5011936172886041,0.05729362985299661,0.514763161201156,0.05289609247392889,0.5027013443899987,0.05289609247392889,0.5027013443899987,0.1005151400929765,0.5406458097750974,0.10064078401809272,0.5034552079406961,0.10064078401809272,0.5034552079406961,0.24827239602965195,0.6602588264857394,0.23683879884407588,0.5052142228923232,0.23683879884407588,0.5052142228923232
swin_tiny_adaptive_blend_0_05_evade_l1,before_attention_norm_token_mask,before_attention_norm,token_mask,adaptive,0.4,swin,tiny,adaptive_blend,0.9715827350565542,0.0,0.9715827350565542,0.8967810449460636,0.8967810449460636,0.014825983163714035,0.8850358085186582,0.009674582233948988,0.8891820580474934,0.009674582233948988,0.8891820580474934,0.052519160698580224,0.8896846337479583,0.05151400929765046,0.8914436486995854,0.05151400929765046,0.8914436486995854,0.10390752607111446,0.9007412991581857,0.11044101017715793,0.8938308832767936,0.11044101017715793,0.8938308832767936,0.2531725091091846,0.9579092850860661,0.2692549315240608,0.8955898982284206,0.2692549315240608,0.8955898982284206
swin_tiny_adaptive_blend_0_1_evade_l1,before_attention_norm_token_mask,before_attention_norm,token_mask,adaptive,0.4,swin,tiny,adaptive_blend,0.8714922490137884,0.0,0.8714922490137884,0.8918290419831463,0.8918290419831463,0.006784771956275914,0.07287347656740796,0.010679733634878754,0.8550069104158814,0.010679733634878754,0.8550069104158814,0.050634501821836916,0.28533735393893706,0.05025757004648825,0.8685764543284332,0.05025757004648825,0.8685764543284332,0.10340495037064958,0.5138836537253424,0.10378188214599825,0.8702098253549441,0.10378188214599825,0.8702098253549441,0.24940319135569794,0.8776228169368011,0.26561125769569044,0.8727227038572685,0.26561125769569044,0.8727227038572685
swin_tiny_badnet_a2a_0_01_evade_l1,before_attention_norm_token_mask,before_attention_norm,token_mask,adaptive,0.4,swin,tiny,badnet_a2a,0.8659610390625001,0.0,0.8659610390625001,0.567119234375,0.567119234375,0.0135,0.17275,0.007125,0.008125,0.007125,0.008125,0.0505,0.361375,0.051375,0.114375,0.051375,0.114375,0.096375,0.4995,0.103625,0.21225,0.103625,0.21225,0.245625,0.8,0.258375,0.386,0.258375,0.386
swin_tiny_badnet_a2a_0_05_evade_l1,before_attention_norm_token_mask,before_attention_norm,token_mask,adaptive,0.4,swin,tiny,badnet_a2a,0.7393645156249999,0.0,0.7393645156249999,0.5817790468749999,0.5817790468749999,0.011375,0.059875,0.007375,0.078625,0.007375,0.078625,0.045875,0.159875,0.053625,0.258125,0.053625,0.258125,0.09775,0.25425,0.104625,0.331375,0.104625,0.331375,0.245625,0.506875,0.26225,0.450875,0.26225,0.450875
swin_tiny_badnet_a2a_0_1_evade_l1,before_attention_norm_token_mask,before_attention_norm,token_mask,adaptive,0.4,swin,tiny,badnet_a2a,0.579945890625,0.0,0.579945890625,0.44711160937499994,0.44711160937499994,0.014875,0.03,0.015,0.025625,0.015,0.025625,0.054,0.094,0.05575,0.096125,0.05575,0.096125,0.111375,0.165875,0.102,0.141125,0.102,0.141125,0.259875,0.324875,0.252625,0.2485,0.252625,0.2485
swin_tiny_badnet_a2o_0_01_evade_l1,before_attention_norm_token_mask,before_attention_norm,token_mask,adaptive,0.4,swin,tiny,badnet_a2o,0.8228993149509278,0.0,0.8228993149509278,0.9954625951530935,0.9954625951530935,0.011307953260459858,0.00012564392511622062,0.009548938308832768,0.9291368262344516,0.009548938308832768,0.9291368262344516,0.051011433597185574,0.016710642040457344,0.04950370649579093,0.9822842065586129,0.04950370649579093,0.9822842065586129,0.09850483729111698,0.1515265736901621,0.09737404196507099,0.9992461364493027,0.09737404196507099,0.9992461364493027,0.23922603342128407,0.862168614147506,0.26146500816685514,0.9994974242995351,0.26146500816685514,0.9994974242995351
swin_tiny_badnet_a2o_0_05_evade_l1,before_attention_norm_token_mask,before_attention_norm,token_mask,adaptive,0.4,swin,tiny,badnet_a2o,0.800491520487403,0.0,0.800491520487403,0.992855235071196,0.992855235071196,0.008418142982786782,0.00590526448046237,0.011559241110692299,0.8267370272647317,0.011559241110692299,0.8267370272647317,0.04586003266742053,0.04435230556602588,0.04962935042090715,0.9981153411232567,0.04962935042090715,0.9981153411232567,0.09737404196507099,0.13230305314738033,0.11031536625204172,0.9992461364493027,0.11031536625204172,0.9992461364493027,0.24161326799849228,0.6950621937429325,0.2703857268501068,0.9996230682246513,0.2703857268501068,0.9996230682246513
swin_tiny_badnet_a2o_0_1_evade_l1,before_attention_norm_token_mask,before_attention_norm,token_mask,adaptive,0.4,swin,tiny,badnet_a2o,0.2015733243123552,0.0,0.20157332431235525,0.42843975424307146,0.42843975424307146,0.013192612137203167,0.0,0.012564392511622063,0.037567533609749966,0.012564392511622063,0.037567533609749966,0.05377559994974243,0.0,0.05352431209950999,0.1606985802236462,0.05352431209950999,0.1606985802236462,0.10528960924739289,0.00012564392511622062,0.10579218494785778,0.23683879884407588,0.10579218494785778,0.23683879884407588,0.2423671315491896,0.010679733634878754,0.26171629601708757,0.34300791556728233,0.26171629601708757,0.34300791556728233
swin_tiny_blend_0_01_evade_l1,before_attention_norm_token_mask,before_attention_norm,token_mask,adaptive,0.5,swin,tiny,blend,0.9964907789056684,0.0,0.9964907789056684,0.9992184313244655,0.9992184313244655,0.014700339238597813,0.9770071617037316,0.008669430833019224,0.9983666289734892,0.008669430833019224,0.9983666289734892,0.054655107425555974,0.9863048121623319,0.05440381957532353,0.9987435607488377,0.05440381957532353,0.9987435607488377,0.10981279055157683,0.9918331448674457,0.1078024877497173,0.9989948485990703,0.1078024877497173,0.9989948485990703,0.24626209322779244,0.9959793943962809,0.24412614650081668,0.9989948485990703,0.24412614650081668,0.9989948485990703
swin_tiny_blend_0_05_evade_l1,before_attention_norm_token_mask,before_attention_norm,token_mask,adaptive,0.4,swin,tiny,blend,0.782470015595854,0.0,0.782470015595854,0.9865412292276091,0.9865412292276091,0.01181052896092474,0.0003769317753486619,0.010679733634878754,0.671441135821083,0.010679733634878754,0.671441135821083,0.051011433597185574,0.010679733634878754,0.05013192612137203,0.9765045860032667,0.05013192612137203,0.9765045860032667,0.10679733634878753,0.07815052142228923,0.10817941952506596,0.9901997738409348,0.10817941952506596,0.9901997738409348,0.25254428948360347,0.7237090086694309,0.2618419399422038,0.9959793943962809,0.2618419399422038,0.9959793943962809
swin_tiny_blend_0_1_evade_l1,before_attention_norm_token_mask,before_attention_norm,token_mask,adaptive,0.4,swin,tiny,blend,0.4851533366576326,0.0,0.4851533366576326,0.87424154458139,0.87424154458139,0.014072119613016711,0.0,0.007538635506973238,0.0,0.007538635506973238,0.0,0.05289609247392889,0.0,0.050383213971604474,0.02047995979394396,0.050383213971604474,0.02047995979394396,0.10189722326925493,0.0,0.10729991204925242,0.5533358462118356,0.10729991204925242,0.5533358462118356,0.24689031285337354,0.00025128785023244125,0.26297273526824977,0.9460987561251414,0.26297273526824977,0.9460987561251414
swin_tiny_bpp_0_01_evade_l1,before_attention_norm_token_mask,before_attention_norm,token_mask,adaptive,0.4,swin,tiny,bpp,0.9442457568654128,0.0,0.9442457568654128,0.935556853513028,0.935556853513028,0.0121874607362734,0.06432968965950496,0.011559241110692299,0.0,0.011559241110692299,0.0,0.045357456966955645,0.5524563387360221,0.05653976630229928,0.8014825983163714,0.05653976630229928,0.8014825983163714,0.09423294383716548,0.8920718683251665,0.10855635130041462,0.941324286970725,0.10855635130041462,0.941324286970725,0.25003141098127907,0.9864304560874482,0.26272144741801734,0.969217238346526,0.26272144741801734,0.969217238346526
swin_tiny_bpp_0_05_evade_l1,before_attention_norm_token_mask,before_attention_norm,token_mask,adaptive,0.4,swin,tiny,bpp,0.9938062075613332,0.0,0.9938062075613332,0.9922005574460554,0.9922005574460554,0.014700339238597813,0.9728609121748963,0.009297650458600327,0.9890689785148888,0.009297650458600327,0.9890689785148888,0.05880135695439125,0.9871843196381455,0.05163965322276668,0.9899484859907024,0.05163965322276668,0.9899484859907024,0.0974996858901872,0.9898228420655861,0.1017715793441387,0.9904510616911673,0.1017715793441387,0.9904510616911673,0.2501570549063953,0.9947229551451188,0.2540520165849981,0.9910792813167484,0.2540520165849981,0.9910792813167484
swin_tiny_bpp_0_1_evade_l1,before_attention_norm_token_mask,before_attention_norm,token_mask,adaptive,0.5,swin,tiny,bpp,0.990672994738189,0.0,0.990672994738189,0.9978739671296611,0.9978739671296611,0.012313104661389622,0.9394396280939816,0.010554089709762533,0.9920844327176781,0.010554089709762533,0.9920844327176781,0.05880135695439125,0.9604221635883905,0.044729237341374545,0.9944716672948863,0.044729237341374545,0.9944716672948863,0.10667169242367132,0.9697198140469908,0.10239979896971982,0.9957281065460485,0.10239979896971982,0.9957281065460485,0.25857519788918204,0.9875612514134942,0.25757004648825227,0.9973614775725593,0.25757004648825227,0.9973614775725593
swin_tiny_lc_0_01_evade_l1,before_attention_norm_token_mask,before_attention_norm,token_mask,adaptive,0.5,swin,tiny,lc,0.5715854250584187,0.0,0.5715854250584187,0.3713638345761884,0.3713638345761884,0.009423294383716547,0.01784143736650333,0.008418142982786782,0.005277044854881266,0.008418142982786782,0.005277044854881266,0.045483100892071866,0.07513506721949993,0.04611132051765297,0.03153662520417138,0.04611132051765297,0.03153662520417138,0.0998869204673954,0.14725468023621058,0.10227415504460359,0.07325040834275663,0.10227415504460359,0.07325040834275663,0.24638773715290865,0.3428822716421661,0.2539263726598819,0.19462244000502577,0.2539263726598819,0.19462244000502577
swin_tiny_lc_0_05_evade_l1,before_attention_norm_token_mask,before_attention_norm,token_mask,adaptive,0.4,swin,tiny,lc,0.6206275215511536,0.0,0.6206275215511536,0.643585029893356,0.643585029893356,0.012564392511622063,0.00402060560371906,0.013066968212086945,0.002387234577208192,0.013066968212086945,0.002387234577208192,0.049754994346023367,0.03417514763161201,0.05942957657997236,0.013318256062319386,0.05942957657997236,0.013318256062319386,0.09548938308832768,0.08757381580600578,0.10817941952506596,0.0603090840557859,0.10817941952506596,0.0603090840557859,0.24651338107802487,0.28119110441010176,0.2442517904259329,0.37730870712401055,0.2442517904259329,0.37730870712401055
swin_tiny_lc_0_1_evade_l1,before_attention_norm_token_mask,before_attention_norm,token_mask,adaptive,0.4,swin,tiny,lc,0.6259077315784166,0.0,0.6259077315784166,0.5134323127728313,0.5134323127728313,0.006659128031159693,0.002387234577208192,0.008795074758135445,0.002387234577208192,0.008795074758135445,0.002387234577208192,0.05076014574695314,0.03819575323533107,0.054026887799974874,0.01784143736650333,0.054026887799974874,0.01784143736650333,0.0998869204673954,0.10654604849855509,0.10026385224274406,0.03807010931021485,0.10026385224274406,0.03807010931021485,0.25631360723709007,0.3556979520040206,0.24575951752732755,0.13205176529714788,0.24575951752732755,0.13205176529714788
swin_tiny_lf_0_01_evade_l1,before_attention_norm_token_mask,before_attention_norm,token_mask,adaptive,0.4,swin,tiny,lf,0.935310948823804,0.0,0.935310948823804,0.9305168571792606,0.9305168571792606,0.013318256062319386,0.6267118984797085,0.01193617288604096,0.8499811534112326,0.01193617288604096,0.8499811534112326,0.050508857896720695,0.7860283955270763,0.054655107425555974,0.9028772458851615,0.054655107425555974,0.9028772458851615,0.10729991204925242,0.8602839552707626,0.10139464756879005,0.9065209197135319,0.10139464756879005,0.9065209197135319,0.2497801231310466,0.9246136449302677,0.26422917451941197,0.9180801608242242,0.26422917451941197,0.9180801608242242
swin_tiny_lf_0_05_evade_l1,before_attention_norm_token_mask,before_attention_norm,token_mask,adaptive,0.3,swin,tiny,lf,0.9889815771338852,0.0,0.9889815771338852,0.9923880603635787,0.9923880603635787,0.007789923357205679,0.8788792561879634,0.009674582233948988,0.9291368262344516,0.009674582233948988,0.9291368262344516,0.04560874481718809,0.9536373916321146,0.052770448548812667,0.9889433345897726,0.052770448548812667,0.9889433345897726,0.09548938308832768,0.9760020103028019,0.10931021485111195,0.9933408719688404,0.10931021485111195,0.9933408719688404,0.24714160070360597,0.9930895841186078,0.26649076517150394,0.9937178037441889,0.26649076517150394,0.9937178037441889
swin_tiny_lf_0_1_evade_l1,before_attention_norm_token_mask,before_attention_norm,token_mask,adaptive,0.3,swin,tiny,lf,0.9748754930900498,0.0,0.9748754930900498,0.9887179680016385,0.9887179680016385,0.014574695313481593,0.8004774469154416,0.013192612137203167,0.8370398291242619,0.013192612137203167,0.8370398291242619,0.04862419901997738,0.8729739917075009,0.060937303681367,0.9591657243372282,0.060937303681367,0.9591657243372282,0.09888176906646563,0.9158185701721322,0.11446161578087699,0.9895715542153537,0.11446161578087699,0.9895715542153537,0.2766679231059178,0.9829124261841939,0.26284709134313355,0.9954768186958161,0.26284709134313355,0.9954768186958161
swin_tiny_sig_0_01_evade_l1,before_attention_norm_token_mask,before_attention_norm,token_mask,adaptive,0.4,swin,tiny,sig,0.576955175523332,0.0,0.576955175523332,0.3555177029354219,0.3555177029354219,0.014951627088830254,0.02148511119487373,0.015454202789295138,0.0036436738283703984,0.015454202789295138,0.0036436738283703984,0.05578590275160196,0.09863048121623319,0.05163965322276668,0.011684885035808518,0.05163965322276668,0.011684885035808518,0.10918457092599573,0.18369141851991455,0.0968714662646061,0.026636512124638773,0.0968714662646061,0.026636512124638773,0.25493152406081165,0.38220882020354313,0.2564392511622063,0.1285337353938937,0.2564392511622063,0.1285337353938937
swin_tiny_sig_0_05_evade_l1,before_attention_norm_token_mask,before_attention_norm,token_mask,adaptive,0.5,swin,tiny,sig,0.6422993068777649,0.0,0.6422993068777649,0.5926239785787448,0.5926239785787448,0.010805377559994974,0.01821836914185199,0.011684885035808518,0.08443271767810026,0.011684885035808518,0.08443271767810026,0.05377559994974243,0.08091468777484609,0.05767056162834527,0.2035431586882774,0.05767056162834527,0.2035431586882774,0.0998869204673954,0.15680361854504335,0.104787033546928,0.2687523558235959,0.104787033546928,0.2687523558235959,0.24927754743058173,0.37982158562633495,0.26297273526824977,0.4146249528835281,0.26297273526824977,0.4146249528835281
swin_tiny_sig_0_1_evade_l1,before_attention_norm_token_mask,before_attention_norm,token_mask,adaptive,0.4,swin,tiny,sig,0.6184047180738337,0.0,0.6184047180738337,0.5202214654539746,0.5202214654539746,0.01382083176278427,0.02751601960045232,0.014072119613016711,0.049001130795326045,0.014072119613016711,0.049001130795326045,0.05515768312602086,0.1120743812036688,0.052644804623696445,0.1565523306948109,0.052644804623696445,0.1565523306948109,0.11182309335343636,0.19638145495665285,0.10855635130041462,0.2029149390626963,0.10855635130041462,0.2029149390626963,0.25003141098127907,0.3964065837416761,0.26561125769569044,0.30732504083427564,0.26561125769569044,0.30732504083427564
swin_tiny_tact_0_01_evade_l1,before_attention_norm_token_mask,before_attention_norm,token_mask,adaptive,0.5,swin,tiny,tact,0.5078096958180938,0.0,0.5078096958180938,0.4980051599729427,0.4980051599729427,0.014825983163714035,0.015579846714411358,0.010931021485111195,0.009674582233948988,0.010931021485111195,0.009674582233948988,0.05013192612137203,0.05591154667671818,0.052519160698580224,0.049754994346023367,0.052519160698580224,0.049754994346023367,0.09800226159065209,0.10214851111948738,0.10378188214599825,0.10164593541902249,0.10378188214599825,0.10164593541902249,0.2319386857645433,0.23621057921849478,0.25191606985802234,0.24613644930267622,0.25191606985802234,0.24613644930267622
swin_tiny_tact_0_05_evade_l1,before_attention_norm_token_mask,before_attention_norm,token_mask,adaptive,0.5,swin,tiny,tact,0.5046163052537078,0.0,0.5046163052537078,0.49892450441885694,0.49892450441885694,0.013318256062319386,0.014323407463249152,0.010931021485111195,0.011559241110692299,0.010931021485111195,0.011559241110692299,0.05792184947857771,0.0633245382585752,0.046990827993466516,0.04736775976881518,0.046990827993466516,0.04736775976881518,0.09699711018972233,0.10516396532227666,0.09674582233948989,0.10013820831762785,0.09674582233948989,0.10013820831762785,0.25731875863801984,0.2610880763915065,0.23709008669430834,0.23746701846965698,0.23709008669430834,0.23746701846965698
swin_tiny_tact_0_1_evade_l1,before_attention_norm_token_mask,before_attention_norm,token_mask,adaptive,0.4,swin,tiny,tact,0.5002953240016474,0.0,0.5002953240016474,0.4991024407804535,0.4991024407804535,0.01382083176278427,0.01394647568790049,0.014323407463249152,0.014197763538132931,0.014323407463249152,0.014197763538132931,0.049754994346023367,0.051890941072999124,0.054026887799974874,0.05553461490136952,0.054026887799974874,0.05553461490136952,0.09963563261716296,0.10327930644553336,0.10327930644553336,0.104787033546928,0.10327930644553336,0.104787033546928,0.2580726221887172,0.2581982661138334,0.2546802362105792,0.2527955773338359,0.2546802362105792,0.2527955773338359
swin_tiny_wanet_0_01_evade_l1,before_attention_norm_token_mask,before_attention_norm,token_mask,adaptive,0.3,swin,tiny,wanet,0.7863865730640736,0.0,0.7863865730640736,0.7357633900881103,0.7357633900881103,0.006910415881392135,0.18871717552456338,0.008543786907903002,0.43761779117979643,0.008543786907903002,0.43761779117979643,0.051262721447418017,0.5310968714662646,0.05377559994974243,0.532478954642543,0.05377559994974243,0.532478954642543,0.09950998869204673,0.5730619424550824,0.10654604849855509,0.5435356200527705,0.10654604849855509,0.5435356200527705,0.2685010679733635,0.6873979143108431,0.25870084181429825,0.5915315994471667,0.25870084181429825,0.5915315994471667
swin_tiny_wanet_0_05_evade_l1,before_attention_norm_token_mask,before_attention_norm,token_mask,adaptive,0.3,swin,tiny,wanet,0.9731938630512158,0.0,0.9731938630512158,0.9774929406789391,0.9774929406789391,0.010302801859530092,0.7979645684131172,0.008543786907903002,0.9315240608116597,0.008543786907903002,0.9315240608116597,0.051890941072999124,0.8761150898354064,0.05214222892323156,0.9656992084432717,0.05214222892323156,0.9656992084432717,0.09863048121623319,0.9170750094232943,0.10202286719437115,0.966955647694434,0.10202286719437115,0.966955647694434,0.23105917828872974,0.9723583364744315,0.2632240231184822,0.9712275411483855,0.2632240231184822,0.9712275411483855
swin_tiny_wanet_0_1_evade_l1,before_attention_norm_token_mask,before_attention_norm,token_mask,adaptive,0.3,swin,tiny,wanet,0.9502675486273484,0.0,0.9502675486273485,0.9815395149039442,0.9815395149039442,0.009548938308832768,0.5627591405955522,0.005528332705113707,0.6208066339992462,0.005528332705113707,0.6208066339992462,0.061188591531599446,0.7546174142480211,0.04661389621811785,0.9352933785651464,0.04661389621811785,0.9352933785651464,0.10692298027390376,0.8335217992210077,0.1041588139213469,0.9809021233823345,0.1041588139213469,0.9809021233823345,0.24601080537755998,0.9555220505088579,0.25493152406081165,0.9871843196381455,0.25493152406081165,0.9871843196381455
vit_cifar100_adaptive_blend_0_01,before_attention_norm_token_mask,before_attention_norm,token_mask,adaptive,0.5,vit,cifar100,adaptive_blend,0.8876653993852083,0.0,0.8876653993852083,0.7273899681909295,0.7273899681909295,0.010739102969046115,0.5268477574226152,0.012255211623499684,0.6061907770056854,0.012255211623499684,0.6061907770056854,0.05457991156032849,0.6505369551484523,0.05053695514845231,0.6857864813644978,0.05053695514845231,0.6857864813644978,0.10246367656348705,0.7229311433986102,0.09488313329121921,0.6996841440303222,0.09488313329121921,0.6996841440303222,0.24169298799747316,0.8471257106759318,0.24497789008212256,0.7076437144662034,0.24497789008212256,0.7076437144662034
vit_cifar100_adaptive_blend_0_01_evade_l1,before_attention_norm_token_mask,before_attention_norm,token_mask,adaptive,0.5,vit,cifar100,adaptive_blend,0.7822633963435731,0.0,0.7822633963435731,0.07881920547957234,0.07881920547957234,0.011749842072015161,0.03335439039797852,0.009854706253948199,0.0,0.009854706253948199,0.0,0.05432722678458623,0.150726468730259,0.049273531269740996,0.007201516108654453,0.049273531269740996,0.007201516108654453,0.11067593177511055,0.27302590018951356,0.09172457359444093,0.007580543272267846,0.09172457359444093,0.007580543272267846,0.24750473783954516,0.6439671509791535,0.24358812381554013,0.019709412507896398,0.24358812381554013,0.019709412507896398
vit_cifar100_adaptive_blend_0_05,before_attention_norm_token_mask,before_attention_norm,token_mask,adaptive,0.5,vit,cifar100,adaptive_blend,0.965346924783979,0.0,0.965346924783979,0.9278627425237111,0.9278627425237111,0.015540113708149084,0.7946936197094125,0.0131396083385976,0.8027795325331649,0.0131396083385976,0.8027795325331649,0.05950726468730259,0.8552116234996842,0.055716993051168666,0.8955148452305749,0.055716993051168666,0.8955148452305749,0.11433986102337335,0.8953885028427038,0.10448515476942515,0.913076437144662,0.10448515476942515,0.913076437144662,0.2664560960202148,0.9629816803537586,0.25066329753632344,0.9300063171193935,0.25066329753632344,0.9300063171193935
vit_cifar100_adaptive_blend_0_05_evade_l1,before_attention_norm_token_mask,before_attention_norm,token_mask,adaptive,0.4,vit,cifar100,adaptive_blend,0.192289602612087,0.0,0.192289602612087,0.038956282580752774,0.038956282580752774,0.009475679090334808,0.0,0.015287428932406822,0.0,0.015287428932406822,0.0,0.050410612760581175,0.0020214782059380923,0.05167403663929248,0.0,0.05167403663929248,0.0,0.09905243209096652,0.015287428932406822,0.1071383449147189,0.0,0.1071383449147189,0.0,0.2504106127605812,0.0837650031585597,0.25407454200884394,0.0013897662665824384,0.25407454200884394,0.0013897662665824384
vit_cifar100_adaptive_blend_0_1,before_attention_norm_token_mask,before_attention_norm,token_mask,adaptive,0.5,vit,cifar100,adaptive_blend,0.9833344573522608,0.0,0.9833344573522609,0.9657955480071145,0.9657955480071145,0.01301326595072647,0.8909665192672142,0.0114971572962729,0.8885660138976627,0.0114971572962729,0.8885660138976627,0.04838913455464308,0.9426405559065066,0.0525584333543904,0.9590650663297536,0.0525584333543904,0.9590650663297536,0.10170562223626027,0.9561591914087176,0.09551484523057485,0.966140240050537,0.09551484523057485,0.966140240050537,0.24939987365761213,0.9819330385344283,0.24131396083385975,0.9704358812381554,0.24131396083385975,0.9704358812381554
vit_cifar100_adaptive_blend_0_1_evade_l1,before_attention_norm_token_mask,before_attention_norm,token_mask,adaptive,0.6,vit,cifar100,adaptive_blend,0.2981546828291277,0.0,0.2981546828291277,0.041843369758197586,0.041843369758197586,0.011370814908401769,0.0,0.008843967150979154,0.0,0.008843967150979154,0.0,0.05104232469993683,0.0029058749210360076,0.05457991156032849,0.00012634238787113077,0.05457991156032849,0.00012634238787113077,0.09008212255211623,0.02312065698041693,0.10928616550852811,0.0010107391029690461,0.10928616550852811,0.0010107391029690461,0.24851547694251422,0.13202779532533165,0.2533164876816172,0.00505369551484523,0.2533164876816172,0.00505369551484523
vit_cifar100_badnet_a2a_0_01_evade_l1,before_attention_norm_token_mask,before_attention_norm,token_mask,adaptive,0.6,vit,cifar100,badnet_a2a,0.9096104375,0.0,0.9096104375,0.40264275,0.40264275,0.010375,0.261,0.012625,0.0,0.012625,0.0,0.056,0.572625,0.043375,0.001625,0.043375,0.001625,0.101625,0.683125,0.08925,0.00475,0.08925,0.00475,0.2465,0.900625,0.2395,0.06925,0.2395,0.06925
vit_cifar100_badnet_a2a_0_05,before_attention_norm_token_mask,before_attention_norm,token_mask,adaptive,0.5,vit,cifar100,badnet_a2a,0.6065259375000001,0.0,0.6065259375000001,0.35869255468750005,0.35869255468750005,0.0055,0.0045,0.006875,0.0,0.006875,0.0,0.044625,0.0695,0.042625,0.003375,0.042625,0.003375,0.095375,0.1305,0.090375,0.012,0.090375,0.012,0.23325,0.294125,0.242375,0.07475,0.242375,0.07475
vit_cifar100_badnet_a2a_0_05_evade_l1,before_attention_norm_token_mask,before_attention_norm,token_mask,adaptive,0.5,vit,cifar100,badnet_a2a,0.6770057578125,0.0,0.6770057578125,0.318940328125,0.318940328125,0.0085,0.040625,0.0085,0.0,0.0085,0.0,0.050625,0.171875,0.05975,0.005125,0.05975,0.005125,0.0955,0.249125,0.118125,0.018125,0.118125,0.018125,0.2385,0.45975,0.256375,0.063375,0.256375,0.063375
vit_cifar100_badnet_a2a_0_1,before_attention_norm_token_mask,before_attention_norm,token_mask,adaptive,0.5,vit,cifar100,badnet_a2a,0.5712335546875,0.0,0.5712335546875,0.35034346875,0.35034346875,0.00925,0.025625,0.008375,0.000125,0.008375,0.000125,0.049625,0.09925,0.051375,0.021,0.051375,0.021,0.092125,0.151,0.096125,0.058375,0.096125,0.058375,0.235625,0.32175,0.259625,0.151125,0.259625,0.151125
vit_cifar100_badnet_a2a_0_1_evade_l1,before_attention_norm_token_mask,before_attention_norm,token_mask,adaptive,0.6,vit,cifar100,badnet_a2a,0.5689516796875,0.0,0.5689516796875,0.33392173437500006,0.33392173437500006,0.0105,0.031875,0.01175,0.0,0.01175,0.0,0.058375,0.112875,0.057625,0.0,0.057625,0.0,0.104,0.177375,0.106625,0.00125,0.106625,0.00125,0.26025,0.357125,0.26375,0.07375,0.26375,0.07375
vit_cifar100_badnet_a2o_0_01,before_attention_norm_token_mask,before_attention_norm,token_mask,adaptive,0.5,vit,cifar100,badnet_a2o,0.978787831384391,0.0,0.978787831384391,0.9882002435063963,0.9882002435063963,0.009728363866077068,0.4533164876816172,0.01010739102969046,0.5181301326595072,0.01010739102969046,0.5181301326595072,0.05445356917245736,0.9259633607075174,0.04384080859128237,0.9948199620972836,0.04384080859128237,0.9948199620972836,0.10233733417561591,0.9725837018319646,0.0903348073278585,0.9991156032849021,0.0903348073278585,0.9991156032849021,0.2419456727732154,0.9987365761212887,0.24118761844598863,0.9998736576121289,0.24118761844598863,0.9998736576121289
vit_cifar100_badnet_a2o_0_01_evade_l1,before_attention_norm_token_mask,before_attention_norm,token_mask,adaptive,0.6,vit,cifar100,badnet_a2o,0.036299844087268,0.0,0.03629984408726803,0.0652086664652744,0.0652086664652744,0.009602021478205939,0.0,0.010486418193303853,0.0,0.010486418193303853,0.0,0.045862286797220465,0.0,0.054958938723941884,0.0,0.054958938723941884,0.0,0.09892608970309538,0.0003790271636133923,0.11156032849020847,0.00012634238787113077,0.11156032849020847,0.00012634238787113077,0.27302590018951356,0.0018951358180669614,0.25015792798483893,0.0003790271636133923,0.25015792798483893,0.0003790271636133923
vit_cifar100_badnet_a2o_0_05,before_attention_norm_token_mask,before_attention_norm,token_mask,adaptive,0.5,vit,cifar100,badnet_a2o,0.9652166396835612,0.0,0.9652166396835613,0.9942023609186201,0.9942023609186201,0.01010739102969046,0.4169298799747315,0.010739102969046115,0.8941250789639924,0.010739102969046115,0.8941250789639924,0.04952621604548326,0.7519898926089703,0.05596967782691093,0.9954516740366393,0.05596967782691093,0.9954516740366393,0.09513581806696146,0.8972836386607707,0.11042324699936829,0.9996209728363866,0.11042324699936829,0.9996209728363866,0.25559065066329756,0.9950726468730259,0.25887555274794694,1.0,0.25887555274794694,1.0
vit_cifar100_badnet_a2o_0_05_evade_l1,before_attention_norm_token_mask,before_attention_norm,token_mask,adaptive,0.6,vit,cifar100,badnet_a2o,0.0003955961337473,0.0,0.0003955961337473396,0.0030600238079180626,0.0030600238079180626,0.008717624763108023,0.0,0.009096651926721416,0.0,0.009096651926721416,0.0,0.05028427037271004,0.0,0.05129500947567909,0.0,0.05129500947567909,0.0,0.09096651926721415,0.0,0.09740998104864182,0.0,0.09740998104864182,0.0,0.24497789008212256,0.00012634238787113077,0.24611497157296272,0.0,0.24611497157296272,0.0
vit_cifar100_badnet_a2o_0_1,before_attention_norm_token_mask,before_attention_norm,token_mask,adaptive,0.5,vit,cifar100,badnet_a2o,0.996257024952023,0.0,0.996257024952023,0.998234239425609,0.998234239425609,0.008591282375236892,0.9086544535691724,0.011118130132659507,0.998104864181933,0.011118130132659507,0.998104864181933,0.036891977258370186,0.9902716361339229,0.051168667087807956,1.0,0.051168667087807956,1.0,0.08717624763108023,0.9991156032849021,0.10208464939987366,1.0,0.10208464939987366,1.0,0.22590018951358182,1.0,0.2573594440934934,1.0,0.2573594440934934,1.0
vit_cifar100_badnet_a2o_0_1_evade_l1,before_attention_norm_token_mask,before_attention_norm,token_mask,adaptive,0.6,vit,cifar100,badnet_a2o,0.0007159854247334,0.0,0.0007159854247334909,0.005563390876451432,0.005563390876451432,0.012760581174984208,0.0,0.010233733417561591,0.0,0.010233733417561591,0.0,0.05167403663929248,0.0,0.051926721415034745,0.0,0.051926721415034745,0.0,0.09500947567909034,0.0,0.10322173089071383,0.0,0.10322173089071383,0.0,0.25546430827542643,0.0,0.2645609602021478,0.0,0.2645609602021478,0.0
vit_cifar100_blend_0_01,before_attention_norm_token_mask,before_attention_norm,token_mask,adaptive,0.5,vit,cifar100,blend,0.941749702401024,0.0,0.9417497024010241,0.976494840753122,0.976494840753122,0.006822488945041061,0.3997473152242577,0.008843967150979154,0.5615919140871762,0.008843967150979154,0.5615919140871762,0.04295641187618446,0.6577384712571067,0.04346178142766898,0.8894504106127605,0.04346178142766898,0.8894504106127605,0.09475679090334807,0.7705622236260266,0.09614655716993051,0.9598231206569804,0.09614655716993051,0.9598231206569804,0.22804801010739104,0.938218572331017,0.22653190145293747,0.9882501579279849,0.22653190145293747,0.9882501579279849
vit_cifar100_blend_0_01_evade_l1,before_attention_norm_token_mask,before_attention_norm,token_mask,adaptive,0.6,vit,cifar100,blend,0.5384374008585376,0.0,0.5384374008585376,0.8008462306191535,0.8008462306191535,0.011749842072015161,0.0,0.016424510423247,0.0,0.016424510423247,0.0,0.05609602021478206,0.0,0.05622236260265319,0.0,0.05622236260265319,0.0,0.10397978521794062,0.0,0.10208464939987366,0.01794061907770057,0.10208464939987366,0.01794061907770057,0.25078963992419456,0.0010107391029690461,0.24914718888186987,0.8001263423878712,0.24914718888186987,0.8001263423878712
vit_cifar100_blend_0_05,before_attention_norm_token_mask,before_attention_norm,token_mask,adaptive,0.6,vit,cifar100,blend,0.8911144108936988,0.0,0.8911144108936988,0.9823800974424644,0.9823800974424644,0.007454200884396715,0.24990524320909666,0.008970309538850285,0.7331648768161718,0.008970309538850285,0.7331648768161718,0.055337965887555275,0.4801010739102969,0.05205306380290588,0.9157296272899558,0.05205306380290588,0.9157296272899558,0.11054958938723942,0.6099810486418193,0.09753632343651295,0.9514845230574858,0.09753632343651295,0.9514845230574858,0.25546430827542643,0.8778269109286165,0.24333543903979785,0.9859759949463045,0.24333543903979785,0.9859759949463045
vit_cifar100_blend_0_05_evade_l1,before_attention_norm_token_mask,before_attention_norm,token_mask,adaptive,0.7,vit,cifar100,blend,0.7018284449151577,0.0,0.7018284449151577,0.9604932221658661,0.9604932221658661,0.013265950726468731,0.0,0.012128869235628554,0.05925457991156033,0.012128869235628554,0.05925457991156033,0.053442830069488315,0.0,0.05938092229943146,0.8506632975363234,0.05938092229943146,0.8506632975363234,0.10739102969046115,0.0,0.11446620341124447,0.9465571699305116,0.11446620341124447,0.9465571699305116,0.24826279216677194,0.26013897662665825,0.2520530638029059,0.9863550221099179,0.2520530638029059,0.9863550221099179
vit_cifar100_blend_0_1,before_attention_norm_token_mask,before_attention_norm,token_mask,adaptive,0.5,vit,cifar100,blend,0.9983753869385276,0.0,0.9983753869385277,0.9987107649221494,0.9987107649221494,0.01490840176879343,0.9996209728363866,0.009854706253948199,1.0,0.009854706253948199,1.0,0.04864181933038535,1.0,0.0410612760581175,1.0,0.0410612760581175,1.0,0.09538850284270373,1.0,0.09589387239418826,1.0,0.09589387239418826,1.0,0.24939987365761213,1.0,0.2549589387239419,1.0,0.2549589387239419,1.0
vit_cifar100_blend_0_1_evade_l1,before_attention_norm_token_mask,before_attention_norm,token_mask,adaptive,0.6,vit,cifar100,blend,0.0033459023923246,0.0,0.0033459023923246446,0.014995492617589999,0.014995492617589999,0.012886923562855339,0.0,0.010991787744788376,0.0,0.010991787744788376,0.0,0.0472520530638029,0.00012634238787113077,0.047378395451674035,0.0,0.047378395451674035,0.0,0.09286165508528112,0.00012634238787113077,0.10044219835754896,0.0,0.10044219835754896,0.0,0.22880606443461782,0.0003790271636133923,0.26304485154769425,0.0,0.26304485154769425,0.0
vit_cifar100_bpp_0_01,before_attention_norm_token_mask,before_attention_norm,token_mask,adaptive,0.5,vit,cifar100,bpp,0.9110872269282476,0.0,0.9110872269282477,0.9603653952748905,0.9603653952748905,0.008464939987365762,0.3815540113708149,0.010486418193303853,0.5711939355653822,0.010486418193303853,0.5711939355653822,0.048894504106127605,0.5934301958307012,0.05167403663929248,0.8343651295009475,0.05167403663929248,0.8343651295009475,0.10536955148452305,0.6957675300063171,0.10284270372710044,0.9205306380290588,0.10284270372710044,0.9205306380290588,0.2591282375236892,0.8904611497157296,0.24156664560960203,0.9677826910928616,0.24156664560960203,0.9677826910928616
vit_cifar100_bpp_0_01_evade_l1,before_attention_norm_token_mask,before_attention_norm,token_mask,adaptive,0.6,vit,cifar100,bpp,0.7342343176413642,0.0,0.7342343176413642,0.9395293087602842,0.9395293087602842,0.009096651926721416,0.0006317119393556538,0.01010739102969046,0.0,0.01010739102969046,0.0,0.04649399873657612,0.0030322173089071384,0.04750473783954517,0.8194567277321542,0.04750473783954517,0.8194567277321542,0.09298799747315224,0.01010739102969046,0.09336702463676563,0.9161086544535691,0.09336702463676563,0.9161086544535691,0.22905874921036007,0.2337334175615919,0.24876816171825647,0.9580543272267846,0.24876816171825647,0.9580543272267846
vit_cifar100_bpp_0_05,before_attention_norm_token_mask,before_attention_norm,token_mask,adaptive,0.5,vit,cifar100,bpp,0.9848227595077036,0.0,0.9848227595077037,0.9888826041376931,0.9888826041376931,0.012886923562855339,0.9150979153506001,0.010486418193303853,0.9316487681617183,0.010486418193303853,0.9316487681617183,0.052305748578648135,0.9445356917245736,0.045104232469993684,0.9658875552747946,0.045104232469993684,0.9658875552747946,0.10675931775110549,0.9580543272267846,0.104358812381554,0.9772583701831965,0.104358812381554,0.9772583701831965,0.2591282375236892,0.9820593809222994,0.2576121288692356,0.9871130764371446,0.2576121288692356,0.9871130764371446
vit_cifar100_bpp_0_05_evade_l1,before_attention_norm_token_mask,before_attention_norm,token_mask,adaptive,0.6,vit,cifar100,bpp,0.1695282512513523,0.0,0.16952825125135232,0.3537280621767364,0.3537280621767364,0.010739102969046115,0.0,0.006696146557169931,0.0,0.006696146557169931,0.0,0.0525584333543904,0.0010107391029690461,0.04687302590018951,0.0,0.04687302590018951,0.0,0.10259001895135818,0.003916614024005054,0.10764371446620341,0.0005053695514845231,0.10764371446620341,0.0005053695514845231,0.2542008843967151,0.015161086544535692,0.25773847125710675,0.0017687934301958306,0.25773847125710675,0.0017687934301958306
vit_cifar100_bpp_0_1,before_attention_norm_token_mask,before_attention_norm,token_mask,adaptive,0.5,vit,cifar100,bpp,0.9951496015984748,0.0,0.9951496015984747,0.9958518833036897,0.9958518833036897,0.007580543272267846,0.9641187618445989,0.009602021478205939,0.9768793430195831,0.009602021478205939,0.9768793430195831,0.052305748578648135,0.9800379027163614,0.04447252053063803,0.9920404295641188,0.04447252053063803,0.9920404295641188,0.0981680353758686,0.9852179406190777,0.09437776373973468,0.9950726468730259,0.09437776373973468,0.9950726468730259,0.2377763739734681,0.9959570435881239,0.24409349336702463,0.995198989260897,0.24409349336702463,0.995198989260897
vit_cifar100_bpp_0_1_evade_l1,before_attention_norm_token_mask,before_attention_norm,token_mask,adaptive,0.6,vit,cifar100,bpp,0.1258193399627836,0.0,0.12581933996278366,0.2999034993170089,0.2999034993170089,0.007580543272267846,0.0,0.010865445356917245,0.0,0.010865445356917245,0.0,0.05281111813013266,0.00025268477574226153,0.050410612760581175,0.0032849020846494,0.050410612760581175,0.0032849020846494,0.09614655716993051,0.0010107391029690461,0.10953885028427038,0.016929879974731523,0.10953885028427038,0.016929879974731523,0.2662034112444725,0.010233733417561591,0.26304485154769425,0.053821857233101705,0.26304485154769425,0.053821857233101705
vit_cifar100_lc_0_01,before_attention_norm_token_mask,before_attention_norm,token_mask,adaptive,0.5,vit,cifar100,lc,0.717877823000141,0.0,0.717877823000141,0.8532183987399282,0.8532183987399282,0.008085912823752369,0.0018951358180669614,0.00833859759949463,0.002526847757422615,0.00833859759949463,0.002526847757422615,0.04131396083385976,0.012886923562855339,0.04687302590018951,0.16942514213518636,0.04687302590018951,0.16942514213518636,0.09235628553379659,0.05445356917245736,0.09273531269740998,0.4899557801642451,0.09273531269740998,0.4899557801642451,0.2448515476942514,0.3485786481364498,0.25369551484523056,0.8721415034744157,0.25369551484523056,0.8721415034744157
vit_cifar100_lc_0_01_evade_l1,before_attention_norm_token_mask,before_attention_norm,token_mask,adaptive,0.6,vit,cifar100,lc,0.5808702620108073,0.0,0.5808702620108073,0.27727159503074555,0.27727159503074555,0.0055590650663297535,0.0008843967150979153,0.010233733417561591,0.001137081490840177,0.010233733417561591,0.001137081490840177,0.05470625394819962,0.04232469993682881,0.047378395451674035,0.006948831332912192,0.047378395451674035,0.006948831332912192,0.10006317119393557,0.11193935565382186,0.10044219835754896,0.01983575489576753,0.10044219835754896,0.01983575489576753,0.23929248262792166,0.32545799115603286,0.26506632975363237,0.08325963360707517,0.26506632975363237,0.08325963360707517
vit_cifar100_lc_0_05,before_attention_norm_token_mask,before_attention_norm,token_mask,adaptive,0.5,vit,cifar100,lc,0.7418024421672309,0.0,0.7418024421672309,0.6668420827897804,0.6668420827897804,0.007959570435881238,0.0024005053695514847,0.00833859759949463,0.002274162981680354,0.00833859759949463,0.002274162981680354,0.04573594440934934,0.060518003790271634,0.05319014529374605,0.04219835754895768,0.05319014529374605,0.04219835754895768,0.10372710044219836,0.18307012002526848,0.09286165508528112,0.14403032217308906,0.09286165508528112,0.14403032217308906,0.24813644977890081,0.533291219204043,0.24245104232469994,0.49589387239418825,0.24245104232469994,0.49589387239418825
vit_cifar100_lc_0_05_evade_l1,before_attention_norm_token_mask,before_attention_norm,token_mask,adaptive,0.6,vit,cifar100,lc,0.4864442359577778,0.0,0.48644423595777786,0.1960833061640001,0.1960833061640001,0.008085912823752369,0.0007580543272267846,0.011118130132659507,0.0007580543272267846,0.011118130132659507,0.0007580543272267846,0.05205306380290588,0.017308907138344914,0.053442830069488315,0.004421983575489577,0.053442830069488315,0.004421983575489577,0.10031585596967783,0.0640555906506633,0.1018319646241314,0.013265950726468731,0.1018319646241314,0.013265950726468731,0.2545799115603285,0.23954516740366394,0.24990524320909666,0.04876816171825647,0.24990524320909666,0.04876816171825647
vit_cifar100_lc_0_1,before_attention_norm_token_mask,before_attention_norm,token_mask,adaptive,0.5,vit,cifar100,lc,0.7548626535333369,0.0,0.7548626535333369,0.8112444086709347,0.8112444086709347,0.009222994314592546,0.0020214782059380923,0.008970309538850285,0.0034112444725205304,0.008970309538850285,0.0034112444725205304,0.045230574857864816,0.03701831964624131,0.045104232469993684,0.1461781427668983,0.045104232469993684,0.1461781427668983,0.10814908401768794,0.13581806696146556,0.09387239418825016,0.4204674668351232,0.09387239418825016,0.4204674668351232,0.24245104232469994,0.5220467466835124,0.2544535691724574,0.790397978521794,0.2544535691724574,0.790397978521794
vit_cifar100_lc_0_1_evade_l1,before_attention_norm_token_mask,before_attention_norm,token_mask,adaptive,0.6,vit,cifar100,lc,0.6331922523304105,0.0,0.6331922523304105,0.23185801924985505,0.23185801924985505,0.0114971572962729,0.0040429564118761845,0.012507896399241946,0.0016424510423247,0.012507896399241946,0.0016424510423247,0.05508528111181301,0.08313329121920404,0.05369551484523057,0.009475679090334808,0.05369551484523057,0.009475679090334808,0.10259001895135818,0.16601389766266583,0.10814908401768794,0.0279216677195199,0.10814908401768794,0.0279216677195199,0.24750473783954516,0.4097283638660771,0.24914718888186987,0.09488313329121921,0.24914718888186987,0.09488313329121921
vit_cifar100_lf_0_01,before_attention_norm_token_mask,before_attention_norm,token_mask,adaptive,0.5,vit,cifar100,lf,0.9710392040509376,0.0,0.9710392040509376,0.955170608115523,0.955170608115523,0.012002526847757423,0.8672141503474415,0.009096651926721416,0.8643082754264055,0.009096651926721416,0.8643082754264055,0.050789639924194566,0.9187618445988629,0.05104232469993683,0.9355653821857233,0.05104232469993683,0.9355653821857233,0.09614655716993051,0.9341756159191409,0.09677826910928616,0.9425142135186355,0.09677826910928616,0.9425142135186355,0.24358812381554013,0.9650031585596968,0.24207201516108653,0.9476942514213519,0.24207201516108653,0.9476942514213519
vit_cifar100_lf_0_01_evade_l1,before_attention_norm_token_mask,before_attention_norm,token_mask,adaptive,0.6,vit,cifar100,lf,0.2999549860348962,0.0,0.2999549860348962,0.44709401733277093,0.44709401733277093,0.007580543272267846,0.00012634238787113077,0.009349336702463677,0.00025268477574226153,0.009349336702463677,0.00025268477574226153,0.04485154769425142,0.0030322173089071384,0.046999368288060644,0.0017687934301958306,0.046999368288060644,0.0017687934301958306,0.09968414403032218,0.01301326595072647,0.10625394819962097,0.019709412507896398,0.10625394819962097,0.019709412507896398,0.25407454200884394,0.04497789008212255,0.2587492103600758,0.16891977258370183,0.2587492103600758,0.16891977258370183
vit_cifar100_lf_0_05,before_attention_norm_token_mask,before_attention_norm,token_mask,adaptive,0.5,vit,cifar100,lf,0.975616645430025,0.0,0.975616645430025,0.9666650358415716,0.9666650358415716,0.008970309538850285,0.8701200252684775,0.0082122552116235,0.9215413771320278,0.0082122552116235,0.9215413771320278,0.04384080859128237,0.924699936828806,0.05066329753632343,0.9498420720151611,0.05066329753632343,0.9498420720151611,0.09008212255211623,0.9439039797852179,0.0899557801642451,0.9537586860391661,0.0899557801642451,0.9537586860391661,0.24560960202147822,0.9687934301958308,0.23954516740366394,0.9602021478205938,0.23954516740366394,0.9602021478205938
vit_cifar100_lf_0_05_evade_l1,before_attention_norm_token_mask,before_attention_norm,token_mask,adaptive,0.5,vit,cifar100,lf,0.0408054307273785,0.0,0.04080543072737859,0.06725573239676617,0.06725573239676617,0.010360075805432722,0.0,0.01162349968414403,0.0,0.01162349968414403,0.0,0.05167403663929248,0.0006317119393556538,0.053063802905874924,0.00025268477574226153,0.053063802905874924,0.00025268477574226153,0.10461149715729627,0.0029058749210360076,0.10006317119393557,0.0003790271636133923,0.10006317119393557,0.0003790271636133923,0.2552116234996841,0.010612760581174984,0.2504106127605812,0.0018951358180669614,0.2504106127605812,0.0018951358180669614
vit_cifar100_lf_0_1,before_attention_norm_token_mask,before_attention_norm,token_mask,adaptive,0.5,vit,cifar100,lf,0.9971516695272616,0.0,0.9971516695272616,0.9956096379368758,0.9956096379368758,0.005938092229943146,0.9838281743524953,0.009854706253948199,0.9927984838913455,0.009854706253948199,0.9927984838913455,0.04447252053063803,0.9921667719519899,0.05104232469993683,0.9944409349336703,0.05104232469993683,0.9944409349336703,0.09614655716993051,0.994188250157928,0.09185091598231207,0.9949463044851548,0.09185091598231207,0.9949463044851548,0.25596967782691094,0.9974731522425774,0.24181933038534428,0.9953253316487681,0.24181933038534428,0.9953253316487681
vit_cifar100_lf_0_1_evade_l1,before_attention_norm_token_mask,before_attention_norm,token_mask,adaptive,0.6,vit,cifar100,lf,0.0100425836898601,0.0,0.010042583689860163,0.00973738262149679,0.00973738262149679,0.012255211623499684,0.0,0.0082122552116235,0.0,0.0082122552116235,0.0,0.0525584333543904,0.00025268477574226153,0.051547694251421354,0.0006317119393556538,0.051547694251421354,0.0006317119393556538,0.10221099178774479,0.0005053695514845231,0.09627289955780165,0.0007580543272267846,0.09627289955780165,0.0007580543272267846,0.25432722678458625,0.004421983575489577,0.2423246999368288,0.001137081490840177,0.2423246999368288,0.001137081490840177
vit_cifar100_sig_0_01_evade_l1,before_attention_norm_token_mask,before_attention_norm,token_mask,adaptive,0.6,vit,cifar100,sig,0.5236081885510492,0.0,0.5236081885510492,0.317754569336471,0.317754569336471,0.010739102969046115,0.015161086544535692,0.008085912823752369,0.00012634238787113077,0.008085912823752369,0.00012634238787113077,0.04864181933038535,0.07984838913455464,0.0509159823120657,0.008464939987365762,0.0509159823120657,0.008464939987365762,0.09614655716993051,0.147820593809223,0.09665192672141504,0.028427037271004423,0.09665192672141504,0.028427037271004423,0.23802905874921035,0.30903348073278586,0.25900189513581806,0.11724573594440935,0.25900189513581806,0.11724573594440935
vit_cifar100_sig_0_05_evade_l1,before_attention_norm_token_mask,before_attention_norm,token_mask,adaptive,0.5,vit,cifar100,sig,0.5381964404648409,0.0,0.5381964404648409,0.3083443360819254,0.3083443360819254,0.012760581174984208,0.0016424510423247,0.012886923562855339,0.0006317119393556538,0.012886923562855339,0.0006317119393556538,0.05508528111181301,0.06885660138976626,0.06039166140240051,0.013518635502210993,0.06039166140240051,0.013518635502210993,0.10953885028427038,0.14529374605180037,0.10903348073278585,0.031206569804169297,0.10903348073278585,0.031206569804169297,0.26355022109917875,0.33607075173720785,0.24459886291850916,0.10044219835754896,0.24459886291850916,0.10044219835754896
vit_cifar100_sig_0_1_evade_l1,before_attention_norm_token_mask,before_attention_norm,token_mask,adaptive,0.6,vit,cifar100,sig,0.5368636280377942,0.0,0.5368636280377942,0.3419963134839572,0.3419963134839572,0.009096651926721416,0.0065698041692988,0.0114971572962729,0.002274162981680354,0.0114971572962729,0.002274162981680354,0.052684775742261526,0.08035375868603917,0.05331648768161718,0.013644977890082122,0.05331648768161718,0.013644977890082122,0.104358812381554,0.15148452305748578,0.0936197094125079,0.033859759949463046,0.0936197094125079,0.033859759949463046,0.2448515476942514,0.3260897030953885,0.2488945041061276,0.13581806696146556,0.2488945041061276,0.13581806696146556
vit_cifar100_tact_0_01_evade_l1,before_attention_norm_token_mask,before_attention_norm,token_mask,adaptive,0.5,vit,cifar100,tact,0.526623733134229,0.0,0.526623733134229,0.46987067663412074,0.46987067663412074,0.01667719519898926,0.01680353758686039,0.012760581174984208,0.003663929248262792,0.012760581174984208,0.003663929248262792,0.04876816171825647,0.06380290587492103,0.04838913455464308,0.02451042324699937,0.04838913455464308,0.02451042324699937,0.10663297536323436,0.12849020846494,0.09627289955780165,0.05660138976626658,0.09627289955780165,0.05660138976626658,0.26468730259001894,0.29842072015161086,0.25306380290587493,0.19444093493367023,0.25306380290587493,0.19444093493367023
vit_cifar100_tact_0_05_evade_l1,before_attention_norm_token_mask,before_attention_norm,token_mask,adaptive,0.5,vit,cifar100,tact,0.5094623983743893,0.0,0.5094623983743893,0.45743105141528617,0.45743105141528617,0.006190777005685408,0.003158559696778269,0.014529374605180037,0.0055590650663297535,0.014529374605180037,0.0055590650663297535,0.062034112444725203,0.06102337334175616,0.05483259633607075,0.027289955780164243,0.05483259633607075,0.027289955780164243,0.11598231206569805,0.12166771951989892,0.10827542640555907,0.06746683512318383,0.10827542640555907,0.06746683512318383,0.27252053063802906,0.28237523689197724,0.26595072646873025,0.21339229311433985,0.26595072646873025,0.21339229311433985
vit_cifar100_tact_0_1_evade_l1,before_attention_norm_token_mask,before_attention_norm,token_mask,adaptive,0.6,vit,cifar100,tact,0.5116607000549506,0.0,0.5116607000549506,0.4663406080636453,0.4663406080636453,0.0070751737207833225,0.01010739102969046,0.011244472520530638,0.007454200884396715,0.011244472520530638,0.007454200884396715,0.048515476942514214,0.05609602021478206,0.05862286797220467,0.0476310802274163,0.05862286797220467,0.0476310802274163,0.10928616550852811,0.11914087176247631,0.10650663297536324,0.09336702463676563,0.10650663297536324,0.09336702463676563,0.2571067593177511,0.2759317751105496,0.249273531269741,0.22526847757422616,0.249273531269741,0.22526847757422616
vit_cifar100_wanet_0_01_evade_l1,before_attention_norm_token_mask,before_attention_norm,token_mask,adaptive,0.05,vit,cifar100,wanet,0.50876313356258,0.0,0.50876313356258,0.44019751074369207,0.44019751074369207,0.01162349968414403,0.004169298799747315,0.013897662665824383,0.004548325963360708,0.013897662665824383,0.004548325963360708,0.051547694251421354,0.040934933670246365,0.05205306380290588,0.0262792166771952,0.05205306380290588,0.0262792166771952,0.10322173089071383,0.10499052432090966,0.09943145925457991,0.062160454832596336,0.09943145925457991,0.062160454832596336,0.2574857864813645,0.2658243840808591,0.24624131396083385,0.1749842072015161,0.24624131396083385,0.1749842072015161
vit_cifar100_wanet_0_05,before_attention_norm_token_mask,before_attention_norm,token_mask,adaptive,0.4,vit,cifar100,wanet,0.8176223607669773,0.0,0.8176223607669773,0.768601306761792,0.768601306761792,0.005811749842072015,0.2644346178142767,0.008970309538850285,0.29791535060012636,0.008970309538850285,0.29791535060012636,0.045104232469993684,0.48591282375236894,0.04838913455464308,0.5699305116866709,0.04838913455464308,0.5699305116866709,0.10157927984838913,0.573847125710676,0.09121920404295641,0.6209728363866077,0.09121920404295641,0.6209728363866077,0.2562223626026532,0.7427668982943778,0.2544535691724574,0.7001895135818067,0.2544535691724574,0.7001895135818067
vit_cifar100_wanet_0_05_evade_l1,before_attention_norm_token_mask,before_attention_norm,token_mask,adaptive,0.2,vit,cifar100,wanet,0.357899875054322,0.0,0.357899875054322,0.1534731825711354,0.1534731825711354,0.007959570435881238,0.0,0.007454200884396715,0.0,0.007454200884396715,0.0,0.046999368288060644,0.0040429564118761845,0.04295641187618446,0.0006317119393556538,0.04295641187618446,0.0006317119393556538,0.09993682880606443,0.020593809222994315,0.08881869867340493,0.0032849020846494,0.08881869867340493,0.0032849020846494,0.24624131396083385,0.1581806696146557,0.25559065066329756,0.03095388502842704,0.25559065066329756,0.03095388502842704
vit_cifar100_wanet_0_1,before_attention_norm_token_mask,before_attention_norm,token_mask,adaptive,0.5,vit,cifar100,wanet,0.8697474149892515,0.0,0.8697474149892515,0.9222792709493517,0.9222792709493517,0.011118130132659507,0.21756159191408717,0.0070751737207833225,0.4468730259001895,0.0070751737207833225,0.4468730259001895,0.05053695514845231,0.39077700568540746,0.04320909665192672,0.7437776373973468,0.04320909665192672,0.7437776373973468,0.09185091598231207,0.5105495893872394,0.09286165508528112,0.8285533796588755,0.09286165508528112,0.8285533796588755,0.23411244472520532,0.8223626026531902,0.24207201516108653,0.9038534428300695,0.24207201516108653,0.9038534428300695
vit_cifar100_wanet_0_1_evade_l1,before_attention_norm_token_mask,before_attention_norm,token_mask,adaptive,0.4,vit,cifar100,wanet,0.2377440421343483,0.0,0.23774404213434835,0.17692237764721422,0.17692237764721422,0.008085912823752369,0.00025268477574226153,0.010865445356917245,0.00012634238787113077,0.010865445356917245,0.00012634238787113077,0.04965255843335439,0.006443461781427669,0.045230574857864816,0.0029058749210360076,0.045230574857864816,0.0029058749210360076,0.10132659507264687,0.02514213518635502,0.09892608970309538,0.007201516108654453,0.09892608970309538,0.007201516108654453,0.24497789008212256,0.10195830701200252,0.2645609602021478,0.03512318382817435,0.2645609602021478,0.03512318382817435
vit_cifar10_adaptive_blend_0_01,before_attention_norm_token_mask,before_attention_norm,token_mask,adaptive,0.6,vit,cifar10,adaptive_blend,0.8649044753086419,0.0,0.8649044753086419,0.6766619598765431,0.6766619598765431,0.01597222222222222,0.5544444444444444,0.01513888888888889,0.4748611111111111,0.01513888888888889,0.4748611111111111,0.06125,0.6358333333333334,0.06069444444444445,0.6316666666666667,0.06069444444444445,0.6316666666666667,0.11069444444444444,0.6405555555555555,0.10986111111111112,0.6398611111111111,0.10986111111111112,0.6398611111111111,0.21597222222222223,0.7625,0.19416666666666665,0.6409722222222223,0.19416666666666665,0.6409722222222223
vit_cifar10_adaptive_blend_0_05,before_attention_norm_token_mask,before_attention_norm,token_mask,adaptive,0.7,vit,cifar10,adaptive_blend,0.9654252314814814,0.0,0.9654252314814814,0.8382564429012345,0.8382564429012345,0.00375,0.8369444444444445,0.001388888888888889,0.8368055555555556,0.001388888888888889,0.8368055555555556,0.007222222222222222,0.8369444444444445,0.004166666666666667,0.8369444444444445,0.004166666666666667,0.8369444444444445,0.016527777777777777,0.8373611111111111,0.010138888888888888,0.8369444444444445,0.010138888888888888,0.8369444444444445,0.17041666666666666,0.9383333333333334,0.15944444444444444,0.8369444444444445,0.15944444444444444,0.8369444444444445
vit_cifar10_sig_0_05,before_attention_norm_token_mask,before_attention_norm,token_mask,adaptive,0.7,vit,cifar10,sig,0.7802551793981483,0.0,0.7802551793981483,0.7306048804012346,0.7306048804012346,0.010138888888888888,0.2311111111111111,0.005,0.2891666666666667,0.005,0.2891666666666667,0.04041666666666666,0.40444444444444444,0.034305555555555554,0.35,0.034305555555555554,0.35,0.07902777777777778,0.46680555555555553,0.07111111111111111,0.3973611111111111,0.07111111111111111,0.3973611111111111,0.1998611111111111,0.6216666666666667,0.19083333333333333,0.5670833333333334,0.19083333333333333,0.5670833333333334
vit_cifar10_wanet_0_05,before_attention_norm_token_mask,before_attention_norm,token_mask,adaptive,0.6,vit,cifar10,wanet,0.7883796682098766,0.0,0.7883796682098766,0.7561855227623456,0.7561855227623456,0.006527777777777778,0.017083333333333332,0.01611111111111111,0.006666666666666667,0.01611111111111111,0.006666666666666667,0.05472222222222222,0.03986111111111111,0.05541666666666667,0.023194444444444445,0.05541666666666667,0.023194444444444445,0.10555555555555556,0.08638888888888889,0.10569444444444444,0.07847222222222222,0.10569444444444444,0.07847222222222222,0.24375,0.75375,0.23791666666666667,0.7175,0.23791666666666667,0.7175
vit_gtsrb_adaptive_blend_0_05,before_attention_norm_token_mask,before_attention_norm,token_mask,adaptive,0.5,vit,gtsrb,adaptive_blend,0.9992733306615208,0.0,0.9992733306615209,0.9864881328310441,0.9864881328310441,0.006901115522783135,0.9863868406125922,0.011438835318585744,0.9863868406125922,0.011438835318585744,0.9863868406125922,0.051900170164492346,0.995273208546039,0.055965210814898844,0.9863868406125922,0.055965210814898844,0.9863868406125922,0.10739270183399509,0.998298355076574,0.10616373605596521,0.9863868406125922,0.10616373605596521,0.9863868406125922,0.2419171866137266,1.0,0.2306674229532993,0.9863868406125922,0.2306674229532993,0.9863868406125922
vit_gtsrb_adaptive_blend_0_1,before_attention_norm_token_mask,before_attention_norm,token_mask,adaptive,0.4,vit,gtsrb,adaptive_blend,0.9997268667036944,0.0,0.9997268667036945,0.9998107049162671,0.9998107049162671,0.004821327283040272,0.9998109283418416,0.007279258839100019,0.9998109283418416,0.007279258839100019,0.9998109283418416,0.04547173378710531,0.9998109283418416,0.04821327283040272,0.9998109283418416,0.04821327283040272,0.9998109283418416,0.09680468897712233,1.0,0.1020986954055587,0.9998109283418416,0.1020986954055587,0.9998109283418416,0.25382870107770844,1.0,0.2414445074683305,0.9998109283418416,0.2414445074683305,0.9998109283418416
vit_gtsrb_badnet_a2a_0_05,before_attention_norm_token_mask,before_attention_norm,token_mask,adaptive,0.4,vit,gtsrb,badnet_a2a,0.4624915462282594,0.0,0.4624915462282594,0.30651655930383936,0.30651655930383936,0.010348071495766699,0.031796801505174034,0.006773283160865475,0.004609595484477893,0.006773283160865475,0.004609595484477893,0.04393226716839135,0.06669802445907808,0.03951081843838194,0.0541862652869238,0.03951081843838194,0.0541862652869238,0.09247412982126059,0.09670743179680151,0.0850423330197554,0.05512699905926623,0.0850423330197554,0.05512699905926623,0.24016933207902164,0.17309501411100658,0.23207902163687677,0.06396989651928504,0.23207902163687677,0.06396989651928504
vit_gtsrb_badnet_a2a_0_1,before_attention_norm_token_mask,before_attention_norm,token_mask,adaptive,0.3,vit,gtsrb,badnet_a2a,0.4250286556533851,0.0,0.42502865565338516,0.38638758231420506,0.38638758231420506,0.006491063029162747,0.008748824082784571,0.01317027281279398,0.04101599247412982,0.01317027281279398,0.04101599247412982,0.04421448730009407,0.0832549388523048,0.043273753527751646,0.0528692380056444,0.043273753527751646,0.0528692380056444,0.08466603951081844,0.0936030103480715,0.08936970837253057,0.05653809971777987,0.08936970837253057,0.05653809971777987,0.23668861712135467,0.1715898400752587,0.2464722483537159,0.15653809971777988,0.2464722483537159,0.15653809971777988
vit_gtsrb_badnet_a2o_0_01,before_attention_norm_token_mask,before_attention_norm,token_mask,adaptive,0.6,vit,gtsrb,badnet_a2o,0.9978683368103716,0.0,0.9978683368103715,0.9988816924405047,0.9988816924405047,0.00737379466817924,0.9697485346946493,0.00926451124976366,0.9844961240310077,0.00926451124976366,0.9844961240310077,0.04083947816222348,0.9913972395537909,0.05104934770277935,0.993571563622613,0.05104934770277935,0.993571563622613,0.0903762525997353,0.995745887691435,0.0980336547551522,0.9962185668368312,0.0980336547551522,0.9962185668368312,0.23690678767252787,0.9990546417092078,0.2379466817923993,0.9992437133673663,0.2379466817923993,0.9992437133673663
vit_gtsrb_badnet_a2o_0_05,before_attention_norm_token_mask,before_attention_norm,token_mask,adaptive,0.3,vit,gtsrb,badnet_a2o,0.9999601766256024,0.0,0.9999601766256024,0.9999631794653238,0.9999631794653238,0.008980903762525997,0.9988655700510494,0.008886367933446776,0.9988655700510494,0.008886367933446776,0.9988655700510494,0.04603894876158064,1.0,0.04622802041973908,1.0,0.04622802041973908,1.0,0.09746643978067687,1.0,0.09595386651540934,1.0,0.09595386651540934,1.0,0.2469275855549253,1.0,0.24825108716203442,1.0,0.24825108716203442,1.0
vit_gtsrb_badnet_a2o_0_1,before_attention_norm_token_mask,before_attention_norm,token_mask,adaptive,0.5,vit,gtsrb,badnet_a2o,0.9999393444250368,0.0,0.9999393444250367,0.9999420344689536,0.9999420344689536,0.006144828890149366,0.9967857818113065,0.0060502930610701455,0.9967857818113065,0.0060502930610701455,0.9967857818113065,0.03885422575155984,1.0,0.04083947816222348,1.0,0.04083947816222348,1.0,0.09226696918131971,1.0,0.09377954244658726,1.0,0.09377954244658726,1.0,0.25694838343732274,1.0,0.2598789941387786,1.0,0.2598789941387786,1.0
vit_gtsrb_blend_0_01,before_attention_norm_token_mask,before_attention_norm,token_mask,adaptive,0.4,vit,gtsrb,blend,0.9999974976335656,0.0,0.9999974976335657,0.9999412390739085,0.9999412390739085,0.01115522783134808,1.0,0.012006050293061071,0.9999054641709207,0.012006050293061071,0.9999054641709207,0.04906409529211571,1.0,0.04490451881262999,0.9999054641709207,0.04490451881262999,0.9999054641709207,0.11051238419360938,1.0,0.10644734354320287,0.9999054641709207,0.10644734354320287,0.9999054641709207,0.25865002836074874,1.0,0.25600302514653056,0.9999054641709207,0.25600302514653056,0.9999054641709207
vit_gtsrb_blend_0_05,before_attention_norm_token_mask,before_attention_norm,token_mask,adaptive,0.4,vit,gtsrb,blend,0.998945431288396,0.0,0.998945431288396,0.9995799599199543,0.9995799599199543,0.012100586122140291,0.9917753828701078,0.012478729438457176,0.9934770277935338,0.012478729438457176,0.9934770277935338,0.05445263754963131,0.9985819625638117,0.05832860654187937,0.9993382491964454,0.05832860654187937,0.9993382491964454,0.11202495745887692,0.9998109283418416,0.10597466439780677,0.9999054641709207,0.10597466439780677,0.9999054641709207,0.2532614861032331,1.0,0.25259973529967855,0.9999054641709207,0.25259973529967855,0.9999054641709207
vit_gtsrb_blend_0_1,before_attention_norm_token_mask,before_attention_norm,token_mask,adaptive,0.3,vit,gtsrb,blend,0.9999526337782076,0.0,0.9999526337782076,0.9999714998337177,0.9999714998337177,0.003875968992248062,0.9980147475893364,0.01106069200226886,0.9999054641709207,0.01106069200226886,0.9999054641709207,0.04688977122329363,0.9999054641709207,0.03979958404235205,0.9999054641709207,0.03979958404235205,0.9999054641709207,0.08697296275288334,0.9999054641709207,0.08697296275288334,0.9999054641709207,0.08697296275288334,0.9999054641709207,0.244658725657024,1.0,0.24664397806768765,0.9999054641709207,0.24664397806768765,0.9999054641709207
vit_gtsrb_bpp_0_01,before_attention_norm_token_mask,before_attention_norm,token_mask,adaptive,0.5,vit,gtsrb,bpp,0.9559836067830004,0.0,0.9559836067830003,0.9232035448808893,0.9232035448808893,0.009926262053318207,0.8355076574021554,0.008508224617129892,0.819909245604084,0.008508224617129892,0.819909245604084,0.051332955190017016,0.8777651730005672,0.04783512951408584,0.8595197579882775,0.04783512951408584,0.8595197579882775,0.09812819058423142,0.8950652297220647,0.09973529967857818,0.8728493098884477,0.09973529967857818,0.8728493098884477,0.24711665721308376,0.9349593495934959,0.2522215919833617,0.891378332387975,0.2522215919833617,0.891378332387975
vit_gtsrb_bpp_0_05,before_attention_norm_token_mask,before_attention_norm,token_mask,adaptive,0.6,vit,gtsrb,bpp,0.9967107242238116,0.0,0.9967107242238116,0.9919114847930656,0.9919114847930656,0.007751937984496124,0.9898846662885233,0.007657402155416903,0.9896955946303649,0.007657402155416903,0.9896955946303649,0.04603894876158064,0.9920589903573455,0.039421440726035165,0.9897901304594441,0.039421440726035165,0.9897901304594441,0.08933635847986386,0.9932879561353753,0.08385328039326904,0.9897901304594441,0.08385328039326904,0.9897901304594441,0.24484779731518244,0.995273208546039,0.24806201550387597,0.990168273775761,0.24806201550387597,0.990168273775761
vit_gtsrb_bpp_0_1,before_attention_norm_token_mask,before_attention_norm,token_mask,adaptive,0.4,vit,gtsrb,bpp,0.9991639102206692,0.0,0.9991639102206691,0.9978866621759913,0.9978866621759913,0.007562866326337682,0.9974475326148611,0.007846473813575346,0.9974475326148611,0.007846473813575346,0.9974475326148611,0.04868595197579883,0.9976366042730195,0.04575534127434298,0.9975420684439402,0.04575534127434298,0.9975420684439402,0.09141614671960673,0.9979202117602571,0.08848553601815087,0.9977311401020987,0.08848553601815087,0.9977311401020987,0.25515220268481753,0.9989601058801286,0.2496691245982227,0.9978256759311779,0.2496691245982227,0.9978256759311779
vit_gtsrb_lf_0_01,before_attention_norm_token_mask,before_attention_norm,token_mask,adaptive,0.5,vit,gtsrb,lf,0.9797886857003092,0.0,0.9797886857003093,0.9752784338446346,0.9752784338446346,0.010304405369635092,0.8548875023633957,0.010020797882397429,0.8500661750803554,0.010020797882397429,0.8500661750803554,0.054074494233314424,0.8971450179618076,0.05587067498581962,0.8942144072603516,0.05587067498581962,0.8942144072603516,0.10134240877292494,0.9256948383437322,0.10190962374740027,0.9246549442238609,0.10190962374740027,0.9246549442238609,0.26366042730194744,0.9851578748345623,0.26233692569483835,0.9784458309699376,0.26233692569483835,0.9784458309699376
vit_gtsrb_lf_0_05,before_attention_norm_token_mask,before_attention_norm,token_mask,adaptive,0.5,vit,gtsrb,lf,0.9976181627261008,0.0,0.9976181627261009,0.9983513694968895,0.9983513694968895,0.014180374361883154,0.9572698052561921,0.012384193609377954,0.9772168651919078,0.012384193609377954,0.9772168651919078,0.05076574021554169,0.9861032331253545,0.0445263754963131,0.9928152769899792,0.0445263754963131,0.9928152769899792,0.09822272641331065,0.9970693892985442,0.10049158631121195,0.9985819625638117,0.10049158631121195,0.9985819625638117,0.2469275855549253,0.9998109283418416,0.24390243902439024,0.999149177538287,0.24390243902439024,0.999149177538287
vit_gtsrb_lf_0_1,before_attention_norm_token_mask,before_attention_norm,token_mask,adaptive,0.5,vit,gtsrb,lf,0.998533461340101,0.0,0.998533461340101,0.9983049416625102,0.9983049416625102,0.011722442805823408,0.9759878994138779,0.011627906976744186,0.9759878994138779,0.011627906976744186,0.9759878994138779,0.04915863112119493,0.9942333144261675,0.05000945358290792,0.9946114577424844,0.05000945358290792,0.9946114577424844,0.09699376063528077,0.9975420684439402,0.09652108148988467,0.9977311401020987,0.09652108148988467,0.9977311401020987,0.2540177727358669,0.9996218566836831,0.2531669502741539,0.9992437133673663,0.2531669502741539,0.9992437133673663
vit_gtsrb_wanet_0_05,before_attention_norm_token_mask,before_attention_norm,token_mask,adaptive,0.5,vit,gtsrb,wanet,0.9220098490640488,0.0,0.9220098490640487,0.8671162185839959,0.8671162185839959,0.006144828890149366,0.46681792399319344,0.005955757231990925,0.47419171866137266,0.005955757231990925,0.47419171866137266,0.03393836263944035,0.7488183021365097,0.03223671771601437,0.7422007941009643,0.03223671771601437,0.7422007941009643,0.0854603894876158,0.8250141803743619,0.0903762525997353,0.7834184155795046,0.0903762525997353,0.7834184155795046,0.24796747967479674,0.8872187559084893,0.23993193420306297,0.810077519379845,0.23993193420306297,0.810077519379845
vit_gtsrb_wanet_0_1,before_attention_norm_token_mask,before_attention_norm,token_mask,adaptive,0.5,vit,gtsrb,wanet,0.9445439313842544,0.0,0.9445439313842544,0.9248462501377641,0.9248462501377641,0.010871620344110417,0.22508980903762527,0.009075439591605219,0.2842692380412176,0.009075439591605219,0.2842692380412176,0.04972584609567026,0.7230100207978823,0.04963131026659104,0.7524106636415201,0.04963131026659104,0.7524106636415201,0.09283418415579504,0.8736055965210815,0.09406314993382492,0.8766307430516166,0.09406314993382492,0.8766307430516166,0.24068822083569674,0.9602949517867272,0.23851389676687465,0.9285309132161089,0.23851389676687465,0.9285309132161089
vit_tiny_adaptive_blend_0_01_evade_l1,before_attention_norm_token_mask,before_attention_norm,token_mask,adaptive,0.4,vit,tiny,adaptive_blend,0.4151765137705284,0.0,0.4151765137705284,0.43422175854420136,0.43422175854420136,0.01193617288604096,0.0,0.012564392511622063,0.0,0.012564392511622063,0.0,0.051890941072999124,0.00012564392511622062,0.054026887799974874,0.00012564392511622062,0.054026887799974874,0.00012564392511622062,0.09423294383716548,0.0032667420530217363,0.11973866063575826,0.0018846588767433095,0.11973866063575826,0.0018846588767433095,0.2442517904259329,0.0974996858901872,0.2755371277798718,0.01570549063952758,0.2755371277798718,0.01570549063952758
vit_tiny_adaptive_blend_0_05,before_attention_norm_token_mask,before_attention_norm,token_mask,adaptive,0.5,vit,tiny,adaptive_blend,0.9735368382889436,0.027402611898649402,0.9735368382889436,0.9245713216028097,0.9245713216028097,0.010302801859530092,0.9237341374544541,0.011559241110692299,0.9236084935293378,0.011559241110692299,0.9236084935293378,0.04736775976881518,0.9241110692298027,0.05503203920090464,0.9241110692298027,0.05503203920090464,0.9241110692298027,0.10993843447669305,0.9251162206307325,0.11534112325669053,0.924236713154919,0.11534112325669053,0.924236713154919,0.2605855006910416,0.9522553084558362,0.25493152406081165,0.9244880010051514,0.25493152406081165,0.9244880010051514
vit_tiny_adaptive_blend_0_05_evade_l1,before_attention_norm_token_mask,before_attention_norm,token_mask,adaptive,0.5,vit,tiny,adaptive_blend,0.3843326350852555,0.0,0.3843326350852555,0.36531437715540543,0.36531437715540543,0.015454202789295138,0.0,0.013443899987435608,0.0,0.013443899987435608,0.0,0.054152531725091095,0.0007538635506973238,0.05025757004648825,0.0,0.05025757004648825,0.0,0.10038949616786029,0.003769317753486619,0.1078024877497173,0.0007538635506973238,0.1078024877497173,0.0007538635506973238,0.24462872220128157,0.08845332328181932,0.2529212212589521,0.015454202789295138,0.2529212212589521,0.015454202789295138
vit_tiny_adaptive_blend_0_1,before_attention_norm_token_mask,before_attention_norm,token_mask,adaptive,0.5,vit,tiny,adaptive_blend,0.9875201120657302,0.011329389440785802,0.9875201120657302,0.9659393747775797,0.9659393747775795,0.012313104661389622,0.9575323533107174,0.011433597185576077,0.9556476944339741,0.011433597185576077,0.9556476944339741,0.059052644804623695,0.9649453448925744,0.056791054152531724,0.9654479205930393,0.056791054152531724,0.9654479205930393,0.10692298027390376,0.9653222766679231,0.10993843447669305,0.9655735645181556,0.10993843447669305,0.9655735645181556,0.25744440256313605,0.9807764794572182,0.24400050257570047,0.9660761402186204,0.24400050257570047,0.9660761402186204
vit_tiny_adaptive_blend_0_1_evade_l1,before_attention_norm_token_mask,before_attention_norm,token_mask,adaptive,0.5,vit,tiny,adaptive_blend,0.3120154632168214,0.0,0.3120154632168214,0.138981187999226,0.138981187999226,0.009172006533484106,0.0003769317753486619,0.011056665410227415,0.00025128785023244125,0.011056665410227415,0.00025128785023244125,0.052770448548812667,0.0003769317753486619,0.05226787284834778,0.0003769317753486619,0.05226787284834778,0.0003769317753486619,0.10152029149390628,0.002387234577208192,0.09724839803995476,0.0003769317753486619,0.09724839803995476,0.0003769317753486619,0.25543409976127657,0.05641412237718307,0.25505716798592787,0.0006282196255811032,0.25505716798592787,0.0006282196255811032
vit_tiny_badnet_a2a_0_01_evade_l1,before_attention_norm_token_mask,before_attention_norm,token_mask,adaptive,0.6,vit,tiny,badnet_a2a,0.499094765625,0.0,0.499094765625,0.4970801015625,0.4970801015625,0.0135,0.013125,0.012625,0.012,0.012625,0.012,0.05025,0.051625,0.0535,0.052,0.0535,0.052,0.099375,0.100375,0.105875,0.104125,0.105875,0.104125,0.248875,0.248,0.258375,0.255625,0.258375,0.255625
vit_tiny_badnet_a2a_0_05,before_attention_norm_token_mask,before_attention_norm,token_mask,adaptive,0.5,vit,tiny,badnet_a2a,0.6194473671874999,0.0,0.6194473671874999,0.42151364062499996,0.42151364062499996,0.011625,0.0125,0.012125,0.000625,0.012125,0.000625,0.052625,0.098,0.050875,0.02025,0.050875,0.02025,0.103875,0.172125,0.101,0.07325,0.101,0.07325,0.25125,0.34875,0.244375,0.191375,0.244375,0.191375
vit_tiny_badnet_a2a_0_05_evade_l1,before_attention_norm_token_mask,before_attention_norm,token_mask,adaptive,0.6,vit,tiny,badnet_a2a,0.7257680390625001,0.0,0.7257680390625001,0.38247881250000004,0.38247881250000004,0.013125,0.04575,0.012875,0.00025,0.012875,0.00025,0.061125,0.21375,0.053875,0.006125,0.053875,0.006125,0.11425,0.313875,0.092375,0.012375,0.092375,0.012375,0.26525,0.536625,0.245,0.096875,0.245,0.096875
vit_tiny_badnet_a2a_0_1,before_attention_norm_token_mask,before_attention_norm,token_mask,adaptive,0.5,vit,tiny,badnet_a2a,0.52704025,0.0,0.52704025,0.37365175,0.37365175,0.015,0.000875,0.014,0.000125,0.014,0.000125,0.05425,0.046875,0.057375,0.00375,0.057375,0.00375,0.103625,0.108125,0.103,0.024375,0.103,0.024375,0.263875,0.2725,0.253875,0.126125,0.253875,0.126125
vit_tiny_badnet_a2a_0_1_evade_l1,before_attention_norm_token_mask,before_attention_norm,token_mask,adaptive,0.5,vit,tiny,badnet_a2a,0.5818389687500001,0.0,0.5818389687500001,0.345854796875,0.345854796875,0.01475,0.013875,0.010625,0.0,0.010625,0.0,0.047125,0.081,0.051375,0.00225,0.051375,0.00225,0.102875,0.1615,0.0925,0.00925,0.0925,0.00925,0.242625,0.32875,0.261375,0.072625,0.261375,0.072625
vit_tiny_badnet_a2o_0_01,before_attention_norm_token_mask,before_attention_norm,token_mask,adaptive,0.5,vit,tiny,badnet_a2o,0.930608718217111,0.0,0.930608718217111,0.980869840202681,0.980869840202681,0.014449051388365372,0.31285337353938936,0.01608242241487624,0.5738158060057796,0.01608242241487624,0.5738158060057796,0.06219374293252921,0.6489508732252796,0.04988063827113959,0.9739917075009423,0.04988063827113959,0.9739917075009423,0.11710013820831763,0.8081417263475311,0.0974996858901872,0.9918331448674457,0.0974996858901872,0.9918331448674457,0.2521673577082548,0.9682120869455961,0.2485236838798844,0.9982409850483729,0.2485236838798844,0.9982409850483729
vit_tiny_badnet_a2o_0_01_evade_l1,before_attention_norm_token_mask,before_attention_norm,token_mask,adaptive,0.6,vit,tiny,badnet_a2o,0.2557633960869408,0.0,0.2557633960869408,0.5456210345264108,0.5456210345264108,0.013066968212086945,0.0,0.01394647568790049,0.0,0.01394647568790049,0.0,0.06583741676089962,0.0,0.056162834526950624,0.0,0.056162834526950624,0.0,0.11973866063575826,0.0,0.10013820831762785,0.009925870084181429,0.10013820831762785,0.009925870084181429,0.26159065209197135,0.00012564392511622062,0.2551828119110441,0.4082171127026008,0.2551828119110441,0.4082171127026008
vit_tiny_badnet_a2o_0_05,before_attention_norm_token_mask,before_attention_norm,token_mask,adaptive,0.5,vit,tiny,badnet_a2o,0.9633075221024144,0.0,0.9633075221024144,0.9845798011075135,0.9845798011075135,0.009925870084181429,0.36700590526448046,0.009172006533484106,0.36700590526448046,0.009172006533484106,0.36700590526448046,0.06345018218369142,0.8421912300540269,0.06407840180927252,0.9937178037441889,0.06407840180927252,0.9937178037441889,0.11923608493529338,0.928257318758638,0.10277673074506848,0.9994974242995351,0.10277673074506848,0.9994974242995351,0.2858399296394019,0.9948485990702349,0.2540520165849981,1.0,0.2540520165849981,1.0
vit_tiny_badnet_a2o_0_05_evade_l1,before_attention_norm_token_mask,before_attention_norm,token_mask,adaptive,0.6,vit,tiny,badnet_a2o,0.0377683365658347,0.0,0.037768336565834705,0.11710171684790949,0.11710171684790949,0.011559241110692299,0.0,0.013569543912551827,0.0,0.013569543912551827,0.0,0.05452946350043975,0.00012564392511622062,0.047493403693931395,0.00012564392511622062,0.047493403693931395,0.00012564392511622062,0.09285086066088705,0.00025128785023244125,0.0932277924362357,0.0011307953260459858,0.0932277924362357,0.0011307953260459858,0.23671315491895967,0.0008795074758135445,0.2678728483477824,0.017338861666038447,0.2678728483477824,0.017338861666038447
vit_tiny_badnet_a2o_0_1,before_attention_norm_token_mask,before_attention_norm,token_mask,adaptive,0.5,vit,tiny,badnet_a2o,0.9860798639136896,0.0,0.9860798639136896,0.993939902548368,0.993939902548368,0.014574695313481593,0.7601457469531349,0.013318256062319386,0.8908154290740042,0.013318256062319386,0.8908154290740042,0.059052644804623695,0.9604221635883905,0.05880135695439125,0.9998743560748837,0.05880135695439125,0.9998743560748837,0.10441010177157935,0.985802236461867,0.09599195878879256,0.9998743560748837,0.09599195878879256,0.9998743560748837,0.2551828119110441,0.9996230682246513,0.24475436612639778,0.9998743560748837,0.24475436612639778,0.9998743560748837
vit_tiny_badnet_a2o_0_1_evade_l1,before_attention_norm_token_mask,before_attention_norm,token_mask,adaptive,0.6,vit,tiny,badnet_a2o,0.0030186193751709,0.00011161960040183056,0.0030186193751709925,0.01833572520911094,0.018335725209110944,0.013318256062319386,0.0,0.01206181681115718,0.0,0.01206181681115718,0.0,0.05980650835532102,0.0,0.05528332705113708,0.0,0.05528332705113708,0.0,0.10390752607111446,0.0,0.11823093353436362,0.00025128785023244125,0.11823093353436362,0.00025128785023244125,0.2688779997487121,0.0,0.25618796331197385,0.0012564392511622063,0.25618796331197385,0.0012564392511622063
vit_tiny_blend_0_01,before_attention_norm_token_mask,before_attention_norm,token_mask,adaptive,0.5,vit,tiny,blend,0.9829410863859844,0.0,0.9829410863859843,0.9933943404918165,0.9933943404918165,0.01394647568790049,0.9272521673577082,0.01394647568790049,0.942455082296771,0.01394647568790049,0.942455082296771,0.05515768312602086,0.9477321271516522,0.05566025882648574,0.9734891318004775,0.05566025882648574,0.9734891318004775,0.10265108681995226,0.957281065460485,0.10290237467018469,0.985802236461867,0.10290237467018469,0.985802236461867,0.2651086819952255,0.9742429953511748,0.2599572810654605,0.9940947355195376,0.2599572810654605,0.9940947355195376
vit_tiny_blend_0_01_evade_l1,before_attention_norm_token_mask,before_attention_norm,token_mask,adaptive,0.6,vit,tiny,blend,0.4785506370986839,0.0,0.47855063709868395,0.7633456336194412,0.7633456336194412,0.013318256062319386,0.0,0.012564392511622063,0.0,0.012564392511622063,0.0,0.058927000879507474,0.001005151400929765,0.05653976630229928,0.0006282196255811032,0.05653976630229928,0.0006282196255811032,0.11031536625204172,0.002638522427440633,0.10692298027390376,0.15755748209574066,0.10692298027390376,0.15755748209574066,0.259705993215228,0.01382083176278427,0.25757004648825227,0.7771076768438246,0.25757004648825227,0.7771076768438246
vit_tiny_blend_0_05,before_attention_norm_token_mask,before_attention_norm,token_mask,adaptive,0.5,vit,tiny,blend,0.9952276225430428,0.0,0.9952276225430429,0.9982175501436318,0.9982175501436318,0.008292499057670561,0.9716044729237341,0.008166855132554341,0.972107048624199,0.008166855132554341,0.972107048624199,0.057544917703229045,0.9889433345897726,0.05855006910415882,0.9929639401934917,0.05855006910415882,0.9929639401934917,0.11735142605855006,0.9901997738409348,0.10755119989948486,0.9973614775725593,0.10755119989948486,0.9973614775725593,0.27616534740545295,0.9943460233697701,0.25241864555848725,0.9996230682246513,0.25241864555848725,0.9996230682246513
vit_tiny_blend_0_05_evade_l1,before_attention_norm_token_mask,before_attention_norm,token_mask,adaptive,0.6,vit,tiny,blend,0.3012782434212049,0.0,0.30127824342120496,0.6828734543085897,0.6828734543085897,0.013318256062319386,0.0,0.011684885035808518,0.0,0.011684885035808518,0.0,0.047619047619047616,0.0,0.05490639527578842,0.0,0.05490639527578842,0.0,0.10365623822088202,0.0,0.11194873727855258,0.0007538635506973238,0.11194873727855258,0.0007538635506973238,0.2516647820077899,0.00025128785023244125,0.26774720442266614,0.2832014072119613,0.26774720442266614,0.2832014072119613
vit_tiny_blend_0_1,before_attention_norm_token_mask,before_attention_norm,token_mask,adaptive,0.5,vit,tiny,blend,0.9955142482405392,0.0,0.9955142482405391,0.9986561830474283,0.9986561830474283,0.013192612137203167,0.9704736775976881,0.011056665410227415,0.9752481467521046,0.011056665410227415,0.9752481467521046,0.053273024249277545,0.9827867822590778,0.05553461490136952,0.9964819700967458,0.05553461490136952,0.9964819700967458,0.09498680738786279,0.9873099635632617,0.10566654102274155,0.9991204925241864,0.10566654102274155,0.9991204925241864,0.24990576705616283,0.9949742429953512,0.255685387611509,0.9996230682246513,0.255685387611509,0.9996230682246513
vit_tiny_blend_0_1_evade_l1,before_attention_norm_token_mask,before_attention_norm,token_mask,adaptive,0.6,vit,tiny,blend,0.4244159361077829,0.0,0.4244159361077829,0.769841435598427,0.769841435598427,0.01206181681115718,0.00012564392511622062,0.012690036436738284,0.0,0.012690036436738284,0.0,0.047619047619047616,0.0018846588767433095,0.05025757004648825,0.006407840180927252,0.05025757004648825,0.006407840180927252,0.10428445784646312,0.005528332705113707,0.11169744942832015,0.04246764668928257,0.11169744942832015,0.04246764668928257,0.2502826988315115,0.023244126146500815,0.27365246890312855,0.7974619927126524,0.27365246890312855,0.7974619927126524
vit_tiny_bpp_0_01,before_attention_norm_token_mask,before_attention_norm,token_mask,adaptive,0.5,vit,tiny,bpp,0.9791832058763406,0.0,0.9791832058763406,0.9805508129275617,0.9805508129275617,0.010302801859530092,0.897474557105164,0.014951627088830254,0.920844327176781,0.014951627088830254,0.920844327176781,0.052770448548812667,0.9326548561377057,0.06131423545671567,0.96243246639025,0.06131423545671567,0.96243246639025,0.10893328307576329,0.9482347028521171,0.10152029149390628,0.9727352682497801,0.10152029149390628,0.9727352682497801,0.2624701595677849,0.9746199271265235,0.2527955773338359,0.9778866691795451,0.2527955773338359,0.9778866691795451
vit_tiny_bpp_0_01_evade_l1,before_attention_norm_token_mask,before_attention_norm,token_mask,adaptive,0.5,vit,tiny,bpp,0.0647701458920301,0.0,0.06477014589203012,0.1619757943718373,0.1619757943718373,0.015202914939062697,0.00025128785023244125,0.015077271013946476,0.00012564392511622062,0.015077271013946476,0.00012564392511622062,0.05741927377811283,0.0015077271013946476,0.054780751350672195,0.00012564392511622062,0.054780751350672195,0.00012564392511622062,0.10566654102274155,0.0032667420530217363,0.10428445784646312,0.0003769317753486619,0.10428445784646312,0.0003769317753486619,0.2546802362105792,0.0121874607362734,0.26837542404824727,0.007161703731624576,0.26837542404824727,0.007161703731624576
vit_tiny_bpp_0_05,before_attention_norm_token_mask,before_attention_norm,token_mask,adaptive,0.5,vit,tiny,bpp,0.9895812549556458,5.580980020091528e-05,0.9895812549556458,0.9906240253380495,0.9906240253380495,0.008795074758135445,0.9155672823218998,0.010428445784646313,0.9308958411860786,0.010428445784646313,0.9308958411860786,0.051262721447418017,0.9731122000251288,0.052519160698580224,0.9791431084307074,0.052519160698580224,0.9791431084307074,0.104787033546928,0.9807764794572182,0.11546676718180676,0.986933031787913,0.11546676718180676,0.986933031787913,0.2530468651840683,0.9895715542153537,0.25782133433848475,0.9909536373916321,0.25782133433848475,0.9909536373916321
vit_tiny_bpp_0_05_evade_l1,before_attention_norm_token_mask,before_attention_norm,token_mask,adaptive,0.5,vit,tiny,bpp,0.5722187515830796,0.0,0.5722187515830796,0.868636647856071,0.868636647856071,0.011433597185576077,0.0,0.012690036436738284,0.0,0.012690036436738284,0.0,0.05641412237718307,0.00012564392511622062,0.051137077522301795,0.0003769317753486619,0.051137077522301795,0.0003769317753486619,0.10491267747204423,0.001005151400929765,0.10755119989948486,0.44967960799095363,0.10755119989948486,0.44967960799095363,0.2520417137831386,0.011684885035808518,0.2558110315366252,0.9621811785400176,0.2558110315366252,0.9621811785400176
vit_tiny_bpp_0_1,before_attention_norm_token_mask,before_attention_norm,token_mask,adaptive,0.5,vit,tiny,bpp,0.9925310298582156,5.580980020091528e-05,0.9925310298582155,0.9956072616852913,0.9956072616852913,0.012690036436738284,0.9685890187209448,0.01206181681115718,0.9685890187209448,0.01206181681115718,0.9685890187209448,0.0444779494911421,0.9824098504837291,0.0487498429450936,0.9865561000125644,0.0487498429450936,0.9865561000125644,0.10001256439251162,0.9866817439376806,0.09863048121623319,0.9913305691669808,0.09863048121623319,0.9913305691669808,0.24714160070360597,0.9927126523432592,0.25128785023244127,0.9957281065460485,0.25128785023244127,0.9957281065460485
vit_tiny_bpp_0_1_evade_l1,before_attention_norm_token_mask,before_attention_norm,token_mask,adaptive,0.6,vit,tiny,bpp,0.3440590764191168,0.0,0.34405907641911687,0.7356410455197411,0.7356410455197411,0.014825983163714035,0.0,0.014951627088830254,0.0,0.014951627088830254,0.0,0.06319889433345897,0.0003769317753486619,0.06068601583113457,0.00025128785023244125,0.06068601583113457,0.00025128785023244125,0.11157180550320392,0.0011307953260459858,0.11823093353436362,0.036939313984168866,0.11823093353436362,0.036939313984168866,0.2766679231059178,0.0027641663525568537,0.25757004648825227,0.6432968965950496,0.25757004648825227,0.6432968965950496
vit_tiny_lc_0_01_evade_l1,before_attention_norm_token_mask,before_attention_norm,token_mask,adaptive,0.6,vit,tiny,lc,0.4034559514799438,0.0,0.40345595147994384,0.26740118241052613,0.26740118241052613,0.011684885035808518,0.002638522427440633,0.012564392511622063,0.0021359467269757505,0.012564392511622063,0.0021359467269757505,0.052519160698580224,0.008795074758135445,0.056916698077647945,0.014197763538132931,0.056916698077647945,0.014197763538132931,0.10126900364367383,0.024249277547430583,0.11609498680738786,0.03191355697952004,0.11609498680738786,0.03191355697952004,0.260836788541274,0.14700339238597815,0.2685010679733635,0.08116597562507853,0.2685010679733635,0.08116597562507853
vit_tiny_lc_0_05,before_attention_norm_token_mask,before_attention_norm,token_mask,adaptive,0.5,vit,tiny,lc,0.8626493572624153,0.0,0.8626493572624153,0.7762135353789945,0.7762135353789945,0.01570549063952758,0.4266867696946853,0.012313104661389622,0.4676466892825732,0.012313104661389622,0.4676466892825732,0.055408970976253295,0.5963060686015831,0.059052644804623695,0.7131549189596683,0.059052644804623695,0.7131549189596683,0.10290237467018469,0.6627717049880638,0.10139464756879005,0.7296142731498932,0.10139464756879005,0.7296142731498932,0.25480588013569544,0.8051262721447418,0.255685387611509,0.7531096871466264,0.255685387611509,0.7531096871466264
vit_tiny_lc_0_05_evade_l1,before_attention_norm_token_mask,before_attention_norm,token_mask,adaptive,0.6,vit,tiny,lc,0.5426884510089962,0.0,0.5426884510089962,0.23075716085521286,0.23075716085521286,0.009548938308832768,0.005025757004648825,0.010177157934413872,0.0025128785023244126,0.010177157934413872,0.0025128785023244126,0.04598567659253675,0.03807010931021485,0.05704234200276417,0.01834401306696821,0.05704234200276417,0.01834401306696821,0.09360472421158438,0.08543786907903003,0.10604347279809022,0.0365623822088202,0.10604347279809022,0.0365623822088202,0.2583239100389496,0.2700087950747581,0.2553084558361603,0.1054152531725091,0.2553084558361603,0.1054152531725091
vit_tiny_lc_0_1,before_attention_norm_token_mask,before_attention_norm,token_mask,adaptive,0.5,vit,tiny,lc,0.7195656243714548,0.0,0.7195656243714548,0.7653249161533208,0.7653249161533208,0.0121874607362734,0.021359467269757508,0.012564392511622063,0.006659128031159693,0.012564392511622063,0.006659128031159693,0.05490639527578842,0.1169744942832014,0.05993215228043724,0.317753486618922,0.05993215228043724,0.317753486618922,0.10704862419901998,0.22678728483477825,0.11169744942832015,0.5545922854629979,0.11169744942832015,0.5545922854629979,0.2520417137831386,0.5269506219374294,0.24927754743058173,0.7248398039954769,0.24927754743058173,0.7248398039954769
vit_tiny_lc_0_1_evade_l1,before_attention_norm_token_mask,before_attention_norm,token_mask,adaptive,0.6,vit,tiny,lc,0.4118567294272201,0.0,0.4118567294272201,0.2738385273654253,0.2738385273654253,0.009925870084181429,0.0006282196255811032,0.010554089709762533,0.0007538635506973238,0.010554089709762533,0.0007538635506973238,0.052519160698580224,0.007161703731624576,0.054026887799974874,0.010554089709762533,0.054026887799974874,0.010554089709762533,0.10805377559994975,0.02173639904510617,0.10868199522553085,0.02173639904510617,0.10868199522553085,0.02173639904510617,0.24952883528081418,0.12049252418645559,0.25065963060686014,0.06633999246136449,0.25078527453197635,0.06633999246136449
vit_tiny_lf_0_01,before_attention_norm_token_mask,before_attention_norm,token_mask,adaptive,0.5,vit,tiny,lf,0.957757617287278,0.0010603862038173902,0.9577576172872779,0.9408958836514837,0.9408958205059,0.013192612137203167,0.8251036562382209,0.013695187837668049,0.8426938057544918,0.013695187837668049,0.8426938057544918,0.04862419901997738,0.8958411860786532,0.048372911169744945,0.9198391757758513,0.048372911169744945,0.9198391757758513,0.10729991204925242,0.9131800477446915,0.10026385224274406,0.9290111823093353,0.10026385224274406,0.9290111823093353,0.25857519788918204,0.943083301922352,0.263098379193366,0.9378062570674708,0.263098379193366,0.9378062570674708
vit_tiny_lf_0_01_evade_l1,before_attention_norm_token_mask,before_attention_norm,token_mask,adaptive,0.5,vit,tiny,lf,0.1072570677707293,0.0,0.1072570677707293,0.06007876053933338,0.06007876053933338,0.012564392511622063,0.0005025757004648825,0.009548938308832768,0.0005025757004648825,0.009548938308832768,0.0005025757004648825,0.05591154667671818,0.0027641663525568537,0.04724211584369896,0.002638522427440633,0.04724211584369896,0.002638522427440633,0.10755119989948486,0.008543786907903002,0.0919713531850735,0.006407840180927252,0.0919713531850735,0.006407840180927252,0.24337228295011937,0.03995476818695816,0.2713908782510366,0.020731247644176404,0.2713908782510366,0.020731247644176404
vit_tiny_lf_0_05,before_attention_norm_token_mask,before_attention_norm,token_mask,adaptive,0.5,vit,tiny,lf,0.989260759545706,0.00044647840160732226,0.9892607595457059,0.9883556702153065,0.9883555912833268,0.009046362608367886,0.9212212589521297,0.009925870084181429,0.9445910290237467,0.009925870084181429,0.9445910290237467,0.049126774720442266,0.9738660635758261,0.049126774720442266,0.9855509486116346,0.049126774720442266,0.9855509486116346,0.10742555597436863,0.9820329187083805,0.10227415504460359,0.9870586757130293,0.10227415504460359,0.9870586757130293,0.2698831511496419,0.9898228420655861,0.2406081165975625,0.9888176906646564,0.2406081165975625,0.9888176906646564
vit_tiny_lf_0_05_evade_l1,before_attention_norm_token_mask,before_attention_norm,token_mask,adaptive,0.6,vit,tiny,lf,0.3167863725389581,0.0,0.3167863725389581,0.6990885850607558,0.6990885850607558,0.009423294383716547,0.00012564392511622062,0.010554089709762533,0.0003769317753486619,0.010554089709762533,0.0003769317753486619,0.049001130795326045,0.0006282196255811032,0.061062947606483224,0.0011307953260459858,0.061062947606483224,0.0011307953260459858,0.10076642794320895,0.001759014951627089,0.1084307073752984,0.02588264857394145,0.1084307073752984,0.02588264857394145,0.24199019977384092,0.010302801859530092,0.2516647820077899,0.5097374041965071,0.2516647820077899,0.5097374041965071
vit_tiny_lf_0_1,before_attention_norm_token_mask,before_attention_norm,token_mask,adaptive,0.5,vit,tiny,lf,0.9718972237428468,0.0012278156044201363,0.9718972237428468,0.9743279656272066,0.9743278709088311,0.008920718683251665,0.7321271516522176,0.012564392511622063,0.7835155170247519,0.012564392511622063,0.7835155170247519,0.05503203920090464,0.9057670561628345,0.051890941072999124,0.9560246262093228,0.051890941072999124,0.9560246262093228,0.10365623822088202,0.9362985299660761,0.11307953260459856,0.9728609121748963,0.11307953260459856,0.9728609121748963,0.25907777358964695,0.9727352682497801,0.2466390250031411,0.9781379570297776,0.2466390250031411,0.9781379570297776
vit_tiny_lf_0_1_evade_l1,before_attention_norm_token_mask,before_attention_norm,token_mask,adaptive,0.6,vit,tiny,lf,0.1429772457572916,0.0,0.14297724575729165,0.3231282176917476,0.3231282176917476,0.009674582233948988,0.00025128785023244125,0.010554089709762533,0.0,0.010554089709762533,0.0,0.04422666164090966,0.0006282196255811032,0.04661389621811785,0.0015077271013946476,0.04661389621811785,0.0015077271013946476,0.09234828496042216,0.0016333710265108682,0.1071742681241362,0.0365623822088202,0.1071742681241362,0.0365623822088202,0.24601080537755998,0.005025757004648825,0.2472672446287222,0.18155547179293882,0.2472672446287222,0.18155547179293882
vit_tiny_sig_0_01_evade_l1,before_attention_norm_token_mask,before_attention_norm,token_mask,adaptive,0.6,vit,tiny,sig,0.5433013420441404,0.0,0.5433013420441404,0.33118990385469216,0.33118990385469216,0.011433597185576077,0.008418142982786782,0.011433597185576077,0.0041462495288352805,0.011433597185576077,0.0041462495288352805,0.046236964442769195,0.054655107425555974,0.04787033546928006,0.01796708129161955,0.04787033546928006,0.01796708129161955,0.09837919336600075,0.12401055408970976,0.10679733634878753,0.04297022238974746,0.10679733634878753,0.04297022238974746,0.24462872220128157,0.30619424550822966,0.2622188717175525,0.14097248398039955,0.2622188717175525,0.14097248398039955
vit_tiny_sig_0_05_evade_l1,before_attention_norm_token_mask,before_attention_norm,token_mask,adaptive,0.6,vit,tiny,sig,0.5263467844003444,0.0,0.5263467844003444,0.3075317242228401,0.3075317242228401,0.0062821962558110315,0.0021359467269757505,0.0079155672823219,0.0015077271013946476,0.0079155672823219,0.0015077271013946476,0.04372408594044478,0.0444779494911421,0.05503203920090464,0.018092725216735772,0.05503203920090464,0.018092725216735772,0.09498680738786279,0.10126900364367383,0.10428445784646312,0.04309586631486367,0.10428445784646312,0.04309586631486367,0.2516647820077899,0.288729739917075,0.26284709134313355,0.13066968212086946,0.26284709134313355,0.13066968212086946
vit_tiny_sig_0_1_evade_l1,before_attention_norm_token_mask,before_attention_norm,token_mask,adaptive,0.5,vit,tiny,sig,0.6013402634348504,0.0,0.6013402634348504,0.3239130699376332,0.3239130699376332,0.013192612137203167,0.013443899987435608,0.016584998115341122,0.003015454202789295,0.016584998115341122,0.003015454202789295,0.05339866817439377,0.09297650458600326,0.0560371906018344,0.016584998115341122,0.0560371906018344,0.016584998115341122,0.10817941952506596,0.1772835783389873,0.10503832139716045,0.03505465510742556,0.10503832139716045,0.03505465510742556,0.24689031285337354,0.37341374544540773,0.2632240231184822,0.11898479708506093,0.2632240231184822,0.11898479708506093
vit_tiny_tact_0_01_evade_l1,before_attention_norm_token_mask,before_attention_norm,token_mask,adaptive,0.5,vit,tiny,tact,0.501573027528112,0.0,0.501573027528112,0.4873062853330127,0.4873062853330127,0.011056665410227415,0.009297650458600327,0.01193617288604096,0.009046362608367886,0.01193617288604096,0.009046362608367886,0.05817313732881015,0.054780751350672195,0.06018344013066968,0.051011433597185574,0.06018344013066968,0.051011433597185574,0.10528960924739289,0.1041588139213469,0.10893328307576329,0.09662017841437366,0.10893328307576329,0.09662017841437366,0.24714160070360597,0.2532981530343008,0.2584495539640658,0.24161326799849228,0.2584495539640658,0.24161326799849228
vit_tiny_tact_0_05_evade_l1,before_attention_norm_token_mask,before_attention_norm,token_mask,adaptive,0.6,vit,tiny,tact,0.505124248328785,0.0,0.505124248328785,0.49557391292391345,0.49557391292391345,0.015202914939062697,0.014197763538132931,0.016584998115341122,0.014449051388365372,0.016584998115341122,0.014449051388365372,0.05767056162834527,0.05980650835532102,0.05302173639904511,0.050508857896720695,0.05302173639904511,0.050508857896720695,0.11559241110692298,0.11684885035808519,0.10667169242367132,0.10290237467018469,0.10667169242367132,0.10290237467018469,0.26422917451941197,0.2663651212463877,0.2543033044352306,0.2477698203291871,0.2543033044352306,0.2477698203291871
vit_tiny_tact_0_1_evade_l1,before_attention_norm_token_mask,before_attention_norm,token_mask,adaptive,0.6,vit,tiny,tact,0.5100873412348349,0.0,0.5100873412348349,0.47916813776143635,0.47916813776143635,0.010931021485111195,0.01005151400929765,0.009925870084181429,0.008418142982786782,0.009925870084181429,0.008418142982786782,0.043221510239979895,0.04648825229300163,0.05302173639904511,0.04183942706370147,0.05302173639904511,0.04183942706370147,0.09599195878879256,0.10290237467018469,0.10830506345018219,0.09548938308832768,0.10830506345018219,0.09548938308832768,0.2516647820077899,0.26535996984545795,0.243749214725468,0.22314361100640784,0.243749214725468,0.22314361100640784
vit_tiny_wanet_0_01_evade_l1,before_attention_norm_token_mask,before_attention_norm,token_mask,adaptive,0.05,vit,tiny,wanet,0.4352908448486015,0.0,0.4352908448486015,0.34370707925612165,0.34370707925612165,0.0079155672823219,0.003015454202789295,0.01394647568790049,0.0011307953260459858,0.01394647568790049,0.0011307953260459858,0.051890941072999124,0.008166855132554341,0.05503203920090464,0.009423294383716547,0.05503203920090464,0.009423294383716547,0.1035305942957658,0.03920090463626084,0.10365623822088202,0.01620806633999246,0.10365623822088202,0.01620806633999246,0.2555597436863928,0.18532478954642542,0.2679984922728986,0.05452946350043975,0.2679984922728986,0.05452946350043975
vit_tiny_wanet_0_05,before_attention_norm_token_mask,before_attention_norm,token_mask,adaptive,0.5,vit,tiny,wanet,0.9605331261653024,0.0,0.9605331261653024,0.9495931064345176,0.9495931064345176,0.00590526448046237,0.467521045357457,0.01005151400929765,0.7234577208191983,0.01005151400929765,0.7234577208191983,0.046236964442769195,0.8697072496544792,0.046236964442769195,0.9272521673577082,0.046236964442769195,0.9272521673577082,0.09875612514134942,0.907777358964694,0.09222264103530595,0.9425807262218872,0.09222264103530595,0.9425807262218872,0.24513129790174645,0.9511245131297902,0.25744440256313605,0.9486116346274658,0.25744440256313605,0.9486116346274658
vit_tiny_wanet_0_05_evade_l1,before_attention_norm_token_mask,before_attention_norm,token_mask,adaptive,0.4,vit,tiny,wanet,0.2403803820500406,0.0,0.24038038205004064,0.10907850213181859,0.10907850213181859,0.011056665410227415,0.00012564392511622062,0.008166855132554341,0.0,0.008166855132554341,0.0,0.05163965322276668,0.0021359467269757505,0.04397537379067722,0.00025128785023244125,0.04397537379067722,0.00025128785023244125,0.09498680738786279,0.008418142982786782,0.09347908028646815,0.001005151400929765,0.09347908028646815,0.001005151400929765,0.23357205679105414,0.05653976630229928,0.24751853247895464,0.007789923357205679,0.24751853247895464,0.007789923357205679
vit_tiny_wanet_0_1,before_attention_norm_token_mask,before_attention_norm,token_mask,adaptive,0.5,vit,tiny,wanet,0.9672835548172574,0.0,0.9672835548172574,0.9742791461978284,0.9742791461978284,0.010177157934413872,0.6486995853750471,0.007664279432089458,0.6490765171503958,0.007664279432089458,0.6490765171503958,0.0560371906018344,0.8793818318884282,0.05503203920090464,0.9532604598567659,0.05503203920090464,0.9532604598567659,0.09599195878879256,0.9149390626963186,0.0992587008418143,0.9728609121748963,0.0992587008418143,0.9728609121748963,0.2620932277924362,0.9712275411483855,0.2599572810654605,0.9786405327302425,0.2599572810654605,0.9786405327302425
vit_tiny_wanet_0_1_evade_l1,before_attention_norm_token_mask,before_attention_norm,token_mask,adaptive,0.5,vit,tiny,wanet,0.039386086953584,0.0,0.039386086953584094,0.06875572148320577,0.06875572148320577,0.0121874607362734,0.00012564392511622062,0.012690036436738284,0.00012564392511622062,0.012690036436738284,0.00012564392511622062,0.05653976630229928,0.0005025757004648825,0.05741927377811283,0.0005025757004648825,0.05741927377811283,0.0005025757004648825,0.10692298027390376,0.0011307953260459858,0.10202286719437115,0.0007538635506973238,0.10202286719437115,0.0007538635506973238,0.2505339866817439,0.007664279432089458,0.25656489508732255,0.0038949616786028395,0.25656489508732255,0.0038949616786028395
vit_tiny_adaptive_blend_0_05,before_mlp_norm_token_mask,before_mlp_norm,token_mask,matched_sigma0.6,0.3,vit,tiny,adaptive_blend,0.8280424753820232,0.0,0.8280424753820232,0.8247106065526393,0.8247106065526393,0.005653976630229929,0.03141098127905516,0.011182309335343636,0.001759014951627089,0.011182309335343636,0.001759014951627089,0.04736775976881518,0.1644678979771328,0.05566025882648574,0.1096871466264606,0.05566025882648574,0.1096871466264606,0.10755119989948486,0.37718306319889433,0.10755119989948486,0.3979143108430707,0.10755119989948486,0.3979143108430707,0.2551828119110441,0.8251036562382209,0.2625958034929011,0.853624827239603,0.2625958034929011,0.853624827239603
vit_gtsrb_wanet_0_1,before_mlp_norm_channel_mask,before_mlp_norm,channel_mask,oracle,0.7,vit,gtsrb,wanet,0.9764908482561062,0.0,0.9764908482561062,0.9555699477373621,0.9555699477373621,0.011816978634902628,0.2234826999432785,0.007846473813575346,0.5660805445263755,0.007846473813575346,0.5660805445263755,0.04358101720552089,0.9440347891851012,0.042824730572887125,0.9229532993004349,0.042824730572887125,0.9229532993004349,0.09737190395159766,0.974758933635848,0.0957647948572509,0.9251276233692569,0.0957647948572509,0.9251276233692569,0.24399697485346947,0.9892229154849688,0.2347324636037058,0.9370391378332388,0.2347324636037058,0.9370391378332388
vit_cifar10_wanet_0_05,before_mlp_channel_mask,before_mlp,channel_mask,adaptive,0.7,vit,cifar10,wanet,0.9309467013888888,0.0,0.9309467013888888,0.8936107638888888,0.8936107638888888,0.007361111111111111,0.11638888888888889,0.00125,0.059583333333333335,0.00125,0.059583333333333335,0.012777777777777779,0.30541666666666667,0.007361111111111111,0.32263888888888886,0.007361111111111111,0.32263888888888886,0.028888888888888888,0.6229166666666667,0.015,0.6720833333333334,0.015,0.6720833333333334,0.15805555555555556,0.8965277777777778,0.16208333333333333,0.8226388888888889,0.16208333333333333,0.8226388888888889
vit_cifar100_sig_0_1_evade_l1,before_attention_norm,before_attention_norm,dropout,matched_sigma0.8,0.5,vit,cifar100,sig,0.5481261300879648,0.0,0.5481261300879648,0.4660438830291366,0.4660438830291366,0.011244472520530638,0.012634238787113077,0.010991787744788376,0.0027795325331648768,0.010991787744788376,0.0027795325331648768,0.06329753632343652,0.08073278584965256,0.06266582438408086,0.0410612760581175,0.06266582438408086,0.0410612760581175,0.10890713834491472,0.13114339861023375,0.11042324699936829,0.08780795957043588,0.11042324699936829,0.08780795957043588,0.25723310170562225,0.3286165508528111,0.2500315855969678,0.22526847757422616,0.2500315855969678,0.22526847757422616
vit_cifar100_adaptive_blend_0_05,post_residual,post_residual,dropout,oracle,0.05,vit,cifar100,adaptive_blend,0.9325618413265712,0.0,0.9325618413265713,0.9132744906099192,0.9132744906099192,0.007580543272267846,0.35780164245104235,0.008843967150979154,0.41010739102969046,0.008843967150979154,0.41010739102969046,0.05356917245735945,0.7078963992419457,0.055337965887555275,0.8099810486418193,0.055337965887555275,0.8099810486418193,0.10827542640555907,0.8256475047378395,0.1001895135818067,0.878332280480101,0.1001895135818067,0.878332280480101,0.2660770688566014,0.9404927353126974,0.24864181933038534,0.9260897030953885,0.24864181933038534,0.9260897030953885
vit_cifar10_adaptive_blend_0_05,before_mlp_channel_mask,before_mlp,channel_mask,matched_sigma0.6,0.6,vit,cifar10,adaptive_blend,0.7905018325617283,0.0,0.7905018325617283,0.6685199074074074,0.6685199074074074,0.009166666666666667,0.1075,0.008194444444444445,0.042083333333333334,0.008194444444444445,0.042083333333333334,0.04652777777777778,0.28041666666666665,0.041944444444444444,0.2026388888888889,0.041944444444444444,0.2026388888888889,0.08944444444444444,0.3958333333333333,0.0973611111111111,0.2936111111111111,0.0973611111111111,0.2936111111111111,0.24930555555555556,0.6936111111111111,0.2386111111111111,0.5697222222222222,0.2386111111111111,0.5697222222222222
vit_tiny_lf_0_01,before_mlp_residual_droppath,before_mlp_residual,droppath,adaptive,0.4,vit,tiny,lf,0.6777256053179064,0.0,0.6777256053179064,0.814134179092652,0.814134179092652,0.012313104661389622,0.046865184068350295,0.006659128031159693,0.08305063450182183,0.006659128031159693,0.08305063450182183,0.04347279809021234,0.10227415504460359,0.042718934539515016,0.30719939690915943,0.042718934539515016,0.30719939690915943,0.10152029149390628,0.24513129790174645,0.09297650458600326,0.4766930518909411,0.09297650458600326,0.4766930518909411,0.25191606985802234,0.5055911546676718,0.23683879884407588,0.7068727227038573,0.23683879884407588,0.7068727227038573
vit_tiny_badnet_a2o_0_1,pre_residual_droppath,pre_residual,droppath,matched_sigma0.2,0.05,vit,tiny,badnet_a2o,0.7756365820741591,0.0,0.7756365820741591,0.8875117705341269,0.8875117705341269,0.010177157934413872,0.0,0.0079155672823219,0.295011936172886,0.0079155672823219,0.295011936172886,0.06596306068601583,0.0025128785023244126,0.051890941072999124,0.670812916195502,0.051890941072999124,0.670812916195502,0.10880763915064706,0.2930016333710265,0.10604347279809022,0.7727101394647569,0.10604347279809022,0.7727101394647569,0.2703857268501068,0.8311345646437994,0.2532981530343008,0.8420655861289107,0.2532981530343008,0.8420655861289107
vit_tiny_badnet_a2o_0_05,attention_heads_head_mask,attention_heads,head_mask,adaptive,0.5,vit,tiny,badnet_a2o,0.7396035808660736,0.0,0.7396035808660736,0.8684013831976958,0.8684013831976958,0.013443899987435608,0.08217112702600829,0.01181052896092474,0.26045985676592537,0.01181052896092474,0.26045985676592537,0.058927000879507474,0.2777987184319638,0.051137077522301795,0.4741801733886167,0.051137077522301795,0.4741801733886167,0.10503832139716045,0.3622314361100641,0.10001256439251162,0.7103907526071115,0.10001256439251162,0.7103907526071115,0.26686769694685264,0.7082548058801357,0.25895212966453074,0.8406835029526323,0.25895212966453074,0.8406835029526323
vit_tiny_badnet_a2a_0_05,before_attention_channel_mask,before_attention,channel_mask,matched_sigma0.6,0.3,vit,tiny,badnet_a2a,0.468238875,0.0,0.468238875,0.394717953125,0.394717953125,0.007125,0.0045,0.009375,0.0,0.009375,0.0,0.04825,0.00975,0.0555,0.004375,0.0555,0.004375,0.103375,0.040875,0.10525,0.0355,0.10525,0.0355,0.23625,0.209875,0.252125,0.110625,0.252125,0.110625
vit_gtsrb_adaptive_blend_0_05,before_mlp_residual_token_mask,before_mlp_residual,token_mask,matched_sigma0.2,0.2,vit,gtsrb,adaptive_blend,0.9741940333503244,0.0,0.9741940333503244,0.8292942323921254,0.8292942323921254,0.007657402155416903,0.9057477784080167,0.010398941198714312,0.0,0.010398941198714312,0.0,0.04074494233314426,0.9319342030629608,0.040461334845906596,0.0,0.040461334845906596,0.0,0.08574399697485346,0.9459255057666855,0.08460956702590282,0.041312157307619585,0.08460956702590282,0.041312157307619585,0.23709585933068633,0.9607676309321233,0.24031007751937986,0.8453393836263944,0.24031007751937986,0.8453393836263944
vit_cifar100_bpp_0_05,before_attention_channel_mask,before_attention,channel_mask,adaptive,0.5,vit,cifar100,bpp,0.8952692158351787,0.0,0.8952692158351787,0.9499542238303454,0.9499542238303454,0.010233733417561591,0.2060644346178143,0.008591282375236892,0.4179406190777006,0.008591282375236892,0.4179406190777006,0.05281111813013266,0.48881869867340494,0.0509159823120657,0.7701831964624132,0.0509159823120657,0.7701831964624132,0.11358180669614655,0.6817435249526216,0.10928616550852811,0.8439671509791535,0.10928616550852811,0.8439671509791535,0.26708780795957043,0.8779532533164877,0.27378395451674037,0.9772583701831965,0.27378395451674037,0.9772583701831965
vit_cifar10_lc_0_01,before_mlp_residual,before_mlp_residual,dropout,matched_sigma0.4,0.4,vit,cifar10,lc,0.4207895736882716,0.0,0.4207895736882716,0.37620756172839503,0.37620756172839503,0.008472222222222223,0.01375,0.010555555555555556,0.0008333333333333334,0.010555555555555556,0.0008333333333333334,0.05513888888888889,0.022083333333333333,0.05652777777777778,0.007916666666666667,0.05652777777777778,0.007916666666666667,0.10430555555555555,0.03680555555555556,0.10666666666666667,0.020277777777777777,0.10666666666666667,0.020277777777777777,0.26305555555555554,0.12291666666666666,0.2634722222222222,0.09638888888888889,0.2634722222222222,0.09638888888888889
vit_cifar100_blend_0_05,pre_residual_channel_mask,pre_residual,channel_mask,matched_sigma0.4,0.2,vit,cifar100,blend,0.7767246035239391,0.0,0.7767246035239391,0.8067549919409839,0.8067549919409839,0.010865445356917245,0.0,0.012002526847757423,0.01162349968414403,0.012002526847757423,0.01162349968414403,0.057612128869235626,0.10246367656348705,0.05786481364497789,0.16563487049905243,0.05786481364497789,0.16563487049905243,0.11307643714466203,0.303348073278585,0.10890713834491472,0.34061907770056854,0.10890713834491472,0.34061907770056854,0.25319014529374606,0.6039166140240051,0.2578648136449779,0.6726468730259002,0.2578648136449779,0.6726468730259002
vit_tiny_lc_0_05_evade_l1,before_attention_norm_token_mask,before_attention_norm,token_mask,matched_sigma0.8,0.5,vit,tiny,lc,0.4735101119206532,0.0,0.47351011192065323,0.2156970733332238,0.2156970733332238,0.007664279432089458,0.0008795074758135445,0.008795074758135445,0.0006282196255811032,0.008795074758135445,0.0006282196255811032,0.054655107425555974,0.0201030280185953,0.05817313732881015,0.010679733634878754,0.05817313732881015,0.010679733634878754,0.11106922980273903,0.06357582610880765,0.10378188214599825,0.02575700464882523,0.10378188214599825,0.02575700464882523,0.2569418268626712,0.20618168111571805,0.2539263726598819,0.08317627842693806,0.2539263726598819,0.08317627842693806
vit_gtsrb_badnet_a2o_0_1,after_embedding_token_mask,after_embedding,token_mask,matched_sigma0.2,0.4,vit,gtsrb,badnet_a2o,0.6116950964092078,0.0,0.6116950964092078,0.5278339246246477,0.5278339246246477,0.008791832104367556,0.0,0.010777084515031198,0.0,0.010777084515031198,0.0,0.046606163736055965,0.27897523161278126,0.051900170164492346,0.0,0.051900170164492346,0.0,0.11032331253545094,0.47920211760257136,0.10096426545660805,0.0,0.10096426545660805,0.0,0.25789374172811497,0.5523728493098885,0.25609756097560976,0.5133295519001702,0.25609756097560976,0.5133295519001702
vit_gtsrb_badnet_a2a_0_1,mlp_norm_out_gain_scale,mlp_norm_out,gain_scale,adaptive,2.0,vit,gtsrb,badnet_a2a,0.5521469305795115,0.0,0.5521469305795115,0.5055824761564256,0.5055824761564256,0.006302916274694262,0.008936970837253057,0.016745061147695202,0.07478833490122296,0.016745061147695202,0.07478833490122296,0.046660395108184385,0.13189087488240828,0.04807149576669802,0.08570084666039511,0.04807149576669802,0.08570084666039511,0.09078080903104421,0.17582314205079963,0.09943555973659454,0.15691439322671685,0.09943555973659454,0.15691439322671685,0.24675446848541863,0.33932267168391345,0.24524929444967075,0.26039510818438383,0.24524929444967075,0.26039510818438383
vit_cifar100_badnet_a2a_0_05,attention_heads_head_mask,attention_heads,head_mask,oracle,0.9,vit,cifar100,badnet_a2a,0.7240549140625,0.0,0.7240549140625,0.492972984375,0.492972984375,0.00775,0.01975,0.011,0.01175,0.011,0.01175,0.046375,0.0935,0.0535,0.05,0.0535,0.05,0.09675,0.16025,0.096,0.09475,0.096,0.09475,0.248125,0.43925,0.244625,0.24175,0.244625,0.24175
vit_cifar100_badnet_a2a_0_1,after_mlp_residual_channel_mask,after_mlp_residual,channel_mask,matched_sigma0.2,0.05,vit,cifar100,badnet_a2a,0.2031140234374999,0.0,0.20311402343749999,0.204554234375,0.204554234375,0.008,0.0005,0.01325,0.0,0.01325,0.0,0.055125,0.002,0.061,0.000125,0.061,0.000125,0.11025,0.002375,0.114875,0.00025,0.114875,0.00025,0.270125,0.00875,0.270875,0.006375,0.270875,0.006375
vit_cifar100_lf_0_1,before_mlp_residual_droppath,before_mlp_residual,droppath,oracle,0.3,vit,cifar100,lf,0.7212213469950186,0.0,0.7212213469950186,0.7894969968741633,0.7894969968741633,0.0065698041692988,0.018445988629185093,0.012760581174984208,0.1470625394819962,0.012760581174984208,0.1470625394819962,0.044346178142766896,0.20669614655716992,0.04459886291850916,0.23322804801010738,0.04459886291850916,0.23322804801010738,0.08881869867340493,0.2552116234996841,0.09753632343651295,0.47340492735312695,0.09753632343651295,0.47340492735312695,0.2443461781427669,0.5977258370183196,0.22969046114971572,0.63575489576753,0.22969046114971572,0.63575489576753
vit_tiny_sig_0_05_evade_l1,before_attention_norm_token_mask,before_attention_norm,token_mask,matched_sigma0.2,0.1,vit,tiny,sig,0.2509512369122687,0.0,0.2509512369122687,0.24134126839681463,0.24134126839681463,0.010177157934413872,0.00590526448046237,0.011559241110692299,0.0012564392511622063,0.011559241110692299,0.0012564392511622063,0.045483100892071866,0.028898102776730744,0.048372911169744945,0.008669430833019224,0.048372911169744945,0.008669430833019224,0.10152029149390628,0.060434727980902124,0.11094358587762282,0.023746701846965697,0.11094358587762282,0.023746701846965697,0.26586254554592287,0.11823093353436362,0.26045985676592537,0.07639150647066215,0.26045985676592537,0.07639150647066215
vit_cifar10_sig_0_1,post_residual,post_residual,dropout,matched_sigma0.2,0.03,vit,cifar10,sig,0.7150953896604938,0.0,0.7150953896604938,0.6743997395833333,0.6743997395833333,0.008611111111111111,0.04958333333333333,0.015555555555555555,0.06263888888888888,0.015555555555555555,0.06263888888888888,0.05430555555555556,0.25416666666666665,0.059305555555555556,0.18930555555555556,0.059305555555555556,0.18930555555555556,0.12013888888888889,0.40152777777777776,0.12486111111111112,0.32569444444444445,0.12486111111111112,0.32569444444444445,0.2926388888888889,0.6305555555555555,0.2936111111111111,0.5579166666666666,0.2936111111111111,0.5579166666666666
vit_cifar10_bpp_0_05,after_mlp_residual,after_mlp_residual,dropout,matched_sigma0.2,0.1,vit,cifar10,bpp,0.931213994984568,0.0,0.9312139949845679,0.9310867187499998,0.9310867187499998,0.014166666666666666,0.08736111111111111,0.014305555555555556,0.10680555555555556,0.014305555555555556,0.10680555555555556,0.0648611111111111,0.6541666666666667,0.0636111111111111,0.6516666666666666,0.0636111111111111,0.6516666666666666,0.10472222222222222,0.8279166666666666,0.10694444444444444,0.8330555555555555,0.10694444444444444,0.8330555555555555,0.26,0.9731944444444445,0.2638888888888889,0.9734722222222222,0.2638888888888889,0.9734722222222222
vit_cifar100_bpp_0_1,attention_norm_out_gain_scale,attention_norm_out,gain_scale,adaptive,1.0,vit,cifar100,bpp,0.9202042229324604,0.0,0.9202042229324603,0.9736742848545964,0.9736742848545964,0.008843967150979154,0.6674668351231838,0.010233733417561591,0.8295641187618445,0.010233733417561591,0.8295641187618445,0.05609602021478206,0.7327858496525584,0.047378395451674035,0.9118130132659508,0.047378395451674035,0.9118130132659508,0.10284270372710044,0.7694251421351863,0.10208464939987366,0.9365761212886924,0.10208464939987366,0.9365761212886924,0.2443461781427669,0.8745420088439672,0.2468730259001895,0.9628553379658875,0.2468730259001895,0.9628553379658875
vit_cifar100_badnet_a2a_0_1,before_attention_residual_channel_mask,before_attention_residual,channel_mask,oracle,0.9,vit,cifar100,badnet_a2a,0.6692789453125,0.0,0.6692789453125,0.5097347734375,0.5097347734375,0.009875,0.032,0.010875,0.00975,0.010875,0.00975,0.0495,0.11,0.046375,0.047625,0.046375,0.047625,0.095,0.169375,0.085625,0.09025,0.085625,0.09025,0.233625,0.372875,0.228875,0.242375,0.228875,0.242375
vit_cifar10_bpp_0_1,before_mlp,before_mlp,dropout,matched_sigma0.4,0.4,vit,cifar10,bpp,0.9337811921296296,0.0,0.9337811921296296,0.9406900655864199,0.9406900655864199,0.0075,0.16625,0.005555555555555556,0.20791666666666667,0.005555555555555556,0.20791666666666667,0.03916666666666667,0.4865277777777778,0.03916666666666667,0.5475,0.03916666666666667,0.5475,0.08027777777777778,0.7795833333333333,0.08513888888888889,0.8093055555555555,0.08513888888888889,0.8093055555555555,0.22166666666666668,0.9472222222222222,0.21888888888888888,0.9530555555555555,0.21888888888888888,0.9530555555555555
vit_cifar100_tact_0_05_evade_l1,mlp_norm_out_gain_scale,mlp_norm_out,gain_scale,adaptive,2.0,vit,cifar100,tact,0.5378204780818304,0.0,0.5378204780818304,0.5119450063430583,0.5119450063430583,0.0082122552116235,0.012634238787113077,0.00833859759949463,0.037271004421983576,0.00833859759949463,0.037271004421983576,0.06001263423878711,0.07732154137713203,0.04687302590018951,0.08351231838281743,0.04687302590018951,0.08351231838281743,0.11699305116866708,0.14213518635502212,0.10410612760581175,0.13783954516740365,0.10410612760581175,0.13783954516740365,0.25647504737839544,0.30953885028427036,0.25306380290587493,0.29134554643082755,0.25306380290587493,0.29134554643082755
vit_gtsrb_adaptive_blend_0_05,both_sublayer_inputs,both_sublayer_inputs,dropout,adaptive,0.3,vit,gtsrb,adaptive_blend,0.9911742161453326,0.0,0.9911742161453326,0.9803836903477398,0.9803836903477398,0.010304405369635092,0.7509926262053318,0.011627906976744186,0.7307619587823785,0.011627906976744186,0.7307619587823785,0.04774059368500662,0.9652108148988466,0.05048213272830403,0.9607676309321233,0.05048213272830403,0.9607676309321233,0.09368500661750803,0.9885611646814143,0.09519757988277557,0.9839289090565324,0.09519757988277557,0.9839289090565324,0.24560408394781622,0.9989601058801286,0.24484779731518244,0.9863868406125922,0.24484779731518244,0.9863868406125922
vit_gtsrb_blend_0_01,before_attention_token_mask,before_attention,token_mask,oracle,0.4,vit,gtsrb,blend,0.9995053894002116,0.0,0.9995053894002116,0.9994022561550261,0.9994022561550261,0.00841368878805067,0.9940442427680091,0.008697296275288334,0.9941387785970883,0.008697296275288334,0.9941387785970883,0.05738324825108716,0.9984874267347325,0.056532425789374174,0.9983928909056532,0.056532425789374174,0.9983928909056532,0.11022877670637171,0.9989601058801286,0.10909434675742107,0.9988655700510494,0.10909434675742107,0.9988655700510494,0.2684817545849877,0.9994327850255247,0.2695216487048591,0.9992437133673663,0.2695216487048591,0.9992437133673663
vit_gtsrb_adaptive_blend_0_1,before_mlp_residual_droppath,before_mlp_residual,droppath,matched_sigma0.4,0.2,vit,gtsrb,adaptive_blend,0.7268765835734443,0.0,0.7268765835734443,0.7001605419997003,0.7001605419997003,0.009169975420684439,0.1420873511060692,0.008602760446209114,0.016354698430705236,0.008602760446209114,0.016354698430705236,0.04792966534316506,0.18992248062015504,0.04953677443751182,0.11807525051994706,0.04953677443751182,0.11807525051994706,0.09822272641331065,0.2572319909245604,0.09793911892607299,0.1991869918699187,0.09793911892607299,0.1991869918699187,0.23870296842503308,0.5053885422575156,0.2391756475704292,0.4793911892607298,0.2391756475704292,0.4793911892607298
vit_cifar100_lc_0_01,after_embedding_token_mask,after_embedding,token_mask,matched_sigma0.2,0.3,vit,cifar100,lc,0.3123459259368631,0.0,0.31234592593686317,0.31157874909862326,0.31157874909862326,0.01162349968414403,0.017308907138344914,0.013392293114339862,0.00012634238787113077,0.013392293114339862,0.00012634238787113077,0.05559065066329753,0.07706885660138976,0.058749210360075806,0.0018951358180669614,0.058749210360075806,0.0018951358180669614,0.09715729627289955,0.10777005685407454,0.11219204042956411,0.005432722678458623,0.11219204042956411,0.005432722678458623,0.2631711939355654,0.11282375236891977,0.2726468730259002,0.02665824384080859,0.2726468730259002,0.02665824384080859
vit_tiny_badnet_a2a_0_05,before_attention_norm_token_mask,before_attention_norm,token_mask,matched_sigma0.4,0.2,vit,tiny,badnet_a2a,0.3978947734375,0.0,0.3978947734375,0.3600420390625,0.3600420390625,0.012125,0.009375,0.006875,0.0,0.006875,0.0,0.059,0.052625,0.05,0.0,0.05,0.0,0.110375,0.056,0.112875,0.000125,0.112875,0.000125,0.264125,0.072625,0.264125,0.0355,0.264125,0.0355
swin_cifar100_lc_0_1_evade_l1,before_attention_norm,before_attention_norm,dropout,oracle,0.9,swin,cifar100,lc,0.7202593889833109,0.0,0.7202593889833109,0.6182815280325664,0.6182815280325664,0.014150347441566645,0.04295641187618446,0.007327858496525584,0.22691092861655085,0.007327858496525584,0.22691092861655085,0.057612128869235626,0.15628553379658874,0.05281111813013266,0.26304485154769425,0.05281111813013266,0.26304485154769425,0.10461149715729627,0.252179406190777,0.09513581806696146,0.30296904611497155,0.09513581806696146,0.30296904611497155,0.23853442830069488,0.5797852179406191,0.22653190145293747,0.40480101073910296,0.22653190145293747,0.40480101073910296
vit_tiny_adaptive_blend_0_1,before_attention_residual_channel_mask,before_attention_residual,channel_mask,matched_sigma0.4,0.3,vit,tiny,adaptive_blend,0.724999404458214,0.0,0.724999404458214,0.756691067856702,0.756691067856702,0.016961929890689786,0.0761402186204297,0.008669430833019224,0.04284457846463124,0.008669430833019224,0.04284457846463124,0.054152531725091095,0.2345772081919839,0.04661389621811785,0.1619550194748084,0.04661389621811785,0.1619550194748084,0.10189722326925493,0.31963814549566527,0.10202286719437115,0.2940067847719563,0.10202286719437115,0.2940067847719563,0.2702600829249906,0.5520794069606735,0.2539263726598819,0.6128910667169243,0.2539263726598819,0.6128910667169243
vit_cifar100_blend_0_01,after_attention_residual_token_mask,after_attention_residual,token_mask,adaptive,0.2,vit,cifar100,blend,0.5888669929114976,0.0,0.5888669929114976,0.8972011609452772,0.8972011609452772,0.007833228048010107,0.0,0.011370814908401769,0.0017687934301958306,0.011370814908401769,0.0017687934301958306,0.04371446620341125,0.0018951358180669614,0.043967150979153505,0.24005053695514844,0.043967150979153505,0.24005053695514844,0.10208464939987366,0.007454200884396715,0.09399873657612129,0.550726468730259,0.09399873657612129,0.550726468730259,0.2410612760581175,0.02109917877447884,0.2366392924826279,0.9559065066329754,0.2366392924826279,0.9559065066329754
vit_gtsrb_lf_0_1,pre_residual_droppath,pre_residual,droppath,matched_sigma0.2,0.1,vit,gtsrb,lf,0.744921728837782,0.0,0.744921728837782,0.7473253456366826,0.7473253456366826,0.010115333711476649,0.03743618831537152,0.009548118737001324,0.0011344299489506524,0.009548118737001324,0.0011344299489506524,0.04206844394025336,0.2582718850444318,0.044053696350917,0.24900737379466817,0.044053696350917,0.24900737379466817,0.09689922480620156,0.4973529967857818,0.09935715636226129,0.5086027604462091,0.09935715636226129,0.5086027604462091,0.25515220268481753,0.6564567971261108,0.2533560219323123,0.65655133295519,0.2533560219323123,0.65655133295519
swin_cifar100_bpp_0_05,post_residual,post_residual,dropout,oracle,0.09,swin,cifar100,bpp,0.9992610446831444,0.0,0.9992610446831444,0.999125691521053,0.999125691521053,0.006696146557169931,0.9968414403032217,0.004927353126974099,0.9986102337334175,0.004927353126974099,0.9986102337334175,0.04560960202147821,0.9988629185091599,0.04952621604548326,0.9987365761212887,0.04952621604548326,0.9987365761212887,0.08957675300063171,0.998989260897031,0.10840176879343019,0.9987365761212887,0.10840176879343019,0.9987365761212887,0.24257738471257106,0.9992419456727732,0.2525584333543904,0.9988629185091599,0.2525584333543904,0.9988629185091599
vit_cifar10_wanet_0_05,attention_heads_head_mask,attention_heads,head_mask,matched_sigma0.4,0.4,vit,cifar10,wanet,0.5946667727623457,0.0,0.5946667727623457,0.5559666087962962,0.5559666087962962,0.006805555555555555,0.029722222222222223,0.0075,0.0005555555555555556,0.0075,0.0005555555555555556,0.03972222222222222,0.049166666666666664,0.03875,0.006944444444444444,0.03875,0.006944444444444444,0.085,0.07347222222222222,0.08944444444444444,0.03819444444444445,0.08944444444444444,0.03819444444444445,0.21083333333333334,0.2534722222222222,0.21625,0.2325,0.21625,0.2325
vit_gtsrb_adaptive_blend_0_05,before_mlp_token_mask,before_mlp,token_mask,adaptive,0.5,vit,gtsrb,adaptive_blend,0.9963322278950868,0.0,0.9963322278950869,0.9900554527976654,0.9900554527976654,0.009169975420684439,0.9022499527320854,0.007941009642654566,0.9802420117224429,0.007941009642654566,0.9802420117224429,0.04774059368500662,0.9974475326148611,0.04982038192474948,0.982889014936661,0.04982038192474948,0.982889014936661,0.09519757988277557,0.9992437133673663,0.09708829646435999,0.9846851956891662,0.09708829646435999,0.9846851956891662,0.23851389676687465,0.9999054641709207,0.238230289279637,0.9863868406125922,0.238230289279637,0.9863868406125922
vit_tiny_adaptive_blend_0_01,both_sublayer_inputs_token_mask,both_sublayer_inputs,token_mask,matched_sigma0.6,0.2,vit,tiny,adaptive_blend,0.6095388255436074,0.005580980020091528,0.6095388255436074,0.4719165620778471,0.4719165620778471,0.013443899987435608,0.26196758386732,0.011684885035808518,0.024877497173011683,0.011684885035808518,0.024877497173011683,0.05566025882648574,0.2690036436738284,0.052644804623696445,0.20077899233572058,0.052644804623696445,0.20077899233572058,0.10654604849855509,0.295011936172886,0.10817941952506596,0.260836788541274,0.10817941952506596,0.260836788541274,0.26196758386732,0.40771453700213595,0.27503455207940697,0.42115843698957156,0.27503455207940697,0.42115843698957156
vit_tiny_badnet_a2o_0_05,post_residual,post_residual,dropout,matched_sigma0.2,0.02,vit,tiny,badnet_a2o,0.7507523283236941,0.0,0.7507523283236941,0.7940031617940929,0.7940031617940929,0.0079155672823219,0.00012564392511622062,0.008669430833019224,0.002387234577208192,0.008669430833019224,0.002387234577208192,0.050508857896720695,0.02927503455207941,0.04950370649579093,0.1552958914436487,0.04950370649579093,0.1552958914436487,0.10403316999623068,0.2818193240356829,0.10453574569669556,0.41160949868073876,0.10453574569669556,0.41160949868073876,0.2530468651840683,0.6661640909662018,0.26159065209197135,0.7090086694308331,0.26159065209197135,0.7090086694308331
swin_cifar100_blend_0_01_evade_l1,before_attention_norm,before_attention_norm,dropout,oracle,0.8,swin,cifar100,blend,0.8360336870467927,0.0,0.8360336870467927,0.989605828510361,0.989605828510361,0.012886923562855339,0.00012634238787113077,0.014150347441566645,0.8761844598862919,0.014150347441566645,0.876310802274163,0.056854074542008845,0.00012634238787113077,0.048515476942514214,0.990397978521794,0.048515476942514214,0.990397978521794,0.10031585596967783,0.0030322173089071384,0.09071383449147188,0.9982312065698041,0.09071383449147188,0.9982312065698041,0.25066329753632344,0.9738471257106759,0.24384080859128238,0.9997473152242577,0.24384080859128238,0.9997473152242577
vit_tiny_badnet_a2o_0_05,mlp_norm_out_gain_scale,mlp_norm_out,gain_scale,adaptive,2.0,vit,tiny,badnet_a2o,0.9992041919953468,0.0,0.9992041919953469,0.9997305972604509,0.9997305972604509,0.009548938308832768,0.9932152280437241,0.008418142982786782,0.9998743560748837,0.008418142982786782,0.9998743560748837,0.052770448548812667,0.9997487121497676,0.051262721447418017,0.9998743560748837,0.051262721447418017,0.9998743560748837,0.10378188214599825,0.9998743560748837,0.09837919336600075,0.9998743560748837,0.09837919336600075,0.9998743560748837,0.27440633245382584,1.0,0.236336223143611,0.9998743560748837,0.236336223143611,0.9998743560748837
vit_cifar100_blend_0_01,attention_heads_head_mask,attention_heads,head_mask,oracle,0.4,vit,cifar100,blend,0.6298456396113316,0.0,0.6298456396113316,0.700768836927733,0.700768836927733,0.017308907138344914,0.004169298799747315,0.017056222362602652,0.009602021478205939,0.017056222362602652,0.009602021478205939,0.05849652558433354,0.0890713834491472,0.0607706885660139,0.12760581174984206,0.0607706885660139,0.12760581174984206,0.09867340492735313,0.15792798483891346,0.10675931775110549,0.21794061907770057,0.10675931775110549,0.21794061907770057,0.24674668351231838,0.39658875552747946,0.25129500947567907,0.517877447883765,0.25129500947567907,0.517877447883765
vit_cifar100_badnet_a2o_0_005,post_residual,post_residual,dropout,adaptive,0.07,vit,cifar100,badnet_a2o,0.3506020178866661,0.0,0.3506020178866661,0.4826469249036969,0.4826469249036969,0.010233733417561591,0.0,0.01010739102969046,0.00012634238787113077,0.01010739102969046,0.00012634238787113077,0.03954516740366393,0.0010107391029690461,0.05104232469993683,0.0008843967150979153,0.05104232469993683,0.0008843967150979153,0.09235628553379659,0.006443461781427669,0.10827542640555907,0.008717624763108023,0.10827542640555907,0.008717624763108023,0.2373973468098547,0.027542640555906505,0.25192672141503475,0.11092861655085282,0.25192672141503475,0.11092861655085282
swin_cifar10_bpp_0_1,post_residual,post_residual,dropout,matched_sigma0.4,0.05,swin,cifar10,bpp,0.9908480227623456,0.0,0.9908480227623457,0.9992858121141976,0.9992858121141976,0.008472222222222223,0.5144444444444445,0.006111111111111111,0.9927777777777778,0.006111111111111111,0.9927777777777778,0.03861111111111111,0.9981944444444445,0.034166666666666665,0.9981944444444445,0.034166666666666665,0.9981944444444445,0.07930555555555556,0.9991666666666666,0.07861111111111112,0.9991666666666666,0.07861111111111112,0.9991666666666666,0.23083333333333333,0.9994444444444445,0.23083333333333333,0.9994444444444445,0.23083333333333333,0.9994444444444445
vit_tiny_blend_0_01,before_attention_residual_droppath,before_attention_residual,droppath,matched_sigma0.4,0.2,vit,tiny,blend,0.8383622160443742,0.0,0.8383622160443742,0.8774721515741538,0.8774721515741538,0.005277044854881266,0.00012564392511622062,0.006533484106043473,0.09636889056414122,0.006533484106043473,0.09636889056414122,0.0481216233195125,0.3099635632617163,0.0402060560371906,0.4067093856012062,0.0402060560371906,0.4067093856012062,0.09548938308832768,0.5338610378188214,0.096243246639025,0.5895212966453072,0.096243246639025,0.5895212966453072,0.23922603342128407,0.7693177534866189,0.23420027641663527,0.8087699459731122,0.23420027641663527,0.8087699459731122
swin_cifar100_badnet_a2a_0_01_evade_l1,mlp_norm_out_gain_scale,mlp_norm_out,gain_scale,matched_sigma0.2,0.25,swin,cifar100,badnet_a2a,0.3751036953125,0.0006111111111111111,0.3751036953125,0.14127641406250002,0.1412764140625,0.013625,0.012875,0.009,0.0,0.009,0.0,0.055875,0.108,0.0505,0.0,0.0505,0.0,0.10075,0.216625,0.106875,0.0,0.106875,0.0,0.241125,0.280875,0.26125,0.0,0.26125,0.0
vit_cifar100_lc_0_05,mlp_neurons_token_mask,mlp_neurons,token_mask,adaptive,0.5,vit,cifar100,lc,0.7720252014354985,0.0,0.7720252014354985,0.7198463619098852,0.7198463619098852,0.0070751737207833225,0.0006317119393556538,0.010991787744788376,0.01490840176879343,0.010991787744788376,0.01490840176879343,0.043967150979153505,0.07542640555906506,0.04914718888186987,0.2111181301326595,0.04914718888186987,0.2111181301326595,0.10663297536323436,0.2291850915982312,0.09147188881869868,0.37144662034112447,0.09147188881869868,0.37144662034112447,0.23461781427668982,0.6352495262160455,0.2504106127605812,0.6150347441566646,0.2504106127605812,0.6150347441566646
vit_gtsrb_badnet_a2o_0_01,after_attention_residual_token_mask,after_attention_residual,token_mask,matched_sigma0.4,0.1,vit,gtsrb,badnet_a2o,0.7341547699697867,0.0,0.7341547699697867,0.7387414065608687,0.7387414065608687,0.009075439591605219,0.07458876914350539,0.009075439591605219,0.07439969748534694,0.009075439591605219,0.07439969748534694,0.049347702779353374,0.3377765173000567,0.04887502363395727,0.3408016638305918,0.04887502363395727,0.3408016638305918,0.0957647948572509,0.39052750992626206,0.09340139913027037,0.39062204575534126,0.09340139913027037,0.39062204575534126,0.24021554169030063,0.8062015503875969,0.2428625449045188,0.8118737001323502,0.2428625449045188,0.8118737001323502
swin_tiny_sig_0_01_evade_l1,before_attention_norm_token_mask,before_attention_norm,token_mask,matched_sigma0.4,0.2,swin,tiny,sig,0.3969084332679287,0.0,0.39690843326792874,0.34064522094252964,0.34064522094252964,0.011182309335343636,0.0031410981279055158,0.012313104661389622,0.0028898102776730747,0.012313104661389622,0.0028898102776730747,0.05566025882648574,0.014072119613016711,0.056288478452066845,0.01394647568790049,0.056288478452066845,0.01394647568790049,0.10742555597436863,0.02776730745068476,0.10981279055157683,0.029149390626963187,0.10981279055157683,0.029149390626963187,0.26535996984545795,0.11383339615529589,0.2687523558235959,0.09410729991204925,0.2687523558235959,0.09410729991204925
vit_tiny_bpp_0_05,before_attention_residual_token_mask,before_attention_residual,token_mask,adaptive,0.4,vit,tiny,bpp,0.989487104890387,0.005971648621497935,0.989487104890387,0.9908745949072677,0.9908754157998554,0.010428445784646313,0.9756250785274532,0.008543786907903002,0.9747455710516396,0.008543786907903002,0.9747455710516396,0.050508857896720695,0.9829124261841939,0.04962935042090715,0.9836662897348913,0.04962935042090715,0.9836662897348913,0.09611760271390878,0.9842945093604725,0.09863048121623319,0.9861791682372157,0.09863048121623319,0.9861791682372157,0.23897474557105164,0.9884407588893077,0.24538258575197888,0.9886920467395401,0.24538258575197888,0.9886920467395401
vit_cifar100_lf_0_05,after_mlp_residual_token_mask,after_mlp_residual,token_mask,matched_sigma0.2,0.05,vit,cifar100,lf,0.8346733394815173,0.0,0.8346733394815173,0.8452484687071136,0.8452484687071136,0.009475679090334808,0.009728363866077068,0.012886923562855339,0.2065698041692988,0.012886923562855339,0.2065698041692988,0.04965255843335439,0.3921667719519899,0.04801010739102969,0.42779532533164877,0.04801010739102969,0.42779532533164877,0.10170562223626027,0.5768793430195831,0.1018319646241314,0.5969677826910929,0.1018319646241314,0.5969677826910929,0.2539481996209728,0.7777637397346809,0.2516740366392925,0.7807959570435882,0.2516740366392925,0.7807959570435882
vit_tiny_lf_0_05,before_attention_residual_channel_mask,before_attention_residual,channel_mask,matched_sigma0.6,0.4,vit,tiny,lf,0.8208438235907511,0.0,0.8208438235907511,0.8688696234870379,0.8688696234870379,0.009925870084181429,0.22791808016082424,0.011056665410227415,0.25229300163337104,0.011056665410227415,0.25229300163337104,0.05390124387485865,0.34878753612262847,0.0517652971478829,0.3633622314361101,0.0517652971478829,0.3633622314361101,0.10252544289483603,0.47103907526071115,0.09938434476693052,0.552958914436487,0.09938434476693052,0.552958914436487,0.25794697826360097,0.7597688151777862,0.2544289483603468,0.795577333835909,0.2544289483603468,0.795577333835909
vit_tiny_lf_0_1,mlp_neurons_token_mask,mlp_neurons,token_mask,matched_sigma0.6,0.3,vit,tiny,lf,0.8017630515330636,0.0,0.8017630515330636,0.8536861968537366,0.8536861968537366,0.014072119613016711,0.0031410981279055158,0.010679733634878754,0.27566277170498804,0.010679733634878754,0.27566277170498804,0.06143987938183189,0.30368136700590526,0.05427817565020731,0.4779494911421033,0.05427817565020731,0.4779494911421033,0.10931021485111195,0.5429074004271893,0.10729991204925242,0.5907777358964694,0.10729991204925242,0.5907777358964694,0.253423796959417,0.7355195376303556,0.25505716798592787,0.7686895338610378,0.25505716798592787,0.7686895338610378
swin_cifar100_wanet_0_1,before_attention_norm_token_mask,before_attention_norm,token_mask,matched_sigma0.2,0.2,swin,cifar100,wanet,0.3241971611671546,0.0008412787436904094,0.32419716116715463,0.3387817816351802,0.338781877409574,0.008591282375236892,0.01010739102969046,0.014150347441566645,0.0005053695514845231,0.014150347441566645,0.0005053695514845231,0.04308275426405559,0.037523689197725835,0.059001895135818064,0.0015161086544535692,0.059001895135818064,0.0015161086544535692,0.09463044851547694,0.04131396083385976,0.11231838281743525,0.002653190145293746,0.11231838281743525,0.002653190145293746,0.2529374605180038,0.06089703095388503,0.26140240050536956,0.050031585596967784,0.26140240050536956,0.050031585596967784
vit_gtsrb_lf_0_1,before_attention_norm_token_mask,before_attention_norm,token_mask,matched_sigma0.6,0.4,vit,gtsrb,lf,0.9976888456408474,0.0,0.9976888456408474,0.9974984647088223,0.9974984647088223,0.010304405369635092,0.9662507090187181,0.01191151446398185,0.9670069956513518,0.01191151446398185,0.9670069956513518,0.04603894876158064,0.9887502363395727,0.04641709207789752,0.988844772168652,0.04641709207789752,0.988844772168652,0.08971450179618075,0.9947059935715636,0.09132161089052751,0.9948005294006429,0.09132161089052751,0.9948005294006429,0.2563811684628474,0.9985819625638117,0.254490451881263,0.9985819625638117,0.254490451881263,0.9985819625638117
swin_cifar100_badnet_a2o_0_1,before_attention_norm_token_mask,before_attention_norm,token_mask,matched_sigma0.4,0.3,swin,cifar100,badnet_a2o,0.9946538174675734,0.0036455412226584407,0.9946538174675734,0.9995873240993516,0.9995873240993516,0.009349336702463677,0.9888818698673405,0.008085912823752369,0.994188250157928,0.008085912823752369,0.994188250157928,0.04257738471257107,0.9987365761212887,0.04118761844598863,0.9987365761212887,0.04118761844598863,0.9987365761212887,0.09008212255211623,0.9994946304485155,0.08894504106127606,0.9994946304485155,0.08894504106127606,0.9994946304485155,0.25483259633607075,1.0,0.2523057485786481,1.0,0.2523057485786481,1.0
vit_gtsrb_wanet_0_1,before_mlp_residual_droppath,before_mlp_residual,droppath,oracle,0.7,vit,gtsrb,wanet,0.9414029252878106,0.0,0.9414029252878106,0.951872647708524,0.951872647708524,0.010493477027793534,0.04348648137644167,0.006144828890149366,0.37577992058990356,0.006144828890149366,0.37577992058990356,0.04688977122329363,0.5781811306485158,0.049442238608432595,0.911892607298166,0.049442238608432595,0.911892607298166,0.09614293817356778,0.8808848553601815,0.09557572319909245,0.9240877292493855,0.09557572319909245,0.9240877292493855,0.24844015882019285,0.9871431272452259,0.2459822272641331,0.9402533560219323,0.2459822272641331,0.9402533560219323
swin_tiny_badnet_a2a_0_05_evade_l1,pre_residual,pre_residual,dropout,matched_sigma0.4,0.3,swin,tiny,badnet_a2a,0.352475875,0.0,0.352475875,0.301397453125,0.301397453125,0.0135,0.000875,0.0105,0.0,0.0105,0.0,0.0575,0.006,0.0545,0.0,0.0545,0.0,0.10925,0.006375,0.102875,0.0,0.102875,0.0,0.255125,0.00925,0.245625,0.00275,0.245625,0.00275
vit_cifar10_bpp_0_005,pre_residual,pre_residual,dropout,oracle,0.3,vit,cifar10,bpp,0.7664909239969135,0.0,0.7664909239969135,0.7719210165895063,0.7719210165895063,0.009722222222222222,0.010694444444444444,0.010833333333333334,0.01972222222222222,0.010833333333333334,0.01972222222222222,0.05263888888888889,0.17472222222222222,0.05722222222222222,0.20722222222222222,0.05722222222222222,0.20722222222222222,0.11388888888888889,0.3865277777777778,0.11638888888888889,0.4141666666666667,0.11638888888888889,0.4141666666666667,0.2718055555555556,0.6659722222222222,0.27194444444444443,0.6836111111111111,0.27194444444444443,0.6836111111111111
vit_tiny_lc_0_1,before_mlp_norm_token_mask,before_mlp_norm,token_mask,matched_sigma0.4,0.2,vit,tiny,lc,0.4662471779252006,0.0,0.46624717792520065,0.46230171556605415,0.46230171556605415,0.011684885035808518,0.013066968212086945,0.010931021485111195,0.0013820831762784268,0.010931021485111195,0.0013820831762784268,0.04862419901997738,0.07852745319763789,0.0603090840557859,0.011684885035808518,0.0603090840557859,0.011684885035808518,0.09900741299158186,0.14712903631109436,0.11132051765297148,0.02764166352556854,0.11132051765297148,0.02764166352556854,0.2661138333961553,0.18469656992084432,0.2638522427440633,0.12740294006784772,0.2638522427440633,0.12740294006784772
vit_tiny_adaptive_blend_0_1,before_attention_residual_token_mask,before_attention_residual,token_mask,matched_sigma0.6,0.3,vit,tiny,adaptive_blend,0.8939653360108324,0.0,0.8939653360108324,0.8899229215011517,0.8899229215011517,0.016459354190224904,0.06633999246136449,0.011307953260459858,0.07048624199019977,0.011307953260459858,0.07048624199019977,0.05352431209950999,0.4045734388742304,0.05364995602462621,0.3703982912426184,0.05364995602462621,0.3703982912426184,0.10616911672320643,0.6768438246010805,0.10202286719437115,0.6583741676089961,0.10202286719437115,0.6583741676089961,0.24864932780500063,0.9249905767056162,0.23859781379570297,0.9160698580223646,0.23859781379570297,0.9160698580223646
vit_tiny_lf_0_01,mlp_neurons_channel_mask,mlp_neurons,channel_mask,matched_sigma0.2,0.2,vit,tiny,lf,0.6704987195575339,0.0,0.6704987195575339,0.7416620716414747,0.7416620716414747,0.02047995979394396,0.005277044854881266,0.010679733634878754,0.10441010177157935,0.010679733634878754,0.10441010177157935,0.0596808644302048,0.01972609624324664,0.05390124387485865,0.32089458474682747,0.05390124387485865,0.32089458474682747,0.10918457092599573,0.2149767558738535,0.10466138962181179,0.4464128659379319,0.10466138962181179,0.4464128659379319,0.263098379193366,0.5891443648699586,0.25354944088453324,0.6244503078276166,0.25354944088453324,0.6244503078276166
vit_cifar100_bpp_0_01,after_attention_residual_channel_mask,after_attention_residual,channel_mask,oracle,0.1,vit,cifar100,bpp,0.7973840900375077,0.0,0.7973840900375077,0.8948713530407771,0.8948713530407771,0.009222994314592546,0.00998104864181933,0.014782059380922299,0.21958307012002526,0.014782059380922299,0.21958307012002526,0.055337965887555275,0.1531269740998105,0.050031585596967784,0.522678458622868,0.050031585596967784,0.522678458622868,0.10473783954516741,0.3368288060644346,0.10044219835754896,0.7293746051800379,0.10044219835754896,0.7293746051800379,0.2533164876816172,0.7455464308275427,0.2557169930511687,0.899557801642451,0.2557169930511687,0.899557801642451
swin_cifar100_wanet_0_1_evade_l1,before_attention_norm,before_attention_norm,dropout,adaptive,0.7,swin,cifar100,wanet,0.3472447901722703,0.0,0.3472447901722703,0.48636396105334273,0.48636396105334273,0.008717624763108023,0.0003790271636133923,0.007959570435881238,0.0005053695514845231,0.007959570435881238,0.0005053695514845231,0.04535691724573594,0.003790271636133923,0.05104232469993683,0.03297536323436513,0.05104232469993683,0.03297536323436513,0.1063802905874921,0.025647504737839544,0.09412507896399241,0.09071383449147188,0.09412507896399241,0.09071383449147188,0.252179406190777,0.09084017687934302,0.23537586860391663,0.26721415034744156,0.23537586860391663,0.26721415034744156
vit_gtsrb_bpp_0_01,before_attention_norm,before_attention_norm,dropout,matched_sigma0.4,0.4,vit,gtsrb,bpp,0.827641169125617,0.0,0.827641169125617,0.7835916731755005,0.7835916731755005,0.010588012856872754,0.12346379277746265,0.00935904707884288,0.0,0.00935904707884288,0.0,0.047456986197768954,0.3876914350538854,0.04622802041973908,0.058517678200037816,0.04622802041973908,0.058517678200037816,0.10181508791832104,0.5554925316695027,0.1006806579693704,0.4289090565324258,0.1006806579693704,0.4289090565324258,0.2567593117791643,0.8154660616373606,0.25609756097560976,0.7806768765362072,0.25609756097560976,0.7806768765362072
vit_cifar100_badnet_a2o_0_05,mlp_neurons_token_mask,mlp_neurons,token_mask,adaptive,0.4,vit,cifar100,badnet_a2o,0.9221784364750392,0.0,0.9221784364750393,0.9503806273941104,0.9503806273941104,0.011118130132659507,0.15186355022109918,0.015540113708149084,0.2651926721415035,0.015540113708149084,0.2651926721415035,0.06329753632343652,0.5562855337965887,0.061402400505369555,0.7441566645609602,0.061402400505369555,0.7441566645609602,0.10574857864813644,0.780669614655717,0.10726468730259002,0.9065066329753633,0.10726468730259002,0.9065066329753633,0.24674668351231838,0.963234365129501,0.2510423246999368,0.9901452937460518,0.2510423246999368,0.9901452937460518
swin_cifar10_badnet_a2o_0_05,before_mlp,before_mlp,dropout,adaptive,0.7,swin,cifar10,badnet_a2o,0.1812120949074074,0.0,0.18121209490740742,0.20186167052469134,0.20186167052469134,0.01513888888888889,0.0,0.011111111111111112,0.0,0.011111111111111112,0.0,0.0575,0.0,0.0525,0.0,0.0525,0.0,0.10944444444444444,0.0,0.11180555555555556,0.0,0.11180555555555556,0.0,0.2872222222222222,0.0,0.2951388888888889,0.0,0.2951388888888889,0.0
swin_tiny_adaptive_blend_0_05_evade_l1,before_attention_norm_token_mask,before_attention_norm,token_mask,matched_sigma0.6,0.3,swin,tiny,adaptive_blend,0.9587811993054428,0.0,0.9587811993054427,0.8999154812148913,0.8999154812148913,0.008166855132554341,0.8870461113205177,0.009925870084181429,0.8845332328181933,0.009925870084181429,0.8845332328181933,0.05352431209950999,0.8891820580474934,0.051890941072999124,0.8894333458977258,0.051890941072999124,0.8894333458977258,0.10327930644553336,0.8908154290740042,0.10516396532227666,0.8904384972986557,0.10516396532227666,0.8904384972986557,0.2581982661138334,0.927126523432592,0.27189345395150144,0.8958411860786532,0.27189345395150144,0.8958411860786532
vit_gtsrb_blend_0_1,before_attention_residual_droppath,before_attention_residual,droppath,matched_sigma0.6,0.3,vit,gtsrb,blend,0.904174960670843,0.0,0.904174960670843,0.907427634869418,0.907427634869418,0.007657402155416903,0.3062015503875969,0.007657402155416903,0.30686330119115146,0.007657402155416903,0.30686330119115146,0.04499905464170921,0.503403289846852,0.04358101720552089,0.5030251465305351,0.04358101720552089,0.5030251465305351,0.09614293817356778,0.7198903384382681,0.09434675742106258,0.7260351673284174,0.09434675742106258,0.7260351673284174,0.24900737379466817,0.8783323879750425,0.25912270750614486,0.8859897901304594,0.25912270750614486,0.8859897901304594
vit_tiny_lc_0_05,before_attention_token_mask,before_attention,token_mask,adaptive,0.4,vit,tiny,lc,0.5952716334362244,0.0,0.5952716334362244,0.37617490448954205,0.37617490448954205,0.013569543912551827,0.0003769317753486619,0.008920718683251665,0.003015454202789295,0.008920718683251665,0.003015454202789295,0.05201658499811534,0.006910415881392135,0.043849729865561,0.013569543912551827,0.043849729865561,0.013569543912551827,0.09460987561251413,0.043347154165096116,0.09247392888553839,0.031159693428822716,0.09247392888553839,0.031159693428822716,0.2540520165849981,0.27252167357708257,0.2399798969719814,0.09611760271390878,0.2399798969719814,0.09611760271390878
vit_cifar100_bpp_0_05,before_attention_norm_gaussian,before_attention_norm,gaussian,matched_sigma0.4,0.2,vit,cifar100,bpp,0.6480539960070059,0.0,0.6206481133043005,0.6921499954706694,0.6921499954706694,0.008843967150979154,0.0007580543272267846,0.010739102969046115,0.082122552116235,0.010739102969046115,0.082122552116235,0.061781427668982945,0.020593809222994315,0.05559065066329753,0.18408085912823752,0.05559065066329753,0.18408085912823752,0.11850915982312066,0.12861655085281112,0.104358812381554,0.24548325963360706,0.104358812381554,0.24548325963360706,0.27150979153506,0.34554643082754266,0.2634238787113076,0.4491471888818699,0.2634238787113076,0.4491471888818699
swin_cifar100_lc_0_01,pre_residual,pre_residual,dropout,adaptive,0.4,swin,cifar100,lc,0.8421395121651438,0.004206393718452047,0.8421395121651438,0.9155507047598677,0.9155507047598677,0.0131396083385976,0.01010739102969046,0.012507896399241946,0.02602653190145294,0.012507896399241946,0.02602653190145294,0.049273531269740996,0.3385975994946305,0.047757422615287426,0.42640555906506633,0.047757422615287426,0.42640555906506633,0.08780795957043588,0.4476310802274163,0.09778900821225521,0.7205306380290587,0.09778900821225521,0.7205306380290587,0.2348704990524321,0.7418825015792798,0.22779532533164876,0.9358180669614655,0.22779532533164876,0.9358180669614655
vit_tiny_lf_0_01,pre_residual_droppath,pre_residual,droppath,adaptive,0.3,vit,tiny,lf,0.7041194016052965,0.0,0.7041194016052965,0.8493475032654554,0.8493475032654554,0.015328558864178917,0.037441889684633745,0.015202914939062697,0.23734137454454077,0.015202914939062697,0.23734137454454077,0.06131423545671567,0.17075009423294385,0.05503203920090464,0.4480462369644428,0.05503203920090464,0.4480462369644428,0.1157180550320392,0.24802110817941952,0.1054152531725091,0.5503203920090464,0.1054152531725091,0.5503203920090464,0.26284709134313355,0.5503203920090464,0.2581982661138334,0.8055032039200904,0.2581982661138334,0.8055032039200904
vit_cifar10_adaptive_blend_0_01,mlp_neurons_channel_mask,mlp_neurons,channel_mask,matched_sigma0.2,0.5,vit,cifar10,adaptive_blend,0.4933202160493827,0.0,0.4933202160493827,0.37024159915123456,0.37024159915123456,0.009166666666666667,0.15444444444444444,0.01513888888888889,0.0,0.01513888888888889,0.0,0.05736111111111111,0.15722222222222224,0.065,0.0,0.065,0.0,0.11708333333333333,0.15875,0.11819444444444445,0.0005555555555555556,0.11819444444444445,0.0005555555555555556,0.25958333333333333,0.19402777777777777,0.26,0.03833333333333333,0.26,0.03833333333333333
vit_cifar100_blend_0_05,before_attention_norm_channel_mask,before_attention_norm,channel_mask,matched_sigma0.4,0.3,vit,cifar100,blend,0.7898012162549898,0.0,0.7898012162549898,0.823118853229333,0.823118853229333,0.006190777005685408,0.0,0.014024005053695514,0.03651295009475679,0.014024005053695514,0.03651295009475679,0.05281111813013266,0.18370183196462414,0.052179406190777,0.28477574226152874,0.052179406190777,0.28477574226152874,0.09930511686670879,0.34365129500947567,0.09753632343651295,0.3610865445356917,0.09753632343651295,0.3610865445356917,0.25887555274794694,0.6563487049905243,0.2509159823120657,0.7617182564750474,0.2509159823120657,0.7617182564750474
vit_tiny_lf_0_1,before_attention_residual_droppath,before_attention_residual,droppath,matched_sigma0.2,0.1,vit,tiny,lf,0.7551608609275192,0.0,0.7551608609275192,0.8340839054204816,0.8340839054204816,0.013443899987435608,0.0022615906520919715,0.006407840180927252,0.45382585751978893,0.006407840180927252,0.45382585751978893,0.05591154667671818,0.014323407463249152,0.051137077522301795,0.5821083050634502,0.051137077522301795,0.5821083050634502,0.10516396532227666,0.5562256564895087,0.10001256439251162,0.633245382585752,0.10001256439251162,0.633245382585752,0.2516647820077899,0.6969468526196758,0.24714160070360597,0.7225782133433849,0.24714160070360597,0.7225782133433849
vit_tiny_blend_0_1,mlp_norm_out_gain_scale,mlp_norm_out,gain_scale,adaptive,2.0,vit,tiny,blend,0.9961832993791636,0.0,0.9961832993791635,0.9996187427521697,0.9996187427521697,0.010679733634878754,0.9729865561000126,0.0121874607362734,0.9993717803744189,0.0121874607362734,0.9993717803744189,0.05088578967206935,0.9811534112325669,0.0596808644302048,0.9994974242995351,0.0596808644302048,0.9994974242995351,0.10064078401809272,0.9859278803869833,0.10868199522553085,0.9996230682246513,0.10868199522553085,0.9996230682246513,0.2411106922980274,0.9948485990702349,0.26020856891569294,0.9996230682246513,0.26020856891569294,0.9996230682246513
vit_cifar100_lc_0_05,before_mlp_residual_droppath,before_mlp_residual,droppath,matched_sigma0.8,0.4,vit,cifar100,lc,0.6373190272992938,0.0,0.6373190272992938,0.5283500107147603,0.5283500107147603,0.007959570435881238,0.004421983575489577,0.014024005053695514,0.0018951358180669614,0.014024005053695514,0.0018951358180669614,0.04838913455464308,0.04535691724573594,0.041819330385344286,0.010865445356917245,0.041819330385344286,0.010865445356917245,0.09311433986102337,0.12015161086544536,0.09589387239418826,0.05521162349968414,0.09589387239418826,0.05521162349968414,0.2488945041061276,0.3479469361970941,0.23701831964624132,0.18774478837650033,0.23701831964624132,0.18774478837650033
vit_tiny_bpp_0_1,before_mlp_channel_mask,before_mlp,channel_mask,matched_sigma0.8,0.4,vit,tiny,bpp,0.873358011574617,0.00011161960040183056,0.873358011574617,0.9282421638185562,0.928242171711754,0.013318256062319386,0.25769569041336854,0.01206181681115718,0.2688779997487121,0.01206181681115718,0.2688779997487121,0.05025757004648825,0.4121120743812037,0.05390124387485865,0.7091343133559492,0.05390124387485865,0.7091343133559492,0.10126900364367383,0.6083678854127403,0.10139464756879005,0.7675587385349918,0.10139464756879005,0.7675587385349918,0.2580726221887172,0.8253549440884533,0.2559366754617414,0.9615529589144365,0.2559366754617414,0.9615529589144365
vit_tiny_blend_0_05,pre_residual_droppath,pre_residual,droppath,matched_sigma0.2,0.05,vit,tiny,blend,0.6594760422577192,0.0,0.6594760422577192,0.7752510230334408,0.7752510230334408,0.009674582233948988,0.0,0.009548938308832768,0.06734514386229426,0.009548938308832768,0.06734514386229426,0.058927000879507474,0.0016333710265108682,0.048875486870209824,0.4134941575574821,0.048875486870209824,0.4134941575574821,0.1071742681241362,0.12463877371529086,0.09674582233948989,0.5481844452820707,0.09674582233948989,0.5481844452820707,0.2679984922728986,0.6365121246387737,0.25493152406081165,0.6593793190099259,0.25493152406081165,0.6593793190099259
swin_cifar100_blend_0_01,before_mlp_residual,before_mlp_residual,dropout,matched_sigma0.6,0.6,swin,cifar100,blend,0.9739535789494268,0.001514301738642737,0.9739535789494267,0.9859453072342791,0.9859454668582687,0.009602021478205939,0.0016424510423247,0.005180037902716361,0.00025268477574226153,0.005180037902716361,0.00025268477574226153,0.051547694251421354,0.9888818698673405,0.04902084649399874,0.992293114339861,0.04902084649399874,0.992293114339861,0.10044219835754896,0.9973468098547063,0.09930511686670879,0.9972204674668351,0.09930511686670879,0.9972204674668351,0.24472520530638028,0.9987365761212887,0.24409349336702463,0.9988629185091599,0.24409349336702463,0.9988629185091599
vit_tiny_lc_0_05,after_embedding_channel_mask,after_embedding,channel_mask,adaptive,0.6,vit,tiny,lc,0.5180466052610596,0.0,0.5180466052610596,0.48539623403843424,0.48539623403843424,0.008920718683251665,0.0032667420530217363,0.008920718683251665,0.0028898102776730747,0.008920718683251665,0.0028898102776730747,0.049754994346023367,0.017338861666038447,0.05000628219625581,0.023495413996733258,0.05000628219625581,0.023495413996733258,0.09423294383716548,0.037567533609749966,0.104787033546928,0.05000628219625581,0.104787033546928,0.05000628219625581,0.2505339866817439,0.1826862671189848,0.24802110817941952,0.18369141851991455,0.24802110817941952,0.18369141851991455
vit_gtsrb_wanet_0_1,before_mlp_residual_channel_mask,before_mlp_residual,channel_mask,adaptive,0.5,vit,gtsrb,wanet,0.9612609009784644,0.0,0.9612609009784645,0.9493290592557154,0.9493290592557154,0.013045944412932501,0.0570996407638495,0.007279258839100019,0.5434864813764416,0.007279258839100019,0.5434864813764416,0.0458498771034222,0.9289090565324258,0.038570618264322176,0.9222915484968803,0.038570618264322176,0.9222915484968803,0.09652108148988467,0.9688977122329363,0.08782378521459633,0.9237095859330686,0.08782378521459633,0.9237095859330686,0.25742106258271885,0.982889014936661,0.25600302514653056,0.9342030629608622,0.25600302514653056,0.9342030629608622
vit_cifar10_sig_0_05,before_mlp_token_mask,before_mlp,token_mask,matched_sigma0.8,0.8,vit,cifar10,sig,0.6159504050925927,0.0,0.6159504050925927,0.5111899016203704,0.5111899016203704,0.010277777777777778,0.03236111111111111,0.010555555555555556,0.0020833333333333333,0.010555555555555556,0.0020833333333333333,0.05277777777777778,0.1663888888888889,0.05708333333333333,0.024444444444444446,0.05708333333333333,0.024444444444444446,0.11513888888888889,0.2663888888888889,0.11958333333333333,0.05555555555555555,0.11958333333333333,0.05555555555555555,0.2701388888888889,0.3751388888888889,0.2638888888888889,0.15902777777777777,0.2638888888888889,0.15902777777777777
vit_cifar100_blend_0_05,after_embedding_channel_mask,after_embedding,channel_mask,matched_sigma0.2,0.1,vit,cifar100,blend,0.6325311536145455,0.0,0.6325311536145455,0.8057836320762811,0.8057836320762811,0.011118130132659507,0.0,0.015161086544535692,0.180669614655717,0.015161086544535692,0.180669614655717,0.04965255843335439,0.0,0.062160454832596336,0.6760581174984207,0.062160454832596336,0.6760581174984207,0.09778900821225521,0.0,0.11711939355653822,0.719772583701832,0.11711939355653822,0.719772583701832,0.25900189513581806,0.6612760581174985,0.2576121288692356,0.7269740998104864,0.2576121288692356,0.7269740998104864
vit_cifar100_adaptive_blend_0_01,before_attention_residual_droppath,before_attention_residual,droppath,matched_sigma0.4,0.2,vit,cifar100,adaptive_blend,0.5906194727699431,0.0,0.5906194727699431,0.516494202257163,0.516494202257163,0.010739102969046115,0.08717624763108023,0.010360075805432722,0.00012634238787113077,0.010360075805432722,0.00012634238787113077,0.04826279216677195,0.1523689197725837,0.04535691724573594,0.0012634238787113076,0.04535691724573594,0.0012634238787113076,0.10574857864813644,0.16614024005053696,0.10296904611497157,0.011244472520530638,0.10296904611497157,0.011244472520530638,0.259886291850916,0.3388502842703727,0.25950726468730256,0.24472520530638028,0.25950726468730256,0.24472520530638028
vit_tiny_wanet_0_05,after_embedding_channel_mask,after_embedding,channel_mask,matched_sigma0.4,0.2,vit,tiny,wanet,0.5161992891038618,0.0,0.5161992891038618,0.6063602110458012,0.6063602110458012,0.013443899987435608,0.005653976630229929,0.012690036436738284,0.024877497173011683,0.012690036436738284,0.024877497173011683,0.04925241864555849,0.015077271013946476,0.0444779494911421,0.09762532981530343,0.0444779494911421,0.09762532981530343,0.10152029149390628,0.051890941072999124,0.08807639150647066,0.16371403442643548,0.08807639150647066,0.16371403442643548,0.24714160070360597,0.2868450810403317,0.25656489508732255,0.33144867445659004,0.25656489508732255,0.33144867445659004
vit_cifar100_bpp_0_005,before_mlp_residual,before_mlp_residual,dropout,adaptive,0.4,vit,cifar100,bpp,0.936581053669975,0.0,0.936581053669975,0.9449508577594619,0.9449508577594619,0.012634238787113077,0.4713834491471889,0.014024005053695514,0.6438408085912823,0.014024005053695514,0.6438408085912823,0.055716993051168666,0.7600758054327227,0.05369551484523057,0.8490208464939988,0.05369551484523057,0.8490208464939988,0.10675931775110549,0.8488945041061277,0.0981680353758686,0.8955148452305749,0.0981680353758686,0.8955148452305749,0.2591282375236892,0.9403663929248263,0.26355022109917875,0.94301958307012,0.26355022109917875,0.94301958307012
vit_cifar100_lc_0_1,before_attention_norm_gaussian,before_attention_norm,gaussian,matched_sigma0.2,0.2,vit,cifar100,lc,0.4077433996477896,0.0,0.39223663937229464,0.3763374036120515,0.3763374036120515,0.006190777005685408,0.019077700568540745,0.009854706253948199,0.0,0.009854706253948199,0.0,0.04472520530638029,0.054958938723941884,0.05281111813013266,0.0,0.05281111813013266,0.0,0.10499052432090966,0.055337965887555275,0.09854706253948199,0.0,0.09854706253948199,0.0,0.2542008843967151,0.06001263423878711,0.2660770688566014,0.008085912823752369,0.2660770688566014,0.008085912823752369
vit_cifar100_blend_0_1,mlp_neurons_channel_mask,mlp_neurons,channel_mask,matched_sigma0.6,0.5,vit,cifar100,blend,0.8618076698528945,0.0,0.8618076698528945,0.8930196030231188,0.8930196030231188,0.011370814908401769,0.1244472520530638,0.008085912823752369,0.2919772583701832,0.008085912823752369,0.2919772583701832,0.05609602021478206,0.4089703095388503,0.05281111813013266,0.41541377132027796,0.05281111813013266,0.41541377132027796,0.10726468730259002,0.4451042324699937,0.10246367656348705,0.4784586228679722,0.10246367656348705,0.4784586228679722,0.25129500947567907,0.875426405559065,0.25900189513581806,0.8851547694251422,0.25900189513581806,0.8851547694251422
vit_tiny_lc_0_1,after_embedding_token_mask,after_embedding,token_mask,matched_sigma0.2,0.2,vit,tiny,lc,0.4471339963966919,0.0,0.44713399639669194,0.41029843849969816,0.41029843849969816,0.009925870084181429,0.013569543912551827,0.0079155672823219,0.0005025757004648825,0.0079155672823219,0.0005025757004648825,0.04573438874230431,0.07500942329438372,0.05792184947857771,0.006407840180927252,0.05792184947857771,0.006407840180927252,0.08594044477949492,0.14788289986179168,0.10667169242367132,0.016459354190224904,0.10667169242367132,0.016459354190224904,0.2357080035180299,0.23646186706872724,0.25769569041336854,0.06646563638648072,0.25769569041336854,0.06646563638648072
vit_tiny_badnet_a2o_0_01,before_attention_residual_droppath,before_attention_residual,droppath,matched_sigma0.4,0.2,vit,tiny,badnet_a2o,0.7591996840321285,0.0,0.7591996840321285,0.8127097725889156,0.8127097725889156,0.010931021485111195,0.0007538635506973238,0.010679733634878754,0.02223897474557105,0.010679733634878754,0.02223897474557105,0.04133685136323659,0.21045357456966957,0.04158813921346903,0.29023746701846964,0.04158813921346903,0.29023746701846964,0.09310214851111949,0.3715290865686644,0.10390752607111446,0.3962809398165599,0.10390752607111446,0.3962809398165599,0.24814675210453574,0.6211835657745948,0.2442517904259329,0.6716924236713155,0.2442517904259329,0.6716924236713155
vit_tiny_lc_0_1,before_mlp_channel_mask,before_mlp,channel_mask,adaptive,0.5,vit,tiny,lc,0.6236049226465811,0.0,0.6236049226465811,0.6445624288102609,0.6445624288102609,0.012941324286970726,0.0158311345646438,0.016961929890689786,0.04284457846463124,0.016961929890689786,0.04284457846463124,0.0560371906018344,0.05151400929765046,0.056791054152531724,0.13720316622691292,0.056791054152531724,0.13720316622691292,0.10742555597436863,0.121874607362734,0.10830506345018219,0.27340118105289607,0.10830506345018219,0.27340118105289607,0.25191606985802234,0.3495413996733258,0.24689031285337354,0.5020731247644177,0.24689031285337354,0.5020731247644177
vit_cifar100_sig_0_01_evade_l1,before_attention_norm,before_attention_norm,dropout,oracle,0.7,vit,cifar100,sig,0.5984626693361119,0.0,0.5984626693361119,0.4328093862098441,0.4328093862098441,0.013518635502210993,0.03550221099178774,0.015413771320277953,0.009349336702463677,0.015413771320277953,0.009349336702463677,0.05028427037271004,0.11017056222362602,0.057612128869235626,0.035375868603916616,0.057612128869235626,0.035375868603916616,0.10296904611497157,0.19557801642451042,0.11345546430827542,0.0702463676563487,0.11345546430827542,0.0702463676563487,0.23562855337965888,0.3651295009475679,0.25533796588755525,0.18445988629185092,0.25533796588755525,0.18445988629185092
vit_cifar100_blend_0_1,before_attention_norm_gaussian,before_attention_norm,gaussian,oracle,0.5,vit,cifar100,blend,0.9829944901789348,0.0,0.9819970716979084,0.9946323959281517,0.9946323959281517,0.013897662665824383,0.7126974099810487,0.008085912823752369,0.7777637397346809,0.008085912823752369,0.7777637397346809,0.05331648768161718,0.8903348073278585,0.05293746051800379,1.0,0.05293746051800379,1.0,0.10360075805432722,0.9644977890082123,0.10082122552116235,1.0,0.10082122552116235,1.0,0.2620341124447252,1.0,0.24775742261528744,1.0,0.24775742261528744,1.0
vit_tiny_adaptive_blend_0_05,both_sublayer_inputs,both_sublayer_inputs,dropout,oracle,0.4,vit,tiny,adaptive_blend,0.8749508904955967,0.0,0.8749508904955967,0.9441659487408463,0.9441659487408463,0.006407840180927252,0.12350797838924488,0.008669430833019224,0.8276165347405453,0.008669430833019224,0.8276165347405453,0.05503203920090464,0.37190601834401305,0.04284457846463124,0.9151903505465511,0.04284457846463124,0.9151903505465511,0.10026385224274406,0.4739288855383842,0.1011433597185576,0.9259957281065461,0.1011433597185576,0.9259957281065461,0.2483980399547682,0.865561000125644,0.259705993215228,0.9308958411860786,0.259705993215228,0.9308958411860786
vit_cifar100_sig_0_05_evade_l1,before_attention_norm_token_mask,before_attention_norm,token_mask,matched_sigma0.4,0.3,vit,cifar100,sig,0.3061642075925949,0.0,0.3061642075925949,0.20020334500051679,0.20020334500051679,0.005685407454200884,0.0008843967150979153,0.013392293114339862,0.0,0.013392293114339862,0.0,0.052305748578648135,0.0035375868603916612,0.05609602021478206,0.0015161086544535692,0.05609602021478206,0.0015161086544535692,0.09804169298799748,0.007959570435881238,0.09879974731522426,0.006696146557169931,0.09879974731522426,0.006696146557169931,0.260897030953885,0.0427037271004422,0.25698041692988,0.03322804801010739,0.25698041692988,0.03322804801010739
vit_cifar100_lc_0_05,before_mlp_residual_channel_mask,before_mlp_residual,channel_mask,oracle,0.7,vit,cifar100,lc,0.7756972395824395,0.0,0.7756972395824395,0.6915552444661356,0.6915552444661356,0.007580543272267846,0.0007580543272267846,0.006696146557169931,0.024131396083385975,0.006696146557169931,0.024131396083385975,0.043588123815540114,0.06683512318382817,0.03575489576753001,0.14895767530006318,0.03575489576753001,0.14895767530006318,0.10233733417561591,0.20758054327226785,0.08528111181301326,0.2969046114971573,0.08528111181301326,0.2969046114971573,0.23423878711307644,0.5891345546430827,0.2200884396715098,0.515982312065698,0.2200884396715098,0.515982312065698
swin_cifar10_bpp_0_05,before_mlp_residual,before_mlp_residual,dropout,adaptive,0.6,swin,cifar10,bpp,0.9964714216820988,0.0,0.9964714216820988,0.9994520447530864,0.9994520447530864,0.0030555555555555557,0.00125,0.0001388888888888889,0.99625,0.0001388888888888889,0.99625,0.003472222222222222,0.9990277777777777,0.0008333333333333334,0.9991666666666666,0.0008333333333333334,0.9991666666666666,0.008055555555555555,0.9994444444444445,0.007083333333333333,0.9994444444444445,0.007083333333333333,0.9994444444444445,0.15930555555555556,0.9994444444444445,0.15916666666666668,0.9994444444444445,0.15916666666666668,0.9994444444444445
vit_tiny_lf_0_1,attention_heads_head_mask,attention_heads,head_mask,adaptive,0.5,vit,tiny,lf,0.7805995881550315,0.0,0.7805995881550315,0.9074204916985578,0.9074204916985578,0.008669430833019224,0.09976127654227918,0.013569543912551827,0.35293378565146377,0.013569543912551827,0.35293378565146377,0.05993215228043724,0.3087071240105541,0.060434727980902124,0.6868953386103782,0.060434727980902124,0.6868953386103782,0.10667169242367132,0.3937680613142355,0.11194873727855258,0.7572559366754618,0.11194873727855258,0.7572559366754618,0.2661138333961553,0.7361477572559367,0.25870084181429825,0.8797587636637768,0.25870084181429825,0.8797587636637768
vit_tiny_bpp_0_05_evade_l1,before_attention_norm,before_attention_norm,dropout,matched_sigma0.4,0.3,vit,tiny,bpp,0.7803917444663669,0.0,0.7803917444663669,0.8567956511510232,0.8567956511510232,0.010805377559994974,0.0008795074758135445,0.008292499057670561,0.22992838296268375,0.008292499057670561,0.22992838296268375,0.04171378313858525,0.0032667420530217363,0.05226787284834778,0.4808393014197764,0.05226787284834778,0.4808393014197764,0.09071491393391129,0.37869079030028896,0.1011433597185576,0.5675336097499686,0.1011433597185576,0.5675336097499686,0.25191606985802234,0.6982032918708381,0.2541776605101143,0.7581354441512753,0.2541776605101143,0.7581354441512753
vit_gtsrb_badnet_a2a_0_05,mlp_neurons_token_mask,mlp_neurons,token_mask,oracle,0.7,vit,gtsrb,badnet_a2a,0.7466993076801223,0.0,0.7466993076801223,0.4811472925363439,0.4811472925363439,0.01006585136406397,0.034148635936030104,0.009783631232361242,0.029256820319849483,0.009783631232361242,0.029256820319849483,0.047318908748824086,0.10112888052681092,0.04891815616180621,0.0671683913452493,0.04891815616180621,0.0671683913452493,0.1070555032925682,0.23640639698965193,0.09943555973659454,0.15785512699905926,0.09943555973659454,0.15785512699905926,0.2579492003762935,0.5570084666039511,0.2684854186265287,0.2777046095954845,0.2684854186265287,0.2777046095954845
vit_tiny_badnet_a2a_0_1,before_mlp_residual_droppath,before_mlp_residual,droppath,matched_sigma0.2,0.1,vit,tiny,badnet_a2a,0.4651689296875,0.0,0.4651689296875,0.411910046875,0.411910046875,0.006375,0.007375,0.011125,0.0,0.011125,0.0,0.04375,0.062625,0.04975,0.00125,0.04975,0.00125,0.095125,0.09,0.1045,0.016875,0.1045,0.016875,0.2385,0.19475,0.239625,0.160875,0.239625,0.160875
swin_cifar100_wanet_0_1_evade_l1,pre_residual,pre_residual,dropout,matched_sigma0.2,0.1,swin,cifar100,wanet,0.0876493013058439,0.0002243409983174425,0.08764930130584395,0.10787228803829699,0.10787228803829699,0.014403032217308907,0.011370814908401769,0.010991787744788376,0.00012634238787113077,0.010991787744788376,0.00012634238787113077,0.06089703095388503,0.029185091598231207,0.05445356917245736,0.0029058749210360076,0.05445356917245736,0.0029058749210360076,0.11206569804169299,0.04118761844598863,0.11067593177511055,0.007201516108654453,0.11067593177511055,0.007201516108654453,0.2629185091598231,0.04371446620341125,0.2578648136449779,0.020846493998736577,0.2578648136449779,0.020846493998736577
vit_tiny_bpp_0_05,before_attention_residual_channel_mask,before_attention_residual,channel_mask,matched_sigma0.6,0.4,vit,tiny,bpp,0.887247151072541,0.0,0.887247151072541,0.9157196052561184,0.9157196052561184,0.008795074758135445,0.21899736147757257,0.010931021485111195,0.2834526950621937,0.010931021485111195,0.2834526950621937,0.05528332705113708,0.5319763789420782,0.05729362985299661,0.5909033798215856,0.05729362985299661,0.5909033798215856,0.10327930644553336,0.682246513381078,0.10654604849855509,0.787536122628471,0.10654604849855509,0.787536122628471,0.2571931147129036,0.8703354692800603,0.26938057544917704,0.9161955019474809,0.26938057544917704,0.9161955019474809
vit_cifar100_adaptive_blend_0_1,pre_residual,pre_residual,dropout,matched_sigma0.4,0.2,vit,cifar100,adaptive_blend,0.7783155039987806,0.0,0.7783155039987806,0.7833854651981791,0.7833854651981791,0.012760581174984208,0.06708780795957044,0.014024005053695514,0.03246999368288061,0.014024005053695514,0.03246999368288061,0.05849652558433354,0.2803537586860392,0.055716993051168666,0.22324699936828807,0.055716993051168666,0.22324699936828807,0.11484523057485786,0.4202147820593809,0.11535060012634239,0.40303221730890715,0.11535060012634239,0.40303221730890715,0.26355022109917875,0.6372710044219836,0.2632975363234365,0.6471257106759317,0.2632975363234365,0.6471257106759317
vit_tiny_lc_0_1,pre_residual,pre_residual,dropout,adaptive,0.4,vit,tiny,lc,0.5927047812462541,0.0,0.5927047812462541,0.5566572881267154,0.5566572881267154,0.014700339238597813,0.0012564392511622063,0.008418142982786782,0.006533484106043473,0.008418142982786782,0.006533484106043473,0.051262721447418017,0.0062821962558110315,0.05930393265485614,0.04347279809021234,0.05930393265485614,0.04347279809021234,0.09398165598693303,0.04246764668928257,0.10591782887297399,0.0925995728106546,0.10591782887297399,0.0925995728106546,0.23771830631988944,0.2404824726724463,0.26045985676592537,0.2847091343133559,0.26045985676592537,0.2847091343133559
vit_cifar10_wanet_0_05,both_sublayer_inputs,both_sublayer_inputs,dropout,matched_sigma0.2,0.1,vit,cifar10,wanet,0.3689755594135803,0.0,0.3689755594135803,0.3262556712962963,0.3262556712962963,0.006666666666666667,0.02388888888888889,0.0031944444444444446,0.0,0.0031944444444444446,0.0,0.04777777777777778,0.09458333333333334,0.02861111111111111,0.0,0.02861111111111111,0.0,0.10069444444444445,0.10041666666666667,0.09513888888888888,0.0018055555555555555,0.09513888888888888,0.0018055555555555555,0.25416666666666665,0.11680555555555555,0.2638888888888889,0.04555555555555556,0.2638888888888889,0.04555555555555556
vit_cifar10_wanet_0_05,attention_norm_out_gain_scale,attention_norm_out,gain_scale,matched_sigma0.8,3.0,vit,cifar10,wanet,0.8835350694444445,0.0,0.8835350694444445,0.8603176311728394,0.8603176311728394,0.005277777777777778,0.04527777777777778,0.0016666666666666668,0.04138888888888889,0.0016666666666666668,0.04138888888888889,0.02638888888888889,0.21930555555555556,0.009166666666666667,0.27208333333333334,0.009166666666666667,0.27208333333333334,0.05125,0.44055555555555553,0.03638888888888889,0.5316666666666666,0.03638888888888889,0.5316666666666666,0.1713888888888889,0.8211111111111111,0.1763888888888889,0.77125,0.1763888888888889,0.77125
vit_gtsrb_blend_0_01,before_mlp_residual_droppath,before_mlp_residual,droppath,matched_sigma0.2,0.1,vit,gtsrb,blend,0.5889432903351709,0.0,0.5889432903351709,0.5839993158172687,0.5839993158172687,0.012667801096615618,0.003970504821327283,0.016354698430705236,0.0,0.016354698430705236,0.0,0.05681603327661183,0.06144828890149367,0.057005104934770276,0.00274153904329741,0.057005104934770276,0.00274153904329741,0.10285498203819247,0.17252788806957836,0.1034221970126678,0.10190962374740027,0.1034221970126678,0.10190962374740027,0.25382870107770844,0.42465494422386085,0.2541123085649461,0.4239931934203063,0.2541123085649461,0.4239931934203063
swin_cifar100_bpp_0_01,before_mlp_residual,before_mlp_residual,dropout,matched_sigma0.2,0.4,swin,cifar100,bpp,0.8752276736918516,0.004262478968031408,0.8752276736918516,0.9271988264444275,0.9271992095420027,0.008970309538850285,0.0008843967150979153,0.007201516108654453,0.0,0.007201516108654453,0.0,0.046620341124447254,0.005432722678458623,0.04826279216677195,0.02488945041061276,0.04826279216677195,0.02488945041061276,0.09134554643082754,0.041692987997473153,0.09804169298799748,0.974857864813645,0.09804169298799748,0.974857864813645,0.2545799115603285,0.9931775110549589,0.265698041692988,0.9924194567277321,0.265698041692988,0.9924194567277321
vit_cifar10_bpp_0_1,before_mlp,before_mlp,dropout,adaptive,0.6,vit,cifar10,bpp,0.992673784722222,0.0,0.9926737847222221,0.9966267168209876,0.9966267168209876,0.002916666666666667,0.43972222222222224,0.001388888888888889,0.5568055555555556,0.001388888888888889,0.5568055555555556,0.009166666666666667,0.8647222222222222,0.00625,0.8951388888888889,0.00625,0.8951388888888889,0.03222222222222222,0.9644444444444444,0.014722222222222222,0.9855555555555555,0.014722222222222222,0.9855555555555555,0.16708333333333333,0.9979166666666667,0.15541666666666668,0.9976388888888889,0.15541666666666668,0.9976388888888889
vit_tiny_blend_0_05,after_embedding_token_mask,after_embedding,token_mask,adaptive,0.6,vit,tiny,blend,0.4581231986439611,0.001004576403616475,0.45812319864396117,0.5998483069429785,0.5998483069429785,0.01005151400929765,0.0,0.013318256062319386,0.10868199522553085,0.013318256062319386,0.10868199522553085,0.054655107425555974,0.20680990074129915,0.05076014574695314,0.22100766427943208,0.05076014574695314,0.22100766427943208,0.09850483729111698,0.24940319135569794,0.11257695690413369,0.30179670812916193,0.11257695690413369,0.30179670812916193,0.271642166101269,0.3319512501570549,0.260836788541274,0.43648699585375045,0.260836788541274,0.43648699585375045
swin_cifar100_blend_0_01_evade_l1,before_attention_norm_token_mask,before_attention_norm,token_mask,oracle,0.4,swin,cifar100,blend,0.8814244046723538,0.0,0.8814244046723538,0.9821846618106389,0.9821846618106389,0.008591282375236892,0.0,0.007833228048010107,0.030574857864813645,0.007833228048010107,0.030574857864813645,0.05104232469993683,0.015919140871762476,0.05104232469993683,0.986481364497789,0.05104232469993683,0.986481364497789,0.09791535060012634,0.2996841440303222,0.10385344283006949,0.9991156032849021,0.10385344283006949,0.9991156032849021,0.25407454200884394,0.9931775110549589,0.252179406190777,0.9994946304485155,0.252179406190777,0.9994946304485155
vit_cifar100_blend_0_1,before_mlp_norm_token_mask,before_mlp_norm,token_mask,matched_sigma0.6,0.3,vit,cifar100,blend,0.9711354573167448,0.0,0.9711354573167447,0.9999085753598823,0.9999085753598823,0.009854706253948199,0.0,0.00833859759949463,0.9991156032849021,0.00833859759949463,0.9991156032849021,0.055337965887555275,0.9998736576121289,0.051547694251421354,1.0,0.051547694251421354,1.0,0.10536955148452305,1.0,0.09879974731522426,1.0,0.09879974731522426,1.0,0.2439671509791535,1.0,0.24156664560960203,1.0,0.24156664560960203,1.0
vit_tiny_bpp_0_1_evade_l1,mlp_norm_out_gain_scale,mlp_norm_out,gain_scale,matched_sigma0.6,1.0,vit,tiny,bpp,0.9331592314873054,0.0005580980020091528,0.9331592314873054,0.9781596712173637,0.9781596870037594,0.007664279432089458,0.0003769317753486619,0.011684885035808518,0.4312099509988692,0.011684885035808518,0.4312099509988692,0.05578590275160196,0.6149013695187837,0.05528332705113708,0.9802739037567534,0.05528332705113708,0.9802739037567534,0.10805377559994975,0.9807764794572182,0.10742555597436863,0.9809021233823345,0.10742555597436863,0.9809021233823345,0.26334966704359847,0.9834150018846589,0.24676466892825732,0.9831637140344265,0.24676466892825732,0.9831637140344265
vit_tiny_badnet_a2a_0_1,after_mlp_residual_token_mask,after_mlp_residual,token_mask,oracle,0.9,vit,tiny,badnet_a2a,0.629415921875,0.0,0.629415921875,0.48435393750000005,0.48435393750000005,0.013375,0.02625,0.014875,0.0145,0.014875,0.0145,0.051,0.089625,0.047125,0.05375,0.047125,0.05375,0.102625,0.158875,0.107,0.1155,0.107,0.1155,0.25925,0.358,0.249875,0.238,0.249875,0.238
vit_tiny_blend_0_05,mlp_neurons_channel_mask,mlp_neurons,channel_mask,oracle,0.6,vit,tiny,blend,0.7811314160471335,0.0,0.7811314160471335,0.870218728882242,0.870218728882242,0.010177157934413872,0.14084684005528333,0.011559241110692299,0.1632114587259706,0.011559241110692299,0.1632114587259706,0.04460359341625832,0.20128156803618544,0.0487498429450936,0.47895464254303305,0.0487498429450936,0.47895464254303305,0.10101771579344139,0.48573941449930896,0.10026385224274406,0.5824852368387988,0.10026385224274406,0.5824852368387988,0.2711395904008041,0.6307325040834275,0.25920341751476317,0.8827742178665662,0.25920341751476317,0.8827742178665662
vit_cifar100_wanet_0_1,before_mlp_norm_channel_mask,before_mlp_norm,channel_mask,oracle,0.6,vit,cifar100,wanet,0.8187465685830457,0.0,0.8187465685830457,0.9446420172641325,0.9446420172641325,0.0114971572962729,0.0029058749210360076,0.0114971572962729,0.5653821857233101,0.0114971572962729,0.5653821857233101,0.05281111813013266,0.03145925457991156,0.046999368288060644,0.9052432090966519,0.046999368288060644,0.9052432090966519,0.09412507896399241,0.0936197094125079,0.09740998104864182,0.9132027795325331,0.09740998104864182,0.9132027795325331,0.2377763739734681,0.8845230574857865,0.2545799115603285,0.9296272899557801,0.2545799115603285,0.9296272899557801
vit_cifar100_badnet_a2o_0_1,both_sublayer_inputs,both_sublayer_inputs,dropout,matched_sigma0.6,0.2,vit,cifar100,badnet_a2o,0.6492239440773314,0.0,0.6492239440773314,0.7085019647717836,0.7085019647717836,0.009728363866077068,0.0,0.014024005053695514,0.08389134554643082,0.014024005053695514,0.08389134554643082,0.06468730259001895,0.2065698041692988,0.06531901452937461,0.22362602653190145,0.06531901452937461,0.22362602653190145,0.1211623499684144,0.24788376500315856,0.1211623499684144,0.2539481996209728,0.1211623499684144,0.2539481996209728,0.2645609602021478,0.2822488945041061,0.27820593809222993,0.6560960202147821,0.27820593809222993,0.6560960202147821
vit_tiny_badnet_a2a_0_01_evade_l1,before_attention_norm,before_attention_norm,dropout,oracle,0.9,vit,tiny,badnet_a2a,0.5009653984375,0.0,0.5009653984375,0.49944139062500004,0.49944139062500004,0.009875,0.01025,0.013375,0.013625,0.013375,0.013625,0.05225,0.052875,0.051,0.05075,0.051,0.05075,0.0945,0.0975,0.1185,0.1185,0.1185,0.1185,0.248125,0.25125,0.261625,0.262125,0.261625,0.262125
vit_gtsrb_lf_0_01,after_embedding_token_mask,after_embedding,token_mask,matched_sigma0.2,0.4,vit,gtsrb,lf,0.4089057782536563,0.0,0.40890577825365637,0.3881822474189074,0.3881822474189074,0.012289657780298733,0.012478729438457176,0.013613159387407828,0.0023633957269805256,0.013613159387407828,0.0023633957269805256,0.05520892418226508,0.016921913405180563,0.05000945358290792,0.0050103989411987146,0.05000945358290792,0.0050103989411987146,0.09878994138778598,0.02958971450179618,0.10228776706371714,0.006144828890149366,0.10228776706371714,0.006144828890149366,0.24768387218755908,0.17923993193420307,0.24588769143505387,0.04509359047078843,0.24588769143505387,0.04509359047078843
vit_cifar10_adaptive_blend_0_005,post_residual,post_residual,dropout,matched_sigma0.6,0.07,vit,cifar10,adaptive_blend,0.6453011766975308,0.0,0.6453011766975308,0.3946838348765432,0.3946838348765432,0.010416666666666666,0.03916666666666667,0.011944444444444445,0.0,0.011944444444444445,0.0,0.059305555555555556,0.18069444444444444,0.060833333333333336,0.0001388888888888889,0.060833333333333336,0.0001388888888888889,0.11569444444444445,0.2723611111111111,0.11777777777777777,0.002638888888888889,0.11777777777777777,0.002638888888888889,0.2798611111111111,0.4816666666666667,0.2863888888888889,0.09375,0.2863888888888889,0.09375
vit_gtsrb_badnet_a2a_0_05,before_mlp_residual,before_mlp_residual,dropout,matched_sigma0.4,0.3,vit,gtsrb,badnet_a2a,0.3930727214640402,0.0,0.3930727214640402,0.3316573463519795,0.3316573463519795,0.009313264346190028,0.020696142991533398,0.007808090310442145,0.0009407337723424271,0.007808090310442145,0.0009407337723424271,0.045625587958607716,0.03998118532455315,0.04082784571966134,0.012229539040451553,0.04082784571966134,0.012229539040451553,0.08927563499529634,0.05879586077140169,0.08523047977422389,0.026152398871119472,0.08523047977422389,0.026152398871119472,0.24346190028222015,0.10743179680150518,0.2409219190968956,0.07046095954844779,0.2409219190968956,0.07046095954844779
vit_tiny_bpp_0_1,before_attention_norm_token_mask,before_attention_norm,token_mask,matched_sigma0.6,0.4,vit,tiny,bpp,0.9761229577751322,0.0,0.9761229577751322,0.9943911724620973,0.9943911724620973,0.010177157934413872,0.0018846588767433095,0.00980022615906521,0.964694057042342,0.00980022615906521,0.964694057042342,0.04988063827113959,0.9781379570297776,0.04862419901997738,0.9793943962809398,0.04862419901997738,0.9793943962809398,0.10038949616786029,0.9860535243120995,0.09950998869204673,0.9865561000125644,0.09950998869204673,0.9865561000125644,0.2527955773338359,0.9927126523432592,0.2607111446161578,0.9943460233697701,0.2607111446161578,0.9943460233697701
vit_gtsrb_badnet_a2a_0_1,attention_heads_head_mask,attention_heads,head_mask,oracle,0.9,vit,gtsrb,badnet_a2a,0.5615155946756061,0.0,0.5615155946756061,0.5134781529404789,0.5134781529404789,0.006491063029162747,0.009313264346190028,0.009971777986829727,0.01110065851364064,0.009971777986829727,0.01110065851364064,0.04477892756349953,0.07121354656632173,0.049388523047977424,0.05305738476011289,0.049388523047977424,0.05305738476011289,0.0947318908748824,0.1354656632173095,0.09341486359360301,0.09896519285042334,0.09341486359360301,0.09896519285042334,0.2398871119473189,0.30583254938852306,0.24120413922859832,0.24666039510818438,0.24120413922859832,0.24666039510818438
vit_tiny_badnet_a2o_0_05,pre_residual,pre_residual,dropout,matched_sigma0.2,0.1,vit,tiny,badnet_a2o,0.7467351089018998,0.0,0.7467351089018998,0.8218537109104566,0.8218537109104566,0.010931021485111195,0.0,0.006407840180927252,0.09976127654227918,0.006407840180927252,0.09976127654227918,0.048372911169744945,0.00025128785023244125,0.046865184068350295,0.4755622565648951,0.046865184068350295,0.4755622565648951,0.09121748963437618,0.36801105666541023,0.1054152531725091,0.6465636386480713,0.1054152531725091,0.6465636386480713,0.24990576705616283,0.7227038572685011,0.2483980399547682,0.753360974996859,0.2483980399547682,0.753360974996859
vit_gtsrb_badnet_a2o_0_05,before_mlp_channel_mask,before_mlp,channel_mask,matched_sigma0.2,0.2,vit,gtsrb,badnet_a2o,0.6566985435977115,0.0,0.6566985435977115,0.638635738775966,0.638635738775966,0.012289657780298733,0.3711476649650217,0.008980903762525997,0.0,0.008980903762525997,0.0,0.047551522026848175,0.5032142181886935,0.049347702779353374,0.05908489317451314,0.049347702779353374,0.05908489317451314,0.09273964832671583,0.5152202684817546,0.09793911892607299,0.4671960673095103,0.09793911892607299,0.4671960673095103,0.24248440158820192,0.5180563433541312,0.24238986575912272,0.5178672716959728,0.24238986575912272,0.5178672716959728
vit_tiny_lc_0_05,before_attention_channel_mask,before_attention,channel_mask,oracle,0.6,vit,tiny,lc,0.6238579154275727,0.0,0.6238579154275727,0.5870300297189954,0.5870300297189954,0.012564392511622063,0.0007538635506973238,0.013695187837668049,0.11257695690413369,0.013695187837668049,0.11257695690413369,0.05088578967206935,0.011182309335343636,0.0596808644302048,0.22113330820454832,0.0596808644302048,0.22113330820454832,0.09486116346274658,0.05427817565020731,0.1084307073752984,0.27880386983289357,0.1084307073752984,0.27880386983289357,0.2521673577082548,0.31398416886543534,0.2515391380826737,0.40394521924864935,0.2515391380826737,0.40394521924864935
vit_tiny_blend_0_01,before_mlp_channel_mask,before_mlp,channel_mask,adaptive,0.5,vit,tiny,blend,0.8146241493559758,0.0,0.8146241493559758,0.9403017705342847,0.9403017705342847,0.013695187837668049,0.09775097374041965,0.014323407463249152,0.4387485865058424,0.014323407463249152,0.4387485865058424,0.050508857896720695,0.36424173891192363,0.05779620555346149,0.7965824852368388,0.05779620555346149,0.7965824852368388,0.10365623822088202,0.43007915567282323,0.10265108681995226,0.8354064580977509,0.10265108681995226,0.8354064580977509,0.25744440256313605,0.814926498303807,0.24286970724965448,0.9227289860535243,0.24286970724965448,0.9227289860535243
vit_gtsrb_badnet_a2o_0_01,attention_heads_head_mask,attention_heads,head_mask,matched_sigma0.2,0.4,vit,gtsrb,badnet_a2o,0.6699027894986834,0.0,0.6699027894986834,0.6711400801136189,0.6711400801136189,0.007941009642654566,0.2077897523161278,0.008508224617129892,0.19493287956135374,0.008508224617129892,0.19493287956135374,0.05048213272830403,0.27793533749290983,0.052183777651730004,0.2775571941765929,0.052183777651730004,0.2775571941765929,0.10219323123463793,0.32066553223671773,0.10238230289279637,0.3201928530913216,0.10238230289279637,0.3201928530913216,0.24201172244280583,0.43335224049914917,0.24210625827188503,0.4329740971828323,0.24210625827188503,0.4329740971828323
